book,slug,video_url,chapter,section,start,end,start_sec,end_sec,minutes,words,words_per_min,book_median_wpm,how_unusual,flag
Мелкий бес,melkiy-bes,https://youtu.be/3CIe0i5_fXs,1,Глава 2,0:00:19,0:26:06,19,1566,25.8,2988,116,108,+0.7,
Мелкий бес,melkiy-bes,https://youtu.be/qYPtDfvkvTQ,2,Глава 3,0:00:14,0:27:20,14,1640,27.1,3051,113,108,+0.4,
Мелкий бес,melkiy-bes,https://youtu.be/JXwsPvAUJq0,3,Глава 4,0:00:24,0:14:43,24,883,14.3,1669,117,108,+0.8,
Мелкий бес,melkiy-bes,https://youtu.be/PbQnQfg85e0,4,Глава 5,0:00:46,0:20:02,46,1202,19.3,2365,123,108,+1.4,
Мелкий бес,melkiy-bes,https://youtu.be/FdoVMEsu3xs,5,Глава 6,0:00:05,0:25:48,5,1548,25.7,2779,108,108,+0.0,
Мелкий бес,melkiy-bes,https://youtu.be/ybckP6UE7lY,6,Глава 7,0:00:06,0:27:05,6,1625,27.0,2852,106,108,-0.2,
Мелкий бес,melkiy-bes,https://youtu.be/-0l0xzzIQ9Y,7,Глава 8,0:00:04,0:15:18,4,918,15.2,1577,104,108,-0.4,
Мелкий бес,melkiy-bes,https://youtu.be/IMOgnJo_dns,10,Глава 11,0:00:13,0:25:13,13,1513,25.0,2751,110,108,+0.2,
Мелкий бес,melkiy-bes,https://youtu.be/sPbY5jGcWFs,11,Глава 12,0:00:05,0:20:56,5,1256,20.9,2502,120,108,+1.1,
Мелкий бес,melkiy-bes,https://youtu.be/X4ysaGZYAYA,12,Глава 13,0:00:12,0:18:49,12,1129,18.6,2079,112,108,+0.3,
Мелкий бес,melkiy-bes,https://youtu.be/X4ysaGZYAYA,13,Глава 14,0:18:49,0:20:28,1129,1228,1.6,217,132,108,+2.2,
Мелкий бес,melkiy-bes,https://youtu.be/X4ysaGZYAYA,14,Глава 15,0:20:28,0:23:41,1228,1421,3.2,346,108,108,-0.0,
Мелкий бес,melkiy-bes,https://youtu.be/A_Xgzq92nfA,16,Глава 17,0:02:16,0:09:14,136,554,7.0,808,116,108,+0.7,
Мелкий бес,melkiy-bes,https://youtu.be/A_Xgzq92nfA,17,Глава 18,0:09:14,0:18:50,554,1130,9.6,1191,124,108,+1.5,
Мелкий бес,melkiy-bes,https://youtu.be/pml0oZRooYg,19,Глава 20,0:00:06,0:08:51,6,531,8.8,922,105,108,-0.2,
Мелкий бес,melkiy-bes,https://youtu.be/pml0oZRooYg,20,Глава 21,0:08:51,0:17:54,531,1074,9.1,844,93,108,-1.4,
Мелкий бес,melkiy-bes,https://youtu.be/fuuJca9EAbQ,21,Глава 22,0:00:05,0:19:17,5,1157,19.2,2141,112,108,+0.3,
Мелкий бес,melkiy-bes,https://youtu.be/fuuJca9EAbQ,22,Глава 23,0:19:17,0:23:34,1157,1414,4.3,504,118,108,+0.9,
Мелкий бес,melkiy-bes,https://youtu.be/fuuJca9EAbQ,23,Глава 24,0:23:34,0:25:31,1414,1531,1.9,221,113,108,+0.5,
Мелкий бес,melkiy-bes,https://youtu.be/IgfuqMzzILA,24,Глава 25,0:00:05,0:14:33,5,873,14.5,1563,108,108,+0.0,
Мелкий бес,melkiy-bes,https://youtu.be/IgfuqMzzILA,25,Глава 26,0:14:33,0:20:44,873,1244,6.2,655,106,108,-0.2,
Мелкий бес,melkiy-bes,https://youtu.be/khaR72QfaZU,27,Глава 28,0:00:05,0:04:16,5,256,4.2,404,97,108,-1.1,
Мелкий бес,melkiy-bes,https://youtu.be/khaR72QfaZU,28,Глава 29,0:04:16,0:08:09,256,489,3.9,410,106,108,-0.2,
Мелкий бес,melkiy-bes,https://youtu.be/khaR72QfaZU,29,Глава 30,0:08:09,0:09:09,489,549,1.0,105,105,108,-0.3,
Мелкий бес,melkiy-bes,https://youtu.be/khaR72QfaZU,30,Глава 31,0:09:09,0:13:04,549,784,3.9,408,104,108,-0.4,
Мелкий бес,melkiy-bes,https://youtu.be/khaR72QfaZU,31,Глава 32,0:13:04,0:13:17,784,797,0.2,44,203,108,+8.9,
Мелкий бес,melkiy-bes,https://youtu.be/khaR72QfaZU,32,Глава 33,0:13:17,0:19:27,797,1167,6.2,627,102,108,-0.6,
Мелкий бес,melkiy-bes,https://youtu.be/Z4TGkDyUoKU,36,Глава 37,0:00:39,0:17:48,39,1068,17.1,1968,115,108,+0.6,
Мелкий бес,melkiy-bes,https://youtu.be/Z4TGkDyUoKU,37,Глава 38,0:17:48,0:20:47,1068,1247,3.0,259,87,108,-2.0,
Мелкий бес,melkiy-bes,https://youtu.be/Z4TGkDyUoKU,38,Глава 39,0:20:47,0:26:38,1247,1598,5.8,724,124,108,+1.5,
Мелкий бес,melkiy-bes,https://youtu.be/df38tUMVmKM,39,Глава 40,0:00:55,0:06:15,55,375,5.3,639,120,108,+1.1,
Мелкий бес,melkiy-bes,https://youtu.be/df38tUMVmKM,40,Глава 41,0:06:15,0:16:24,375,984,10.2,1103,109,108,+0.1,
Мелкий бес,melkiy-bes,https://youtu.be/df38tUMVmKM,41,Глава 42,0:16:24,0:18:06,984,1086,1.7,204,120,108,+1.1,
Мелкий бес,melkiy-bes,https://youtu.be/df38tUMVmKM,42,Глава 43,0:18:06,0:19:16,1086,1156,1.2,123,105,108,-0.2,
Мелкий бес,melkiy-bes,https://youtu.be/G_bUV52BEag,43,Глава 44,0:00:05,0:04:48,5,288,4.7,468,99,108,-0.8,
Мелкий бес,melkiy-bes,https://youtu.be/G_bUV52BEag,44,Глава 45,0:04:48,0:12:18,288,738,7.5,757,101,108,-0.7,
Мелкий бес,melkiy-bes,https://youtu.be/JZU5gT-9CrU,47,Глава 48,0:07:00,0:10:05,420,605,3.1,371,120,108,+1.2,
Мелкий бес,melkiy-bes,https://youtu.be/JZU5gT-9CrU,48,Глава 49,0:10:05,0:22:32,605,1352,12.4,1343,108,108,-0.0,
Мелкий бес,melkiy-bes,https://youtu.be/S2Fz6dJ-wws,49,Глава 50,0:00:06,0:18:17,6,1097,18.2,1816,100,108,-0.8,
Мелкий бес,melkiy-bes,https://youtu.be/S2Fz6dJ-wws,50,Глава 51,0:18:17,0:21:26,1097,1286,3.1,422,134,108,+2.4,
Мелкий бес,melkiy-bes,https://youtu.be/iPcr6aHcHok,51,Глава 52,0:00:06,0:02:33,6,153,2.5,206,84,108,-2.2,
Мелкий бес,melkiy-bes,https://youtu.be/iPcr6aHcHok,52,Глава 53,0:02:33,0:06:45,153,405,4.2,418,100,108,-0.8,
Мелкий бес,melkiy-bes,https://youtu.be/iPcr6aHcHok,53,Глава 54,0:06:45,0:16:08,405,968,9.4,1000,107,108,-0.1,
Мелкий бес,melkiy-bes,https://youtu.be/iPcr6aHcHok,54,Глава 55,0:16:08,0:16:17,968,977,0.1,38,253,108,+13.6,too short
Мелкий бес,melkiy-bes,https://youtu.be/iPcr6aHcHok,55,Глава 56,0:16:17,0:19:56,977,1196,3.6,381,104,108,-0.3,
Мелкий бес,melkiy-bes,https://youtu.be/iPcr6aHcHok,56,Глава 57,0:19:56,0:23:48,1196,1428,3.9,453,117,108,+0.9,
Мелкий бес,melkiy-bes,https://youtu.be/SpwRmUjaltc,57,Глава 58,0:00:05,0:04:04,5,244,4.0,411,103,108,-0.5,
Мелкий бес,melkiy-bes,https://youtu.be/SpwRmUjaltc,58,Глава 59,0:04:04,0:10:10,244,610,6.1,650,107,108,-0.1,
Мелкий бес,melkiy-bes,https://youtu.be/SpwRmUjaltc,59,Глава 60,0:10:10,0:20:57,610,1257,10.8,1005,93,108,-1.4,
Мелкий бес,melkiy-bes,https://youtu.be/SpwRmUjaltc,60,Глава 61,0:20:57,0:24:10,1257,1450,3.2,399,124,108,+1.5,
Мелкий бес,melkiy-bes,https://youtu.be/LkTZn10yuoQ,61,Глава 62,0:00:06,0:01:37,6,97,1.5,160,105,108,-0.2,
Мелкий бес,melkiy-bes,https://youtu.be/LkTZn10yuoQ,62,Глава 63,0:01:37,0:05:43,97,343,4.1,408,100,108,-0.8,
Мелкий бес,melkiy-bes,https://youtu.be/LkTZn10yuoQ,63,Глава 64,0:05:43,0:15:05,343,905,9.4,943,101,108,-0.7,
Мелкий бес,melkiy-bes,https://youtu.be/LkTZn10yuoQ,64,Глава 65,0:15:05,0:16:34,905,994,1.5,142,96,108,-1.2,
Мелкий бес,melkiy-bes,https://youtu.be/LkTZn10yuoQ,65,Глава 66,0:16:34,0:17:07,994,1027,0.6,61,111,108,+0.3,
Мелкий бес,melkiy-bes,https://youtu.be/LkTZn10yuoQ,66,Глава 67,0:17:07,0:18:14,1027,1094,1.1,123,110,108,+0.2,
Мелкий бес,melkiy-bes,https://youtu.be/LkTZn10yuoQ,67,Глава 68,0:18:14,0:19:09,1094,1149,0.9,86,94,108,-1.3,
Мелкий бес,melkiy-bes,https://youtu.be/LkTZn10yuoQ,68,Глава 69,0:19:09,0:21:08,1149,1268,2.0,222,112,108,+0.4,
Мелкий бес,melkiy-bes,https://youtu.be/LkTZn10yuoQ,69,Глава 70,0:21:08,0:23:10,1268,1390,2.0,134,66,108,-3.9,
Мелкий бес,melkiy-bes,https://youtu.be/LkTZn10yuoQ,70,Глава 71,0:23:10,0:25:36,1390,1536,2.4,322,132,108,+2.3,
Мелкий бес,melkiy-bes,https://youtu.be/lbfC12IYG_A,71,Глава 72,0:00:24,0:12:06,24,726,11.7,1263,108,108,-0.0,
Мелкий бес,melkiy-bes,https://youtu.be/lbfC12IYG_A,72,Глава 73,0:12:06,0:12:23,726,743,0.3,68,240,108,+12.4,too short
Мелкий бес,melkiy-bes,https://youtu.be/lbfC12IYG_A,73,Глава 74,0:12:23,0:13:45,743,825,1.4,134,98,108,-0.9,
Мелкий бес,melkiy-bes,https://youtu.be/kcTW4djMqYY,74,Глава 75,0:00:06,0:03:11,6,191,3.1,334,108,108,+0.0,
Мелкий бес,melkiy-bes,https://youtu.be/kcTW4djMqYY,75,Глава 76,0:03:11,0:16:31,191,991,13.3,1499,112,108,+0.4,
Мелкий бес,melkiy-bes,https://youtu.be/kcTW4djMqYY,76,Глава 77,0:16:31,0:18:01,991,1081,1.5,202,135,108,+2.5,
Мелкий бес,melkiy-bes,https://youtu.be/kcTW4djMqYY,77,Глава 78,0:18:01,0:18:33,1081,1113,0.5,26,49,108,-5.6,too long
Мелкий бес,melkiy-bes,https://youtu.be/kcTW4djMqYY,78,Глава 79,0:18:33,0:20:33,1113,1233,2.0,264,132,108,+2.3,
Мелкий бес,melkiy-bes,https://youtu.be/kcTW4djMqYY,79,Глава 80,0:20:33,0:21:21,1233,1281,0.8,86,108,108,-0.0,
Мелкий бес,melkiy-bes,https://youtu.be/qJYarqlaYr8,80,Глава 81,0:00:07,0:12:29,7,749,12.4,1355,110,108,+0.1,
Мелкий бес,melkiy-bes,https://youtu.be/qJYarqlaYr8,81,Глава 82,0:12:29,0:14:34,749,874,2.1,140,67,108,-3.8,
Мелкий бес,melkiy-bes,https://youtu.be/qJYarqlaYr8,82,Глава 83,0:14:34,0:15:49,874,949,1.2,204,163,108,+5.2,
Мелкий бес,melkiy-bes,https://youtu.be/sVzR7dp8Z-s,83,Глава 84,0:00:05,0:14:39,5,879,14.6,1485,102,108,-0.6,
Мелкий бес,melkiy-bes,https://youtu.be/sVzR7dp8Z-s,84,Глава 85,0:14:39,0:16:38,879,998,2.0,220,111,108,+0.3,
Мелкий бес,melkiy-bes,https://youtu.be/u_3tkfHt0Ac,85,Глава 86,0:00:06,0:11:22,6,682,11.3,1230,109,108,+0.1,
Мелкий бес,melkiy-bes,https://youtu.be/u_3tkfHt0Ac,86,Глава 87,0:11:22,0:15:55,682,955,4.5,566,124,108,+1.5,
Мелкий бес,melkiy-bes,https://youtu.be/czKzat78Jp8,88,Глава 89,0:00:05,0:05:16,5,316,5.2,515,99,108,-0.8,
Мелкий бес,melkiy-bes,https://youtu.be/czKzat78Jp8,89,Глава 90,0:05:16,0:12:02,316,722,6.8,645,95,108,-1.2,
Красный смех,krasnyy-smekh,https://youtu.be/Io5The4PKHE,0,Глава 1,0:00:32,0:14:06,32,846,13.6,1159,85,108,-3.5,
Красный смех,krasnyy-smekh,https://youtu.be/Io5The4PKHE,1,Глава 2,0:14:06,0:21:16,846,1276,7.2,986,138,108,+4.6,
Красный смех,krasnyy-smekh,https://youtu.be/Io5The4PKHE,2,Глава 3,0:21:16,0:21:33,1276,1293,0.3,28,99,108,-1.4,
Красный смех,krasnyy-smekh,https://youtu.be/Io5The4PKHE,3,Глава 4,0:21:33,0:37:59,1293,2279,16.4,1703,104,108,-0.7,
Красный смех,krasnyy-smekh,https://youtu.be/Io5The4PKHE,4,Глава 5,0:37:59,0:57:35,2279,3455,19.6,2118,108,108,-0.0,
Красный смех,krasnyy-smekh,https://youtu.be/Io5The4PKHE,5,Глава 6,0:57:35,1:12:58,3455,4378,15.4,1613,105,108,-0.5,
Красный смех,krasnyy-smekh,https://youtu.be/Io5The4PKHE,6,Глава 7,1:12:58,1:13:55,4378,4435,0.9,42,44,108,-9.8,too long
Красный смех,krasnyy-smekh,https://youtu.be/Io5The4PKHE,7,Глава 8,1:13:55,1:20:57,4435,4857,7.0,829,118,108,+1.5,
Красный смех,krasnyy-smekh,https://youtu.be/Io5The4PKHE,8,Глава 9,1:20:57,1:34:56,4857,5696,14.0,1485,106,108,-0.3,
Красный смех,krasnyy-smekh,https://youtu.be/Io5The4PKHE,9,Глава 10,1:34:56,1:43:52,5696,6232,8.9,992,111,108,+0.5,
Красный смех,krasnyy-smekh,https://youtu.be/Io5The4PKHE,10,Глава 11,1:43:52,1:47:11,6232,6431,3.3,402,121,108,+2.0,
Красный смех,krasnyy-smekh,https://youtu.be/Io5The4PKHE,11,Глава 12,1:47:11,1:52:45,6431,6765,5.6,511,92,108,-2.5,
Красный смех,krasnyy-smekh,https://youtu.be/Io5The4PKHE,12,Глава 13,1:52:45,1:55:37,6765,6937,2.9,348,121,108,+2.1,
Красный смех,krasnyy-smekh,https://youtu.be/Io5The4PKHE,13,Отрывок четырнадцатый,1:55:37,2:02:10,6937,7330,6.5,708,108,108,+0.0,
Красный смех,krasnyy-smekh,https://youtu.be/Io5The4PKHE,14,Глава 14,2:02:10,2:09:49,7330,7789,7.7,741,97,108,-1.7,
Красный смех,krasnyy-smekh,https://youtu.be/Io5The4PKHE,15,Глава 15,2:09:49,2:21:19,7789,8479,11.5,1221,106,108,-0.3,
Красный смех,krasnyy-smekh,https://youtu.be/Io5The4PKHE,16,Глава 16,2:21:19,2:21:29,8479,8489,0.2,8,48,108,-9.3,too long
Красный смех,krasnyy-smekh,https://youtu.be/Io5The4PKHE,17,Глава 17,2:21:29,2:31:15,8489,9075,9.8,1062,109,108,+0.1,
Красный смех,krasnyy-smekh,https://youtu.be/Io5The4PKHE,18,Глава 18,2:31:15,2:47:34,9075,10054,16.3,1788,110,108,+0.2,
Поликушка,polikushka,https://youtu.be/ofRpAAHHkLU,0,Глава 1,0:00:22,0:17:47,22,1067,17.4,1287,74,101,-0.8,
Поликушка,polikushka,https://youtu.be/ofRpAAHHkLU,1,Глава 2,0:17:47,0:21:59,1067,1319,4.2,1266,301,101,+6.0,too short
Поликушка,polikushka,https://youtu.be/ofRpAAHHkLU,2,Глава 3,0:21:59,0:30:32,1319,1832,8.6,943,110,101,+0.3,
Поликушка,polikushka,https://youtu.be/ofRpAAHHkLU,3,Глава 4,0:30:32,0:36:16,1832,2176,5.7,465,81,101,-0.6,
Поликушка,polikushka,https://youtu.be/ofRpAAHHkLU,4,Глава 5,0:36:16,0:51:02,2176,3062,14.8,1548,105,101,+0.1,
Поликушка,polikushka,https://youtu.be/ofRpAAHHkLU,5,Глава 6,0:51:02,0:59:48,3062,3588,8.8,565,64,101,-1.1,
Поликушка,polikushka,https://youtu.be/ofRpAAHHkLU,6,Глава 7,0:59:48,1:08:17,3588,4097,8.5,1251,147,101,+1.4,
Поликушка,polikushka,https://youtu.be/ofRpAAHHkLU,7,Глава 8,1:08:17,1:22:30,4097,4950,14.2,1235,87,101,-0.4,
Поликушка,polikushka,https://youtu.be/ofRpAAHHkLU,8,Глава 9,1:22:30,1:31:45,4950,5505,9.2,626,68,101,-1.0,
Поликушка,polikushka,https://youtu.be/ofRpAAHHkLU,9,Глава 10,1:31:45,1:36:23,5505,5783,4.6,1158,250,101,+4.4,too short
Поликушка,polikushka,https://youtu.be/ofRpAAHHkLU,10,Глава 11,1:36:23,1:45:30,5783,6330,9.1,919,101,101,+0.0,
Поликушка,polikushka,https://youtu.be/ofRpAAHHkLU,11,Глава 12,1:45:30,1:53:36,6330,6816,8.1,706,87,101,-0.4,
Поликушка,polikushka,https://youtu.be/ofRpAAHHkLU,12,Глава 13,1:53:36,2:05:48,6816,7548,12.2,1322,108,101,+0.2,
Поликушка,polikushka,https://youtu.be/ofRpAAHHkLU,13,Глава 14,2:05:48,2:17:26,7548,8246,11.6,717,62,101,-1.2,
Поликушка,polikushka,https://youtu.be/ofRpAAHHkLU,14,Глава 15,2:17:26,2:39:26,8246,9566,22.0,2716,123,101,+0.7,
Казаки,kazaki,https://youtu.be/iyPsxqSj-zQ,0,Глава 1,0:03:13,0:12:11,193,731,9.0,1147,128,109,+1.6,
Казаки,kazaki,https://youtu.be/iyPsxqSj-zQ,1,Глава 2,0:12:11,0:33:55,731,2035,21.7,2033,94,109,-1.3,
Казаки,kazaki,https://youtu.be/iyPsxqSj-zQ,2,Глава 3,0:33:55,0:42:00,2035,2520,8.1,763,94,109,-1.2,
Казаки,kazaki,https://youtu.be/iyPsxqSj-zQ,3,Глава 4,0:42:00,0:54:30,2520,3270,12.5,1185,95,109,-1.2,
Казаки,kazaki,https://youtu.be/iyPsxqSj-zQ,4,Глава 5,0:54:30,1:06:22,3270,3982,11.9,1102,93,109,-1.4,
Казаки,kazaki,https://youtu.be/iyPsxqSj-zQ,5,Глава 6,1:06:22,1:20:02,3982,4802,13.7,1353,99,109,-0.8,
Казаки,kazaki,https://youtu.be/iyPsxqSj-zQ,6,Глава 7,1:20:02,1:27:34,4802,5254,7.5,793,105,109,-0.3,
Казаки,kazaki,https://youtu.be/iyPsxqSj-zQ,7,Глава 8,1:27:34,1:42:57,5254,6177,15.4,1583,103,109,-0.5,
Казаки,kazaki,https://youtu.be/iyPsxqSj-zQ,8,Глава 9,1:42:57,1:54:35,6177,6875,11.6,1191,102,109,-0.6,
Казаки,kazaki,https://youtu.be/iyPsxqSj-zQ,9,Глава 10,1:54:35,2:05:58,6875,7558,11.4,1186,104,109,-0.4,
Казаки,kazaki,https://youtu.be/iyPsxqSj-zQ,10,Глава 11,2:05:58,2:17:01,7558,8221,11.1,1102,100,109,-0.8,
Казаки,kazaki,https://youtu.be/iyPsxqSj-zQ,11,Глава 12,2:17:01,2:22:26,8221,8546,5.4,670,124,109,+1.2,
Казаки,kazaki,https://youtu.be/iyPsxqSj-zQ,12,Глава 13,2:22:26,2:38:04,8546,9484,15.6,1724,110,109,+0.1,
Казаки,kazaki,https://youtu.be/iyPsxqSj-zQ,13,Глава 14,2:38:04,2:43:30,9484,9810,5.4,636,117,109,+0.7,
Казаки,kazaki,https://youtu.be/iyPsxqSj-zQ,14,Глава 15,2:43:30,2:56:31,9810,10591,13.0,966,74,109,-2.9,
Казаки,kazaki,https://youtu.be/iyPsxqSj-zQ,15,Глава 16,2:56:31,3:06:14,10591,11174,9.7,1423,146,109,+3.2,
Казаки,kazaki,https://youtu.be/iyPsxqSj-zQ,16,Глава 17,3:06:14,3:14:14,11174,11654,8.0,800,100,109,-0.8,
Казаки,kazaki,https://youtu.be/iyPsxqSj-zQ,17,Глава 18,3:14:14,3:30:15,11654,12615,16.0,1657,103,109,-0.5,
Казаки,kazaki,https://youtu.be/iyPsxqSj-zQ,18,Глава 19,3:30:15,3:37:42,12615,13062,7.5,840,113,109,+0.3,
Казаки,kazaki,https://youtu.be/iyPsxqSj-zQ,19,Глава 20,3:37:42,3:50:25,13062,13825,12.7,1389,109,109,+0.0,
Казаки,kazaki,https://youtu.be/iyPsxqSj-zQ,20,Глава 21,3:50:25,4:01:02,13825,14462,10.6,1200,113,109,+0.3,
Казаки,kazaki,https://youtu.be/iyPsxqSj-zQ,21,Глава 22,4:01:02,4:12:59,14462,15179,11.9,1449,121,109,+1.0,
Казаки,kazaki,https://youtu.be/iyPsxqSj-zQ,22,Глава 23,4:12:59,4:23:52,15179,15832,10.9,1005,92,109,-1.4,
Казаки,kazaki,https://youtu.be/iyPsxqSj-zQ,23,Глава 24,4:23:52,4:38:48,15832,16728,14.9,1999,134,109,+2.1,
Казаки,kazaki,https://youtu.be/iyPsxqSj-zQ,24,Глава 25,4:38:48,4:46:21,16728,17181,7.5,843,112,109,+0.2,
Казаки,kazaki,https://youtu.be/iyPsxqSj-zQ,25,Глава 26,4:46:21,4:53:42,17181,17622,7.3,862,117,109,+0.7,
Казаки,kazaki,https://youtu.be/iyPsxqSj-zQ,26,Глава 27,4:53:42,5:00:45,17622,18045,7.0,776,110,109,+0.1,
Казаки,kazaki,https://youtu.be/iyPsxqSj-zQ,27,Глава 28,5:00:45,5:11:37,18045,18697,10.9,1099,101,109,-0.7,
Казаки,kazaki,https://youtu.be/iyPsxqSj-zQ,28,Глава 29,5:11:37,5:20:45,18697,19245,9.1,941,103,109,-0.5,
Казаки,kazaki,https://youtu.be/iyPsxqSj-zQ,29,Глава 30,5:20:45,5:27:03,19245,19623,6.3,654,104,109,-0.4,
Казаки,kazaki,https://youtu.be/iyPsxqSj-zQ,30,Глава 31,5:27:03,5:37:11,19623,20231,10.1,721,71,109,-3.2,
Казаки,kazaki,https://youtu.be/iyPsxqSj-zQ,31,Глава 32,5:37:11,5:40:11,20231,20411,3.0,833,278,109,+14.3,too short
Казаки,kazaki,https://youtu.be/iyPsxqSj-zQ,32,Глава 33,5:40:11,5:53:05,20411,21185,12.9,1600,124,109,+1.3,
Казаки,kazaki,https://youtu.be/iyPsxqSj-zQ,33,Глава 34,5:53:05,6:00:56,21185,21656,7.8,873,111,109,+0.2,
Казаки,kazaki,https://youtu.be/iyPsxqSj-zQ,34,Глава 35,6:00:56,6:09:24,21656,22164,8.5,976,115,109,+0.5,
Казаки,kazaki,https://youtu.be/iyPsxqSj-zQ,35,Глава 36,6:09:24,6:15:57,22164,22557,6.5,712,109,109,-0.0,
Казаки,kazaki,https://youtu.be/iyPsxqSj-zQ,36,Глава 37,6:15:57,6:20:18,22557,22818,4.3,496,114,109,+0.4,
Казаки,kazaki,https://youtu.be/iyPsxqSj-zQ,37,Глава 38,6:20:18,6:30:33,22818,23433,10.2,1133,111,109,+0.1,
Казаки,kazaki,https://youtu.be/iyPsxqSj-zQ,38,Глава 39,6:30:33,6:34:13,23433,23653,3.7,451,123,109,+1.2,
Казаки,kazaki,https://youtu.be/iyPsxqSj-zQ,39,Глава 40,6:34:13,6:43:19,23653,24199,9.1,1068,117,109,+0.7,
Казаки,kazaki,https://youtu.be/iyPsxqSj-zQ,40,Глава 41,6:43:19,6:51:46,24199,24706,8.4,891,105,109,-0.3,
Казаки,kazaki,https://youtu.be/iyPsxqSj-zQ,41,Глава 42,6:51:46,7:02:36,24706,25356,10.8,1162,107,109,-0.1,
Отцы и дети,ottsy-i-deti,https://youtu.be/0rA3zDZvy4M,0,Глава 1,0:00:18,0:09:54,18,594,9.6,905,94,103,-0.8,
Отцы и дети,ottsy-i-deti,https://youtu.be/0rA3zDZvy4M,1,Глава 2,0:09:54,0:13:48,594,828,3.9,449,115,103,+1.1,
Отцы и дети,ottsy-i-deti,https://youtu.be/0rA3zDZvy4M,2,Глава 3,0:13:48,0:17:53,828,1073,4.1,1378,337,103,+21.4,too short
Отцы и дети,ottsy-i-deti,https://youtu.be/0rA3zDZvy4M,3,Глава 4,0:17:53,0:28:42,1073,1722,10.8,1099,102,103,-0.1,
Отцы и дети,ottsy-i-deti,https://youtu.be/0rA3zDZvy4M,4,Глава 5,0:28:42,0:44:18,1722,2658,15.6,1658,106,103,+0.3,
Отцы и дети,ottsy-i-deti,https://youtu.be/0rA3zDZvy4M,5,Глава 6,0:44:18,0:51:56,2658,3116,7.6,799,105,103,+0.1,
Отцы и дети,ottsy-i-deti,https://youtu.be/0rA3zDZvy4M,6,Глава 7,0:51:56,1:07:20,3116,4040,15.4,1738,113,103,+0.9,
Отцы и дети,ottsy-i-deti,https://youtu.be/0rA3zDZvy4M,7,Глава 8,1:07:20,1:23:55,4040,5035,16.6,1834,111,103,+0.7,
Отцы и дети,ottsy-i-deti,https://youtu.be/0rA3zDZvy4M,8,Глава 9,1:23:55,1:33:50,5035,5630,9.9,744,75,103,-2.6,
Отцы и дети,ottsy-i-deti,https://youtu.be/0rA3zDZvy4M,9,Глава 10,1:33:50,2:02:34,5630,7354,28.7,3166,110,103,+0.6,
Отцы и дети,ottsy-i-deti,https://youtu.be/0rA3zDZvy4M,10,Глава 11,2:02:34,2:16:53,7354,8213,14.3,1060,74,103,-2.7,
Отцы и дети,ottsy-i-deti,https://youtu.be/0rA3zDZvy4M,11,Глава 12,2:16:53,2:26:05,8213,8765,9.2,1254,136,103,+3.0,
Отцы и дети,ottsy-i-deti,https://youtu.be/0rA3zDZvy4M,12,Глава 13,2:26:05,2:40:33,8765,9633,14.5,1482,102,103,-0.1,
Отцы и дети,ottsy-i-deti,https://youtu.be/0rA3zDZvy4M,13,Глава 14,2:40:33,2:53:08,9633,10388,12.6,1305,104,103,+0.1,
Отцы и дети,ottsy-i-deti,https://youtu.be/0rA3zDZvy4M,14,Глава 15,2:53:08,3:05:54,10388,11154,12.8,1149,90,103,-1.2,
Отцы и дети,ottsy-i-deti,https://youtu.be/0rA3zDZvy4M,15,Глава 16,3:05:54,3:28:18,11154,12498,22.4,2678,120,103,+1.5,
Отцы и дети,ottsy-i-deti,https://youtu.be/0rA3zDZvy4M,16,Глава 17,3:28:18,3:56:01,12498,14161,27.7,2919,105,103,+0.2,
Отцы и дети,ottsy-i-deti,https://youtu.be/0rA3zDZvy4M,17,Глава 18,3:56:01,4:10:03,14161,15003,14.0,1276,91,103,-1.1,
Отцы и дети,ottsy-i-deti,https://youtu.be/0rA3zDZvy4M,18,Глава 19,4:10:03,4:26:55,15003,16015,16.9,1921,114,103,+1.0,
Отцы и дети,ottsy-i-deti,https://youtu.be/0rA3zDZvy4M,19,Глава 20,4:26:55,4:52:58,16015,17578,26.1,2661,102,103,-0.1,
Отцы и дети,ottsy-i-deti,https://youtu.be/0rA3zDZvy4M,20,Глава 21,4:52:58,5:35:10,17578,20110,42.2,4289,102,103,-0.1,
Отцы и дети,ottsy-i-deti,https://youtu.be/0rA3zDZvy4M,21,Глава 22,5:35:10,5:49:26,20110,20966,14.3,1462,102,103,-0.1,
Отцы и дети,ottsy-i-deti,https://youtu.be/0rA3zDZvy4M,22,Глава 23,5:49:26,6:06:25,20966,21985,17.0,1826,108,103,+0.4,
Отцы и дети,ottsy-i-deti,https://youtu.be/0rA3zDZvy4M,23,Глава 24,6:06:25,6:52:02,21985,24722,45.6,4471,98,103,-0.5,
Отцы и дети,ottsy-i-deti,https://youtu.be/0rA3zDZvy4M,24,Глава 25,6:52:02,7:20:19,24722,26419,28.3,2766,98,103,-0.5,
Отцы и дети,ottsy-i-deti,https://youtu.be/0rA3zDZvy4M,25,Глава 26,7:20:19,7:41:16,26419,27676,20.9,2345,112,103,+0.8,
Отцы и дети,ottsy-i-deti,https://youtu.be/0rA3zDZvy4M,26,Глава 27,7:41:16,8:23:29,27676,30209,42.2,4045,96,103,-0.7,
Отцы и дети,ottsy-i-deti,https://youtu.be/0rA3zDZvy4M,27,Глава 28,8:23:29,8:38:00,30209,31080,14.5,1375,95,103,-0.8,
Вечный муж,vechnyy-muzh,https://youtu.be/Ozls9E3_3pk,0,Глава 1,0:00:09,0:17:33,9,1053,17.4,2319,133,120,+1.5,
Вечный муж,vechnyy-muzh,https://youtu.be/Ozls9E3_3pk,1,Глава 2,0:17:33,0:43:12,1053,2592,25.6,3331,130,120,+1.1,
Вечный муж,vechnyy-muzh,https://youtu.be/Ozls9E3_3pk,2,Глава 3,0:43:12,1:06:02,2592,3962,22.8,2509,110,120,-1.1,
Вечный муж,vechnyy-muzh,https://youtu.be/Ozls9E3_3pk,3,Глава 4,1:06:02,1:23:15,3962,4995,17.2,2266,132,120,+1.3,
Вечный муж,vechnyy-muzh,https://youtu.be/Ozls9E3_3pk,4,Глава 5,1:23:15,1:48:12,4995,6492,24.9,2947,118,120,-0.2,
Вечный муж,vechnyy-muzh,https://youtu.be/Ozls9E3_3pk,5,Глава 6,1:48:12,2:04:24,6492,7464,16.2,1935,119,120,-0.0,
Вечный муж,vechnyy-muzh,https://youtu.be/Ozls9E3_3pk,6,Глава 7,2:04:24,2:28:50,7464,8930,24.4,2788,114,120,-0.7,
Вечный муж,vechnyy-muzh,https://youtu.be/Ozls9E3_3pk,7,Глава 8,2:28:50,2:41:37,8930,9697,12.8,1532,120,120,+0.0,
Вечный муж,vechnyy-muzh,https://youtu.be/Ozls9E3_3pk,8,Глава 9,2:41:37,3:00:22,9697,10822,18.8,2136,114,120,-0.7,
Вечный муж,vechnyy-muzh,https://youtu.be/Ozls9E3_3pk,9,Глава 10,3:00:22,3:17:34,10822,11854,17.2,2169,126,120,+0.7,
Вечный муж,vechnyy-muzh,https://youtu.be/Ozls9E3_3pk,10,Глава 11,3:17:34,3:39:09,11854,13149,21.6,2380,110,120,-1.1,
Вечный муж,vechnyy-muzh,https://youtu.be/Ozls9E3_3pk,11,Глава 12,3:39:09,4:23:45,13149,15825,44.6,5382,121,120,+0.1,
Вечный муж,vechnyy-muzh,https://youtu.be/Ozls9E3_3pk,12,Глава 13,4:23:45,4:41:41,15825,16901,17.9,1876,105,120,-1.7,
Вечный муж,vechnyy-muzh,https://youtu.be/Ozls9E3_3pk,13,Глава 14,4:41:41,5:01:06,16901,18066,19.4,2245,116,120,-0.5,
Вечный муж,vechnyy-muzh,https://youtu.be/Ozls9E3_3pk,14,Глава 15,5:01:06,5:21:32,18066,19292,20.4,2463,121,120,+0.1,
Вечный муж,vechnyy-muzh,https://youtu.be/Ozls9E3_3pk,15,Глава 16,5:21:32,5:41:53,19292,20513,20.4,2521,124,120,+0.5,
Вечный муж,vechnyy-muzh,https://youtu.be/Ozls9E3_3pk,16,Глава 17,5:41:53,5:52:00,20513,21120,10.1,2353,233,120,+12.8,too short
Герой нашего времени,geroy-nashego-vremeni,https://youtu.be/aA87bXjXt60,0,Глава 1,0:00:58,0:01:55,58,115,0.9,408,429,104,+36.2,too short
Герой нашего времени,geroy-nashego-vremeni,https://youtu.be/aA87bXjXt60,1,Глава 2,0:01:55,1:49:31,115,6571,107.6,10525,98,104,-0.7,
Герой нашего времени,geroy-nashego-vremeni,https://youtu.be/aA87bXjXt60,2,Глава 3,1:49:31,2:16:16,6571,8176,26.8,2737,102,104,-0.2,
Герой нашего времени,geroy-nashego-vremeni,https://youtu.be/aA87bXjXt60,3,Глава 4,2:16:16,2:18:55,8176,8335,2.6,314,118,104,+1.6,
Герой нашего времени,geroy-nashego-vremeni,https://youtu.be/aA87bXjXt60,4,Глава 5,2:18:55,2:51:14,8335,10274,32.3,3357,104,104,+0.0,
Герой нашего времени,geroy-nashego-vremeni,https://youtu.be/aA87bXjXt60,5,Глава 6,2:51:14,6:08:44,10274,22124,197.5,21374,108,104,+0.5,
Герой нашего времени,geroy-nashego-vremeni,https://youtu.be/aA87bXjXt60,6,Глава 7,6:08:44,6:38:14,22124,23894,29.5,2661,90,104,-1.5,
Жизнь Василия Фивейского,zhizn-vasiliya-fiveyskogo,https://youtu.be/ORRu81GTCUM,0,Глава 1,0:00:12,0:12:13,12,733,12.0,1186,99,98,+0.1,
Жизнь Василия Фивейского,zhizn-vasiliya-fiveyskogo,https://youtu.be/ORRu81GTCUM,1,Глава 2,0:12:13,0:16:16,733,976,4.0,1528,377,98,+38.8,too short
Жизнь Василия Фивейского,zhizn-vasiliya-fiveyskogo,https://youtu.be/a_9_OVbHFZk,2,Глава 3,0:10:58,0:16:01,658,961,5.0,529,105,98,+1.0,
Жизнь Василия Фивейского,zhizn-vasiliya-fiveyskogo,https://youtu.be/w8xktdXeAz8,3,Глава 4,0:00:14,0:19:43,14,1183,19.5,2002,103,98,+0.7,
Жизнь Василия Фивейского,zhizn-vasiliya-fiveyskogo,https://youtu.be/aodG4XUFWXI,4,Глава 5,0:00:08,0:19:47,8,1187,19.6,1891,96,98,-0.2,
Жизнь Василия Фивейского,zhizn-vasiliya-fiveyskogo,https://youtu.be/dWhfepv1gSM,5,Глава 6,0:00:12,0:16:30,12,990,16.3,2663,163,98,+9.1,
Жизнь Василия Фивейского,zhizn-vasiliya-fiveyskogo,https://youtu.be/MBOsqTlRyyk,6,Глава 7,0:00:11,0:21:13,11,1273,21.0,2059,98,98,+0.0,
Жизнь Василия Фивейского,zhizn-vasiliya-fiveyskogo,https://youtu.be/4e8xS9DaRvw,7,Глава 8,0:00:11,0:27:35,11,1655,27.4,2433,89,98,-1.3,
Жизнь Василия Фивейского,zhizn-vasiliya-fiveyskogo,https://youtu.be/Kt1-fMWegEQ,9,Глава 10,0:00:11,0:17:29,11,1049,17.3,1343,78,98,-2.8,
Жизнь Василия Фивейского,zhizn-vasiliya-fiveyskogo,https://youtu.be/hVHReugT8hg,10,Глава 11,0:00:10,0:21:31,10,1291,21.4,2016,94,98,-0.5,
Жизнь Василия Фивейского,zhizn-vasiliya-fiveyskogo,https://youtu.be/QYKnNz1u-Eg,11,Глава 12,0:00:11,0:29:05,11,1745,28.9,2754,95,98,-0.4,
Сон Макара,son-makara,https://youtu.be/7UXUmERV8dU,0,Глава 1,0:00:09,0:00:17,9,17,0.1,2,15,110,-14.4,too long
Сон Макара,son-makara,https://youtu.be/7UXUmERV8dU,1,Глава 2,0:00:17,0:04:13,17,253,3.9,430,109,110,-0.1,
Сон Макара,son-makara,https://youtu.be/7UXUmERV8dU,2,Глава 3,0:04:13,0:10:38,253,638,6.4,701,109,110,-0.1,
Сон Макара,son-makara,https://youtu.be/7UXUmERV8dU,3,Глава 4,0:10:38,0:16:02,638,962,5.4,594,110,110,+0.0,
Сон Макара,son-makara,https://youtu.be/7UXUmERV8dU,4,Глава 5,0:16:02,0:29:22,962,1762,13.3,1402,105,110,-0.7,
Сон Макара,son-makara,https://youtu.be/7UXUmERV8dU,5,Глава 6,0:29:22,0:51:52,1762,3112,22.5,2511,112,110,+0.2,
Сон Макара,son-makara,https://youtu.be/7UXUmERV8dU,6,Глава 7,0:51:52,1:11:09,3112,4269,19.3,2153,112,110,+0.3,
Сон Макара,son-makara,https://youtu.be/7UXUmERV8dU,7,Глава 8,1:11:09,1:13:02,4269,4382,1.9,219,116,110,+1.0,
Кавказский пленник,kavkazskiy-plennik,https://youtu.be/wYUfDsgWb_4,0,Глава 1,0:00:06,0:02:04,6,124,2.0,220,112,109,+0.5,
Кавказский пленник,kavkazskiy-plennik,https://youtu.be/wYUfDsgWb_4,1,Глава 2,0:02:04,0:16:23,124,983,14.3,1517,106,109,-0.5,
Кавказский пленник,kavkazskiy-plennik,https://youtu.be/wYUfDsgWb_4,2,Глава 3,0:16:23,0:28:48,983,1728,12.4,1292,104,109,-0.7,
Кавказский пленник,kavkazskiy-plennik,https://youtu.be/wYUfDsgWb_4,3,Глава 4,0:28:48,0:31:14,1728,1874,2.4,588,242,109,+20.3,too short
Дядюшкин сон,dyadyushkin-son,https://youtu.be/Q3SXgeVah0k,0,Глава 1,0:00:16,0:13:39,16,819,13.4,1491,111,109,+0.4,
Дядюшкин сон,dyadyushkin-son,https://youtu.be/Q3SXgeVah0k,1,Глава 2,0:13:39,0:30:49,819,1849,17.2,1319,77,109,-4.9,
Дядюшкин сон,dyadyushkin-son,https://youtu.be/Q3SXgeVah0k,2,Глава 3,0:30:49,0:52:19,1849,3139,21.5,3056,142,109,+5.1,
Дядюшкин сон,dyadyushkin-son,https://youtu.be/Q3SXgeVah0k,3,Глава 4,0:52:19,1:23:48,3139,5028,31.5,3329,106,109,-0.5,
Дядюшкин сон,dyadyushkin-son,https://youtu.be/Q3SXgeVah0k,4,Глава 5,1:23:48,1:59:40,5028,7180,35.9,4070,113,109,+0.7,
Дядюшкин сон,dyadyushkin-son,https://youtu.be/Q3SXgeVah0k,5,Глава 6,1:59:40,2:24:20,7180,8660,24.7,2705,110,109,+0.1,
Дядюшкин сон,dyadyushkin-son,https://youtu.be/Q3SXgeVah0k,6,Глава 7,2:24:20,2:45:09,8660,9909,20.8,2244,108,109,-0.2,
Дядюшкин сон,dyadyushkin-son,https://youtu.be/Q3SXgeVah0k,7,Глава 8,2:45:09,3:10:40,9909,11440,25.5,2564,100,109,-1.3,
Дядюшкин сон,dyadyushkin-son,https://youtu.be/Q3SXgeVah0k,8,Глава 9,3:10:40,3:42:35,11440,13355,31.9,3552,111,109,+0.4,
Дядюшкин сон,dyadyushkin-son,https://youtu.be/Q3SXgeVah0k,9,Глава 10,3:42:35,4:10:07,13355,15007,27.5,2240,81,109,-4.2,
Дядюшкин сон,dyadyushkin-son,https://youtu.be/Q3SXgeVah0k,10,Глава 11,4:10:07,4:25:29,15007,15929,15.4,2390,156,109,+7.2,
Дядюшкин сон,dyadyushkin-son,https://youtu.be/Q3SXgeVah0k,11,Глава 12,4:25:29,4:45:42,15929,17142,20.2,2189,108,109,-0.1,
Дядюшкин сон,dyadyushkin-son,https://youtu.be/Q3SXgeVah0k,12,Глава 13,4:45:42,5:19:36,17142,19176,33.9,3511,104,109,-0.8,
Дядюшкин сон,dyadyushkin-son,https://youtu.be/Q3SXgeVah0k,13,Глава 14,5:19:36,5:36:00,19176,20160,16.4,1793,109,109,+0.1,
Дядюшкин сон,dyadyushkin-son,https://youtu.be/Q3SXgeVah0k,14,Глава 15,5:36:00,6:13:25,20160,22405,37.4,4072,109,109,+0.0,
Отрочество,otrochestvo,https://youtu.be/n3Wsnd8h9_s,0,Глава 1,0:00:09,0:16:52,9,1012,16.7,1860,111,112,-0.1,
Отрочество,otrochestvo,https://youtu.be/n3Wsnd8h9_s,1,Глава 2,0:16:52,0:28:29,1012,1709,11.6,1239,107,112,-0.7,
Отрочество,otrochestvo,https://youtu.be/n3Wsnd8h9_s,2,Глава 3,0:28:29,0:37:23,1709,2243,8.9,1047,118,112,+0.7,
Отрочество,otrochestvo,https://youtu.be/n3Wsnd8h9_s,3,Глава 4,0:37:23,0:39:45,2243,2385,2.4,279,118,112,+0.8,
Отрочество,otrochestvo,https://youtu.be/n3Wsnd8h9_s,4,Глава 5,0:39:45,0:46:45,2385,2805,7.0,802,115,112,+0.3,
Отрочество,otrochestvo,https://youtu.be/n3Wsnd8h9_s,5,Глава 6,0:46:45,0:51:15,2805,3075,4.5,581,129,112,+2.2,
Отрочество,otrochestvo,https://youtu.be/n3Wsnd8h9_s,6,Глава 7,0:51:15,0:58:26,3075,3506,7.2,780,109,112,-0.4,
Отрочество,otrochestvo,https://youtu.be/n3Wsnd8h9_s,7,Глава 8,0:58:26,1:06:30,3506,3990,8.1,940,117,112,+0.6,
Отрочество,otrochestvo,https://youtu.be/n3Wsnd8h9_s,8,Глава 9,1:06:30,1:15:16,3990,4516,8.8,979,112,112,-0.0,
Отрочество,otrochestvo,https://youtu.be/n3Wsnd8h9_s,9,Глава 10,1:15:16,1:23:02,4516,4982,7.8,697,90,112,-2.8,
Отрочество,otrochestvo,https://youtu.be/n3Wsnd8h9_s,10,Глава 11,1:23:02,1:33:13,4982,5593,10.2,1225,120,112,+1.1,
Отрочество,otrochestvo,https://youtu.be/n3Wsnd8h9_s,11,Глава 12,1:33:13,1:38:53,5593,5933,5.7,492,87,112,-3.2,
Отрочество,otrochestvo,https://youtu.be/n3Wsnd8h9_s,12,Глава 13,1:38:53,1:42:14,5933,6134,3.4,520,155,112,+5.5,
Отрочество,otrochestvo,https://youtu.be/n3Wsnd8h9_s,13,Глава 14,1:42:14,1:48:14,6134,6494,6.0,714,119,112,+0.9,
Отрочество,otrochestvo,https://youtu.be/n3Wsnd8h9_s,14,Глава 15,1:48:14,1:58:41,6494,7121,10.4,1170,112,112,+0.0,
Отрочество,otrochestvo,https://youtu.be/n3Wsnd8h9_s,15,Глава 16,1:58:41,2:09:22,7121,7762,10.7,1212,113,112,+0.2,
Отрочество,otrochestvo,https://youtu.be/n3Wsnd8h9_s,16,Глава 17,2:09:22,2:18:18,7762,8298,8.9,585,65,112,-5.9,
Отрочество,otrochestvo,https://youtu.be/n3Wsnd8h9_s,17,Глава 18,2:18:18,2:27:13,8298,8833,8.9,1266,142,112,+3.8,
Отрочество,otrochestvo,https://youtu.be/n3Wsnd8h9_s,18,Глава 19,2:27:13,2:34:25,8833,9265,7.2,923,128,112,+2.1,
Отрочество,otrochestvo,https://youtu.be/n3Wsnd8h9_s,19,Глава 20,2:34:25,2:41:20,9265,9680,6.9,750,108,112,-0.4,
Отрочество,otrochestvo,https://youtu.be/n3Wsnd8h9_s,20,Глава 21,2:41:20,2:45:39,9680,9939,4.3,461,107,112,-0.7,
Отрочество,otrochestvo,https://youtu.be/n3Wsnd8h9_s,21,Глава 22,2:45:39,2:52:16,9939,10336,6.6,755,114,112,+0.3,
Отрочество,otrochestvo,https://youtu.be/n3Wsnd8h9_s,22,Глава 23,2:52:16,2:57:42,10336,10662,5.4,585,108,112,-0.5,
Отрочество,otrochestvo,https://youtu.be/n3Wsnd8h9_s,23,Глава 24,2:57:42,3:00:05,10662,10805,2.4,248,104,112,-1.0,
Отрочество,otrochestvo,https://youtu.be/n3Wsnd8h9_s,24,Глава 25,3:00:05,3:05:06,10805,11106,5.0,523,104,112,-1.0,
Отрочество,otrochestvo,https://youtu.be/n3Wsnd8h9_s,25,Глава 26,3:05:06,3:14:25,11106,11665,9.3,1077,116,112,+0.5,
Отрочество,otrochestvo,https://youtu.be/n3Wsnd8h9_s,26,Глава 27,3:14:25,3:21:57,11665,12117,7.5,843,112,112,-0.0,
Братья Карамазовы,bratya-karamazovy,https://youtu.be/U5blK3O_Ivs,1,ЧАСТЬ ПЕРВАЯ — КНИГА ПЕРВАЯ — I Федор Павлович Карамазов,0:06:31,0:17:39,391,1059,11.1,1159,104,96,+1.3,
Братья Карамазовы,bratya-karamazovy,https://youtu.be/U5blK3O_Ivs,2,ЧАСТЬ ПЕРВАЯ — КНИГА ПЕРВАЯ — II Первого сына спровадил,0:17:39,0:27:35,1059,1655,9.9,1122,113,96,+2.7,
Братья Карамазовы,bratya-karamazovy,https://youtu.be/U5blK3O_Ivs,3,ЧАСТЬ ПЕРВАЯ — КНИГА ПЕРВАЯ — III Второй брак и вторые дети,0:27:35,0:48:26,1655,2906,20.9,2266,109,96,+2.0,
Братья Карамазовы,bratya-karamazovy,https://youtu.be/U5blK3O_Ivs,4,ЧАСТЬ ПЕРВАЯ — КНИГА ПЕРВАЯ — IV Третий сын Алеша,0:48:26,1:16:30,2906,4590,28.1,3075,110,96,+2.2,
Братья Карамазовы,bratya-karamazovy,https://youtu.be/U5blK3O_Ivs,5,ЧАСТЬ ПЕРВАЯ — КНИГА ПЕРВАЯ — V Старцы,1:16:30,1:47:13,4590,6433,30.7,3342,109,96,+2.1,
Братья Карамазовы,bratya-karamazovy,https://youtu.be/U5blK3O_Ivs,6,ЧАСТЬ ПЕРВАЯ — КНИГА ВТОРАЯ — I Приехали в монастырь,1:47:13,2:01:23,6433,7283,14.2,1556,110,96,+2.2,
Братья Карамазовы,bratya-karamazovy,https://youtu.be/U5blK3O_Ivs,7,ЧАСТЬ ПЕРВАЯ — КНИГА ВТОРАЯ — II Старый шут,2:01:23,2:30:19,7283,9019,28.9,3033,105,96,+1.4,
Братья Карамазовы,bratya-karamazovy,https://youtu.be/U5blK3O_Ivs,8,ЧАСТЬ ПЕРВАЯ — КНИГА ВТОРАЯ — III Верующие бабы,2:30:19,2:57:21,9019,10641,27.0,2565,95,96,-0.1,
Братья Карамазовы,bratya-karamazovy,https://youtu.be/U5blK3O_Ivs,9,ЧАСТЬ ПЕРВАЯ — КНИГА ВТОРАЯ — IV Маловерная дама,2:57:21,3:21:40,10641,12100,24.3,2595,107,96,+1.7,
Братья Карамазовы,bratya-karamazovy,https://youtu.be/U5blK3O_Ivs,10,"ЧАСТЬ ПЕРВАЯ — КНИГА ВТОРАЯ — V Буди, буди!",3:21:40,3:52:02,12100,13922,30.4,3158,104,96,+1.3,
Братья Карамазовы,bratya-karamazovy,https://youtu.be/U5blK3O_Ivs,11,ЧАСТЬ ПЕРВАЯ — КНИГА ВТОРАЯ — VI Зачем живет такой человек!,3:52:02,4:25:20,13922,15920,33.3,3412,102,96,+1.1,
Братья Карамазовы,bratya-karamazovy,https://youtu.be/U5blK3O_Ivs,12,ЧАСТЬ ПЕРВАЯ — КНИГА ВТОРАЯ — VII Семинарист-карьерист,4:25:20,4:54:25,15920,17665,29.1,2884,99,96,+0.5,
Братья Карамазовы,bratya-karamazovy,https://youtu.be/U5blK3O_Ivs,13,ЧАСТЬ ПЕРВАЯ — КНИГА ВТОРАЯ — VIII Скандал,4:54:25,5:22:58,17665,19378,28.6,2926,102,96,+1.1,
Братья Карамазовы,bratya-karamazovy,https://youtu.be/U5blK3O_Ivs,14,ЧАСТЬ ПЕРВАЯ — КНИГА ТРЕТЬЯ — I В лакейской,5:22:58,5:43:09,19378,20589,20.2,1969,98,96,+0.3,
Братья Карамазовы,bratya-karamazovy,https://youtu.be/U5blK3O_Ivs,15,ЧАСТЬ ПЕРВАЯ — КНИГА ТРЕТЬЯ — II Лизавета смердящая,5:43:09,5:53:58,20589,21238,10.8,1512,140,96,+7.0,
Братья Карамазовы,bratya-karamazovy,https://youtu.be/U5blK3O_Ivs,16,ЧАСТЬ ПЕРВАЯ — КНИГА ТРЕТЬЯ — III Исповедь горячего сердца. В стихах,5:53:58,6:30:39,21238,23439,36.7,2866,78,96,-2.8,
Братья Карамазовы,bratya-karamazovy,https://youtu.be/U5blK3O_Ivs,17,ЧАСТЬ ПЕРВАЯ — КНИГА ТРЕТЬЯ — IV Исповедь горячего сердца. В анекдотах,6:30:39,7:01:09,23439,25269,30.5,2746,90,96,-0.9,
Братья Карамазовы,bratya-karamazovy,https://youtu.be/U5blK3O_Ivs,18,ЧАСТЬ ПЕРВАЯ — КНИГА ТРЕТЬЯ — V Исповедь горячего сердца. «Вверх пятами»,7:01:09,7:32:58,25269,27178,31.8,2798,88,96,-1.2,
Братья Карамазовы,bratya-karamazovy,https://youtu.be/U5blK3O_Ivs,19,ЧАСТЬ ПЕРВАЯ — КНИГА ТРЕТЬЯ — VI Смердяков,7:32:58,7:51:43,27178,28303,18.8,1833,98,96,+0.3,
Братья Карамазовы,bratya-karamazovy,https://youtu.be/U5blK3O_Ivs,20,ЧАСТЬ ПЕРВАЯ — КНИГА ТРЕТЬЯ — VII Контроверза,7:51:43,8:11:21,28303,29481,19.6,1939,99,96,+0.5,
Братья Карамазовы,bratya-karamazovy,https://youtu.be/U5blK3O_Ivs,21,ЧАСТЬ ПЕРВАЯ — КНИГА ТРЕТЬЯ — VIII За коньячком,8:11:21,8:36:45,29481,31005,25.4,2320,91,96,-0.7,
Братья Карамазовы,bratya-karamazovy,https://youtu.be/U5blK3O_Ivs,22,ЧАСТЬ ПЕРВАЯ — КНИГА ТРЕТЬЯ — IX Сладострастники,8:36:45,8:55:26,31005,32126,18.7,1738,93,96,-0.4,
Братья Карамазовы,bratya-karamazovy,https://youtu.be/U5blK3O_Ivs,23,ЧАСТЬ ПЕРВАЯ — КНИГА ТРЕТЬЯ — X Обе вместе,8:55:26,9:35:50,32126,34550,40.4,3864,96,96,-0.0,
Братья Карамазовы,bratya-karamazovy,https://youtu.be/U5blK3O_Ivs,24,ЧАСТЬ ПЕРВАЯ — КНИГА ТРЕТЬЯ — XI Еще одна погибшая репутация,9:35:50,10:05:10,34550,36310,29.3,2650,90,96,-0.9,
Братья Карамазовы,bratya-karamazovy,https://youtu.be/4Dqww3ahXeQ,26,ЧАСТЬ ВТОРАЯ — КНИГА ЧЕТВЁРТАЯ — II У отца,0:38:42,0:55:06,2322,3306,16.4,1606,98,96,+0.3,
Братья Карамазовы,bratya-karamazovy,https://youtu.be/4Dqww3ahXeQ,27,ЧАСТЬ ВТОРАЯ — КНИГА ЧЕТВЁРТАЯ — III Связался со школьниками,0:55:06,1:10:07,3306,4207,15.0,1583,105,96,+1.5,
Братья Карамазовы,bratya-karamazovy,https://youtu.be/4Dqww3ahXeQ,28,ЧАСТЬ ВТОРАЯ — КНИГА ЧЕТВЁРТАЯ — IV У Хохлаковых,1:10:07,1:29:55,4207,5395,19.8,2091,106,96,+1.6,
Братья Карамазовы,bratya-karamazovy,https://youtu.be/4Dqww3ahXeQ,29,ЧАСТЬ ВТОРАЯ — КНИГА ЧЕТВЁРТАЯ — V Надрыв в гостиной,1:29:55,2:11:08,5395,7868,41.2,4044,98,96,+0.4,
Братья Карамазовы,bratya-karamazovy,https://youtu.be/4Dqww3ahXeQ,30,ЧАСТЬ ВТОРАЯ — КНИГА ЧЕТВЁРТАЯ — VI Надрыв в избе,2:11:08,2:42:44,7868,9764,31.6,2807,89,96,-1.1,
Братья Карамазовы,bratya-karamazovy,https://youtu.be/4Dqww3ahXeQ,31,ЧАСТЬ ВТОРАЯ — КНИГА ЧЕТВЁРТАЯ — VII И на чистом воздухе,2:42:44,3:25:15,9764,12315,42.5,3745,88,96,-1.2,
Братья Карамазовы,bratya-karamazovy,https://youtu.be/4Dqww3ahXeQ,32,ЧАСТЬ ВТОРАЯ — КНИГА ПЯТАЯ — I Сговор,3:25:15,4:02:10,12315,14530,36.9,3735,101,96,+0.9,
Братья Карамазовы,bratya-karamazovy,https://youtu.be/4Dqww3ahXeQ,33,ЧАСТЬ ВТОРАЯ — КНИГА ПЯТАЯ — II Смердяков с гитарой,4:02:10,4:23:55,14530,15835,21.8,2099,97,96,+0.1,
Братья Карамазовы,bratya-karamazovy,https://youtu.be/4Dqww3ahXeQ,34,ЧАСТЬ ВТОРАЯ — КНИГА ПЯТАЯ — III Братья знакомятся,4:23:55,4:58:05,15835,17885,34.2,3288,96,96,+0.1,
Братья Карамазовы,bratya-karamazovy,https://youtu.be/4Dqww3ahXeQ,35,ЧАСТЬ ВТОРАЯ — КНИГА ПЯТАЯ — IV Бунт,4:58:05,5:45:21,17885,20721,47.3,4169,88,96,-1.2,
Братья Карамазовы,bratya-karamazovy,https://youtu.be/4Dqww3ahXeQ,36,ЧАСТЬ ВТОРАЯ — КНИГА ПЯТАЯ — V Великий инквизитор,5:45:21,7:06:48,20721,25608,81.5,7701,95,96,-0.2,
Братья Карамазовы,bratya-karamazovy,https://youtu.be/4Dqww3ahXeQ,37,ЧАСТЬ ВТОРАЯ — КНИГА ПЯТАЯ — VI Пока еще очень неясная,7:06:48,7:44:38,25608,27878,37.8,3876,102,96,+1.1,
Братья Карамазовы,bratya-karamazovy,https://youtu.be/4Dqww3ahXeQ,38,ЧАСТЬ ВТОРАЯ — КНИГА ПЯТАЯ — VII «С умным человеком и поговорить любопытно»,7:44:38,8:11:32,27878,29492,26.9,2811,104,96,+1.4,
Братья Карамазовы,bratya-karamazovy,https://youtu.be/4Dqww3ahXeQ,39,ЧАСТЬ ВТОРАЯ — КНИГА ШЕСТАЯ — I Старец Зосима и его гости,8:11:32,8:27:05,29492,30425,15.6,1546,99,96,+0.6,
Братья Карамазовы,bratya-karamazovy,https://youtu.be/4Dqww3ahXeQ,40,"ЧАСТЬ ВТОРАЯ — КНИГА ШЕСТАЯ — II Из жития в бозе преставившегося иеросхимонаха старца Зосимы, составлено с собственных слов его Алексеем Федоровичем Карамазовым",8:27:05,8:41:31,30425,31291,14.4,1422,99,96,+0.4,
Братья Карамазовы,bratya-karamazovy,https://youtu.be/4Dqww3ahXeQ,41,ЧАСТЬ ВТОРАЯ — КНИГА ШЕСТАЯ — б) О Священном Писании в жизни отца Зосимы,8:41:31,9:04:44,31291,32684,23.2,2297,99,96,+0.5,
Братья Карамазовы,bratya-karamazovy,https://youtu.be/4Dqww3ahXeQ,42,ЧАСТЬ ВТОРАЯ — КНИГА ШЕСТАЯ — в) Воспоминание о юности и молодости старца Зосимы еще в миру. Поединок,9:04:44,9:31:26,32684,34286,26.7,2606,98,96,+0.3,
Братья Карамазовы,bratya-karamazovy,https://youtu.be/4Dqww3ahXeQ,43,ЧАСТЬ ВТОРАЯ — КНИГА ШЕСТАЯ — г) Таинственный посетитель,9:31:26,10:19:54,34286,37194,48.5,4721,97,96,+0.3,
Братья Карамазовы,bratya-karamazovy,https://youtu.be/4Dqww3ahXeQ,44,ЧАСТЬ ВТОРАЯ — КНИГА ШЕСТАЯ — III Из бесед и поучений старца Зосимы,10:19:54,10:29:01,37194,37741,9.1,827,91,96,-0.8,
Братья Карамазовы,bratya-karamazovy,https://youtu.be/4Dqww3ahXeQ,45,ЧАСТЬ ВТОРАЯ — КНИГА ШЕСТАЯ — III Из бесед и поучений старца Зосимы (продолжение),10:29:01,10:45:18,37741,38718,16.3,1476,91,96,-0.8,
Братья Карамазовы,bratya-karamazovy,https://youtu.be/4Dqww3ahXeQ,46,"ЧАСТЬ ВТОРАЯ — КНИГА ШЕСТАЯ — ж) О молитве, о любви и о соприкосновении мирам иным",10:45:18,10:57:02,38718,39422,11.7,1065,91,96,-0.8,
Братья Карамазовы,bratya-karamazovy,https://youtu.be/4Dqww3ahXeQ,47,ЧАСТЬ ВТОРАЯ — КНИГА ШЕСТАЯ — з) Можно ли быть судиею себе подобных? О вере до конца,10:57:02,11:04:55,39422,39895,7.9,719,91,96,-0.7,
Братья Карамазовы,bratya-karamazovy,https://youtu.be/4Dqww3ahXeQ,48,"ЧАСТЬ ВТОРАЯ — КНИГА ШЕСТАЯ — и) О аде и адском огне, рассуждение мистическое",11:04:55,11:15:52,39895,40552,10.9,999,91,96,-0.7,
Братья Карамазовы,bratya-karamazovy,https://youtu.be/vaMzsO4dxc4,50,ЧАСТЬ ТРЕТЬЯ — КНИГА СЕДЬМАЯ — II Такая минутка,0:46:58,1:09:09,2818,4149,22.2,2128,96,96,+0.0,
Братья Карамазовы,bratya-karamazovy,https://youtu.be/vaMzsO4dxc4,51,ЧАСТЬ ТРЕТЬЯ — КНИГА СЕДЬМАЯ — III Луковка,1:09:09,2:15:13,4149,8113,66.1,6313,96,96,-0.0,
Братья Карамазовы,bratya-karamazovy,https://youtu.be/vaMzsO4dxc4,52,ЧАСТЬ ТРЕТЬЯ — КНИГА СЕДЬМАЯ — IV Кана Галилейская,2:15:13,2:33:23,8113,9203,18.2,1524,84,96,-1.9,
Братья Карамазовы,bratya-karamazovy,https://youtu.be/vaMzsO4dxc4,53,ЧАСТЬ ТРЕТЬЯ — КНИГА ВОСЬМАЯ — I Кузьма Самсонов,2:33:23,3:14:16,9203,11656,40.9,3984,97,96,+0.3,
Братья Карамазовы,bratya-karamazovy,https://youtu.be/vaMzsO4dxc4,54,ЧАСТЬ ТРЕТЬЯ — КНИГА ВОСЬМАЯ — II Лягавый,3:14:16,3:50:43,11656,13843,36.5,2385,65,96,-4.8,
Братья Карамазовы,bratya-karamazovy,https://youtu.be/vaMzsO4dxc4,55,ЧАСТЬ ТРЕТЬЯ — КНИГА ВОСЬМАЯ — III Золотые прииски,3:50:43,4:30:04,13843,16204,39.4,3981,101,96,+0.9,
Братья Карамазовы,bratya-karamazovy,https://youtu.be/vaMzsO4dxc4,56,ЧАСТЬ ТРЕТЬЯ — КНИГА ВОСЬМАЯ — IV В темноте,4:30:04,4:50:03,16204,17403,20.0,1890,95,96,-0.2,
Братья Карамазовы,bratya-karamazovy,https://youtu.be/vaMzsO4dxc4,57,ЧАСТЬ ТРЕТЬЯ — КНИГА ВОСЬМАЯ — V Внезапное решение,4:50:03,5:45:47,17403,20747,55.7,5014,90,96,-0.9,
Братья Карамазовы,bratya-karamazovy,https://youtu.be/vaMzsO4dxc4,58,ЧАСТЬ ТРЕТЬЯ — КНИГА ВОСЬМАЯ — VI Сам еду!,5:45:47,6:13:56,20747,22436,28.1,2570,91,96,-0.7,
Братья Карамазовы,bratya-karamazovy,https://youtu.be/vaMzsO4dxc4,59,ЧАСТЬ ТРЕТЬЯ — КНИГА ВОСЬМАЯ — VII Прежний и бесспорный,6:13:56,7:09:41,22436,25781,55.8,5321,95,96,-0.1,
Братья Карамазовы,bratya-karamazovy,https://youtu.be/vaMzsO4dxc4,60,ЧАСТЬ ТРЕТЬЯ — КНИГА ВОСЬМАЯ — VIII Бред,7:09:41,8:01:18,25781,28878,51.6,4393,85,96,-1.7,
Братья Карамазовы,bratya-karamazovy,https://youtu.be/mBgLa4lcLPU,62,ЧАСТЬ ТРЕТЬЯ — КНИГА ДЕВЯТАЯ — II Тревога,0:21:49,0:44:18,1309,2658,22.5,2327,103,96,+1.2,
Братья Карамазовы,bratya-karamazovy,https://youtu.be/mBgLa4lcLPU,63,ЧАСТЬ ТРЕТЬЯ — КНИГА ДЕВЯТАЯ — III Хождение ДУШИ по мытарствам,0:44:18,1:14:59,2658,4499,30.7,2929,95,96,-0.1,
Братья Карамазовы,bratya-karamazovy,https://youtu.be/mBgLa4lcLPU,64,ЧАСТЬ ТРЕТЬЯ — КНИГА ДЕВЯТАЯ — IV Мытарство второе,1:14:59,1:40:25,4499,6025,25.4,2442,96,96,+0.0,
Братья Карамазовы,bratya-karamazovy,https://youtu.be/mBgLa4lcLPU,65,ЧАСТЬ ТРЕТЬЯ — КНИГА ДЕВЯТАЯ — V Третье мытарство,1:40:25,2:10:26,6025,7826,30.0,3527,118,96,+3.4,
Братья Карамазовы,bratya-karamazovy,https://youtu.be/mBgLa4lcLPU,66,ЧАСТЬ ТРЕТЬЯ — КНИГА ДЕВЯТАЯ — VI Прокурор поймал Митю,2:10:26,2:45:01,7826,9901,34.6,2585,75,96,-3.3,
Братья Карамазовы,bratya-karamazovy,https://youtu.be/mBgLa4lcLPU,67,ЧАСТЬ ТРЕТЬЯ — КНИГА ДЕВЯТАЯ — VII Великая тайна Мити. Освистали,2:45:01,3:24:34,9901,12274,39.5,3885,98,96,+0.4,
Братья Карамазовы,bratya-karamazovy,https://youtu.be/mBgLa4lcLPU,68,ЧАСТЬ ТРЕТЬЯ — КНИГА ДЕВЯТАЯ — VIII Показание свидетелей. Дитё,3:24:34,3:57:33,12274,14253,33.0,3199,97,96,+0.2,
Братья Карамазовы,bratya-karamazovy,https://youtu.be/mBgLa4lcLPU,69,ЧАСТЬ ТРЕТЬЯ — КНИГА ДЕВЯТАЯ — IX Увезли Митю,3:57:33,4:12:09,14253,15129,14.6,1201,82,96,-2.1,
Братья Карамазовы,bratya-karamazovy,https://youtu.be/SYfQdm8djmQ,71,ЧАСТЬ ЧЕТВЁРТАЯ — КНИГА ДЕСЯТАЯ — II Детвора,0:18:44,0:37:58,1124,2278,19.2,1899,99,96,+0.5,
Братья Карамазовы,bratya-karamazovy,https://youtu.be/SYfQdm8djmQ,72,ЧАСТЬ ЧЕТВЁРТАЯ — КНИГА ДЕСЯТАЯ — III Школьник,0:37:58,1:02:09,2278,3729,24.2,2277,94,96,-0.3,
Братья Карамазовы,bratya-karamazovy,https://youtu.be/SYfQdm8djmQ,73,ЧАСТЬ ЧЕТВЁРТАЯ — КНИГА ДЕСЯТАЯ — IV Жучка,1:02:09,1:28:50,3729,5330,26.7,2572,96,96,+0.1,
Братья Карамазовы,bratya-karamazovy,https://youtu.be/SYfQdm8djmQ,74,ЧАСТЬ ЧЕТВЁРТАЯ — КНИГА ДЕСЯТАЯ — V У Илюшиной постельки,1:28:50,2:25:55,5330,8755,57.1,5529,97,96,+0.2,
Братья Карамазовы,bratya-karamazovy,https://youtu.be/SYfQdm8djmQ,75,ЧАСТЬ ЧЕТВЁРТАЯ — КНИГА ДЕСЯТАЯ — VI Раннее развитие,2:25:55,2:48:57,8755,10137,23.0,2192,95,96,-0.1,
Братья Карамазовы,bratya-karamazovy,https://youtu.be/SYfQdm8djmQ,76,ЧАСТЬ ЧЕТВЁРТАЯ — КНИГА ДЕСЯТАЯ — VII Илюша,2:48:57,3:03:48,10137,11028,14.8,1189,80,96,-2.5,
Братья Карамазовы,bratya-karamazovy,https://youtu.be/SYfQdm8djmQ,77,ЧАСТЬ ЧЕТВЁРТАЯ — КНИГА ОДИННАДЦАТАЯ — I У Грушеньки,3:03:48,3:38:32,11028,13112,34.7,3333,96,96,+0.0,
Братья Карамазовы,bratya-karamazovy,https://youtu.be/SYfQdm8djmQ,78,ЧАСТЬ ЧЕТВЁРТАЯ — КНИГА ОДИННАДЦАТАЯ — II Больная ножка,3:38:32,4:12:26,13112,15146,33.9,3596,106,96,+1.6,
Братья Карамазовы,bratya-karamazovy,https://youtu.be/SYfQdm8djmQ,79,ЧАСТЬ ЧЕТВЁРТАЯ — КНИГА ОДИННАДЦАТАЯ — III Бесенок,4:12:26,4:34:17,15146,16457,21.9,1994,91,96,-0.7,
Братья Карамазовы,bratya-karamazovy,https://youtu.be/SYfQdm8djmQ,80,ЧАСТЬ ЧЕТВЁРТАЯ — КНИГА ОДИННАДЦАТАЯ — IV Гимн и секрет,4:34:17,5:26:01,16457,19561,51.7,4526,87,96,-1.3,
Братья Карамазовы,bratya-karamazovy,https://youtu.be/SYfQdm8djmQ,81,"ЧАСТЬ ЧЕТВЁРТАЯ — КНИГА ОДИННАДЦАТАЯ — V Не ты, не ты!",5:26:01,5:46:18,19561,20778,20.3,1889,93,96,-0.4,
Братья Карамазовы,bratya-karamazovy,https://youtu.be/SYfQdm8djmQ,82,ЧАСТЬ ЧЕТВЁРТАЯ — КНИГА ОДИННАДЦАТАЯ — VI Первое свидание со Смердяковым,5:46:18,6:21:28,20778,22888,35.2,3382,96,96,+0.1,
Братья Карамазовы,bratya-karamazovy,https://youtu.be/SYfQdm8djmQ,83,ЧАСТЬ ЧЕТВЁРТАЯ — КНИГА ОДИННАДЦАТАЯ — VII Второй визит к Смердякову,6:21:28,6:55:13,22888,24913,33.8,3200,95,96,-0.2,
Братья Карамазовы,bratya-karamazovy,https://youtu.be/SYfQdm8djmQ,84,"ЧАСТЬ ЧЕТВЁРТАЯ — КНИГА ОДИННАДЦАТАЯ — VIII Третье, и последнее, свидание со Смердяковым",6:55:13,7:52:17,24913,28337,57.1,5346,94,96,-0.3,
Братья Карамазовы,bratya-karamazovy,https://youtu.be/SYfQdm8djmQ,85,ЧАСТЬ ЧЕТВЁРТАЯ — КНИГА ОДИННАДЦАТАЯ — IX Черт. Кошмар Ивана Федоровича,7:52:17,9:02:23,28337,32543,70.1,6431,92,96,-0.6,
Братья Карамазовы,bratya-karamazovy,https://youtu.be/SYfQdm8djmQ,86,ЧАСТЬ ЧЕТВЁРТАЯ — КНИГА ОДИННАДЦАТАЯ — X «Это он говорил!»,9:02:23,9:23:33,32543,33813,21.2,1788,84,96,-1.8,
Братья Карамазовы,bratya-karamazovy,https://youtu.be/L7E1EY3ZLOY,88,ЧАСТЬ ЧЕТВЁРТАЯ — КНИГА ДВЕНАДЦАТАЯ — II Опасные свидетели,0:23:48,0:57:01,1428,3421,33.2,3124,94,96,-0.3,
Братья Карамазовы,bratya-karamazovy,https://youtu.be/L7E1EY3ZLOY,89,ЧАСТЬ ЧЕТВЁРТАЯ — КНИГА ДВЕНАДЦАТАЯ — III Медицинская экспертиза и один фунт орехов,0:57:01,1:16:38,3421,4598,19.6,1899,97,96,+0.2,
Братья Карамазовы,bratya-karamazovy,https://youtu.be/L7E1EY3ZLOY,90,ЧАСТЬ ЧЕТВЁРТАЯ — КНИГА ДВЕНАДЦАТАЯ — IV Счастье улыбается Мите,1:16:38,1:50:33,4598,6633,33.9,3359,99,96,+0.5,
Братья Карамазовы,bratya-karamazovy,https://youtu.be/L7E1EY3ZLOY,91,ЧАСТЬ ЧЕТВЁРТАЯ — КНИГА ДВЕНАДЦАТАЯ — V Внезапная катастрофа,1:50:33,2:26:21,6633,8781,35.8,3325,93,96,-0.5,
Братья Карамазовы,bratya-karamazovy,https://youtu.be/L7E1EY3ZLOY,92,ЧАСТЬ ЧЕТВЁРТАЯ — КНИГА ДВЕНАДЦАТАЯ — VI Речь прокурора. Характеристика,2:26:21,3:04:56,8781,11096,38.6,3602,93,96,-0.4,
Братья Карамазовы,bratya-karamazovy,https://youtu.be/L7E1EY3ZLOY,93,ЧАСТЬ ЧЕТВЁРТАЯ — КНИГА ДВЕНАДЦАТАЯ — VII Обзор исторический,3:04:56,3:25:14,11096,12314,20.3,1887,93,96,-0.4,
Братья Карамазовы,bratya-karamazovy,https://youtu.be/L7E1EY3ZLOY,94,ЧАСТЬ ЧЕТВЁРТАЯ — КНИГА ДВЕНАДЦАТАЯ — VIII Трактат о Смердякове,3:25:14,4:02:24,12314,14544,37.2,3614,97,96,+0.2,
Братья Карамазовы,bratya-karamazovy,https://youtu.be/L7E1EY3ZLOY,95,ЧАСТЬ ЧЕТВЁРТАЯ — КНИГА ДВЕНАДЦАТАЯ — IX Психология на всех парах. Скачущая тройка. Финал речи прокурора,4:02:24,4:43:49,14544,17029,41.4,3860,93,96,-0.4,
Братья Карамазовы,bratya-karamazovy,https://youtu.be/L7E1EY3ZLOY,96,ЧАСТЬ ЧЕТВЁРТАЯ — КНИГА ДВЕНАДЦАТАЯ — X Речь защитника. Палка о двух концах,4:43:49,5:00:03,17029,18003,16.2,1543,95,96,-0.1,
Братья Карамазовы,bratya-karamazovy,https://youtu.be/L7E1EY3ZLOY,97,ЧАСТЬ ЧЕТВЁРТАЯ — КНИГА ДВЕНАДЦАТАЯ — XI Денег не было. Грабежа не было,5:00:03,5:23:11,18003,19391,23.1,2363,102,96,+1.0,
Братья Карамазовы,bratya-karamazovy,https://youtu.be/L7E1EY3ZLOY,98,ЧАСТЬ ЧЕТВЁРТАЯ — КНИГА ДВЕНАДЦАТАЯ — XII Да и убийства не было,5:23:11,5:54:00,19391,21240,30.8,2880,93,96,-0.4,
Братья Карамазовы,bratya-karamazovy,https://youtu.be/L7E1EY3ZLOY,99,ЧАСТЬ ЧЕТВЁРТАЯ — КНИГА ДВЕНАДЦАТАЯ — XIII Прелюбодей мысли,5:54:00,6:23:34,21240,23014,29.6,2742,93,96,-0.5,
Братья Карамазовы,bratya-karamazovy,https://youtu.be/L7E1EY3ZLOY,100,ЧАСТЬ ЧЕТВЁРТАЯ — КНИГА ДВЕНАДЦАТАЯ — XIV Мужички за себя постояли,6:23:34,6:46:08,23014,24368,22.6,1967,87,96,-1.4,
Братья Карамазовы,bratya-karamazovy,https://youtu.be/L7E1EY3ZLOY,101,ЭПИЛОГ — I Проекты спасти Митю,6:46:08,7:05:15,24368,25515,19.1,1905,100,96,+0.6,
Братья Карамазовы,bratya-karamazovy,https://youtu.be/L7E1EY3ZLOY,102,ЭПИЛОГ — II На минутку ложь стала правдой,7:05:15,7:33:26,25515,27206,28.2,2468,88,96,-1.3,
Братья Карамазовы,bratya-karamazovy,https://youtu.be/L7E1EY3ZLOY,103,ЭПИЛОГ — III Похороны Илюшечки. Речь у камня,7:33:26,8:10:58,27206,29458,37.5,3292,88,96,-1.3,
Юность,yunost,https://youtu.be/BOIXjt-_2UI,0,Глава 1,0:00:14,0:03:34,14,214,3.3,356,107,110,-0.4,
Юность,yunost,https://youtu.be/BOIXjt-_2UI,1,Глава 2,0:03:34,0:12:22,214,742,8.8,861,98,110,-1.4,
Юность,yunost,https://youtu.be/BOIXjt-_2UI,2,Глава 3,0:12:22,0:21:08,742,1268,8.8,1035,118,110,+0.9,
Юность,yunost,https://youtu.be/BOIXjt-_2UI,3,Глава 4,0:21:08,0:32:08,1268,1928,11.0,1210,110,110,-0.0,
Юность,yunost,https://youtu.be/BOIXjt-_2UI,4,Глава 5,0:32:08,0:36:23,1928,2183,4.2,486,114,110,+0.5,
Юность,yunost,https://youtu.be/BOIXjt-_2UI,5,Глава 6,0:36:23,0:40:42,2183,2442,4.3,463,107,110,-0.3,
Юность,yunost,https://youtu.be/BOIXjt-_2UI,6,Глава 7,0:40:42,0:48:21,2442,2901,7.7,807,105,110,-0.5,
Юность,yunost,https://youtu.be/BOIXjt-_2UI,7,Глава 8,0:48:21,0:54:36,2901,3276,6.2,701,112,110,+0.2,
Юность,yunost,https://youtu.be/BOIXjt-_2UI,8,Глава 9,0:54:36,1:02:54,3276,3774,8.3,684,82,110,-3.2,
Юность,yunost,https://youtu.be/BOIXjt-_2UI,9,Глава 10,1:02:54,1:12:38,3774,4358,9.7,1327,136,110,+3.0,
Юность,yunost,https://youtu.be/BOIXjt-_2UI,10,Глава 11,1:12:38,1:20:07,4358,4807,7.5,806,108,110,-0.3,
Юность,yunost,https://youtu.be/BOIXjt-_2UI,11,Глава 12,1:20:07,1:29:56,4807,5396,9.8,998,102,110,-1.0,
Юность,yunost,https://youtu.be/BOIXjt-_2UI,12,Глава 13,1:29:56,1:42:15,5396,6135,12.3,1357,110,110,+0.0,
Юность,yunost,https://youtu.be/BOIXjt-_2UI,13,Глава 14,1:42:15,1:51:55,6135,6715,9.7,1049,109,110,-0.2,
Юность,yunost,https://youtu.be/BOIXjt-_2UI,14,Глава 15,1:51:55,2:00:33,6715,7233,8.6,1026,119,110,+1.0,
Юность,yunost,https://youtu.be/BOIXjt-_2UI,15,Глава 16,2:00:33,2:12:41,7233,7961,12.1,1309,108,110,-0.3,
Юность,yunost,https://youtu.be/BOIXjt-_2UI,16,Глава 17,2:12:41,2:21:09,7961,8469,8.5,1008,119,110,+1.0,
Юность,yunost,https://youtu.be/BOIXjt-_2UI,17,Глава 18,2:21:09,2:32:32,8469,9152,11.4,1368,120,110,+1.2,
Юность,yunost,https://youtu.be/BOIXjt-_2UI,18,Глава 19,2:32:32,2:39:52,9152,9592,7.3,801,109,110,-0.1,
Юность,yunost,https://youtu.be/BOIXjt-_2UI,19,Глава 20,2:39:52,2:48:46,9592,10126,8.9,1077,121,110,+1.3,
Юность,yunost,https://youtu.be/BOIXjt-_2UI,20,Глава 21,2:48:46,2:55:20,10126,10520,6.6,816,124,110,+1.6,
Юность,yunost,https://youtu.be/BOIXjt-_2UI,21,Глава 22,2:55:20,3:07:34,10520,11254,12.2,1401,115,110,+0.5,
Юность,yunost,https://youtu.be/BOIXjt-_2UI,22,Глава 23,3:07:34,3:20:35,11254,12035,13.0,1426,110,110,-0.1,
Юность,yunost,https://youtu.be/BOIXjt-_2UI,23,Глава 24,3:20:35,3:34:18,12035,12858,13.7,1341,98,110,-1.4,
Юность,yunost,https://youtu.be/BOIXjt-_2UI,24,Глава 25,3:34:18,3:47:48,12858,13668,13.5,1172,87,110,-2.7,
Юность,yunost,https://youtu.be/BOIXjt-_2UI,25,Глава 26,3:47:48,3:57:24,13668,14244,9.6,1200,125,110,+1.7,
Юность,yunost,https://youtu.be/BOIXjt-_2UI,26,Глава 27,3:57:24,4:07:49,14244,14869,10.4,1356,130,110,+2.3,
Юность,yunost,https://youtu.be/BOIXjt-_2UI,27,Глава 28,4:07:49,4:19:18,14869,15558,11.5,1237,108,110,-0.3,
Юность,yunost,https://youtu.be/BOIXjt-_2UI,28,Глава 29,4:19:18,4:31:10,15558,16270,11.9,1252,106,110,-0.5,
Юность,yunost,https://youtu.be/BOIXjt-_2UI,29,Глава 30,4:31:10,4:41:59,16270,16919,10.8,1086,100,110,-1.1,
Юность,yunost,https://youtu.be/BOIXjt-_2UI,30,Глава 31,4:41:59,4:50:22,16919,17422,8.4,873,104,110,-0.7,
Юность,yunost,https://youtu.be/BOIXjt-_2UI,31,Глава 32,4:50:22,5:07:13,17422,18433,16.9,1699,101,110,-1.1,
Юность,yunost,https://youtu.be/BOIXjt-_2UI,32,Глава 33,5:07:13,5:18:40,18433,19120,11.4,1195,104,110,-0.7,
Юность,yunost,https://youtu.be/BOIXjt-_2UI,33,Глава 34,5:18:40,5:27:35,19120,19655,8.9,965,108,110,-0.2,
Юность,yunost,https://youtu.be/BOIXjt-_2UI,34,Глава 35,5:27:35,5:39:27,19655,20367,11.9,1316,111,110,+0.1,
Юность,yunost,https://youtu.be/BOIXjt-_2UI,35,Глава 36,5:39:27,5:51:14,20367,21074,11.8,1315,112,110,+0.2,
Юность,yunost,https://youtu.be/BOIXjt-_2UI,36,Глава 37,5:51:14,5:56:57,21074,21417,5.7,697,122,110,+1.4,
Юность,yunost,https://youtu.be/BOIXjt-_2UI,37,Глава 38,5:56:57,6:03:20,21417,21800,6.4,766,120,110,+1.1,
Юность,yunost,https://youtu.be/BOIXjt-_2UI,38,Глава 39,6:03:20,6:13:44,21800,22424,10.4,1208,116,110,+0.7,
Юность,yunost,https://youtu.be/BOIXjt-_2UI,39,Глава 40,6:13:44,6:22:31,22424,22951,8.8,1072,122,110,+1.4,
Юность,yunost,https://youtu.be/BOIXjt-_2UI,40,Глава 41,6:22:31,6:33:18,22951,23598,10.8,1238,115,110,+0.5,
Юность,yunost,https://youtu.be/BOIXjt-_2UI,41,Глава 42,6:33:18,6:47:24,23598,24444,14.1,1524,108,110,-0.2,
Юность,yunost,https://youtu.be/BOIXjt-_2UI,42,Глава 43,6:47:24,7:03:38,24444,25418,16.2,1881,116,110,+0.7,
Юность,yunost,https://youtu.be/BOIXjt-_2UI,43,Глава 44,7:03:38,7:16:39,25418,26199,13.0,1503,115,110,+0.6,
Юность,yunost,https://youtu.be/BOIXjt-_2UI,44,Глава 45,7:16:39,7:24:49,26199,26689,8.2,985,121,110,+1.2,
Мать,mat,https://youtu.be/yhzpV9H4dPM,0,Часть первая — I,0:00:13,0:07:46,13,466,7.5,819,108,119,-1.3,
Мать,mat,https://youtu.be/yhzpV9H4dPM,1,Часть первая — II,0:07:46,0:13:46,466,826,6.0,679,113,119,-0.7,
Мать,mat,https://youtu.be/yhzpV9H4dPM,2,Часть первая — III,0:13:46,0:23:03,826,1383,9.3,1169,126,119,+0.9,
Мать,mat,https://youtu.be/yhzpV9H4dPM,3,Часть первая — IV,0:23:03,0:33:07,1383,1987,10.1,1260,125,119,+0.8,
Мать,mat,https://youtu.be/yhzpV9H4dPM,4,Часть первая — V,0:33:07,0:44:28,1987,2668,11.3,1319,116,119,-0.3,
Мать,mat,https://youtu.be/yhzpV9H4dPM,5,Часть первая — VI,0:44:28,0:57:21,2668,3441,12.9,1405,109,119,-1.3,
Мать,mat,https://youtu.be/yhzpV9H4dPM,6,Часть первая — VII,0:57:21,1:11:58,3441,4318,14.6,1756,120,119,+0.1,
Мать,mat,https://youtu.be/yhzpV9H4dPM,7,Часть первая — VIII,1:11:58,1:20:31,4318,4831,8.6,950,111,119,-1.0,
Мать,mat,https://youtu.be/yhzpV9H4dPM,8,Часть первая — IX,1:20:31,1:28:19,4831,5299,7.8,906,116,119,-0.4,
Мать,mat,https://youtu.be/yhzpV9H4dPM,9,Часть первая — X,1:28:19,1:41:36,5299,6096,13.3,1433,108,119,-1.4,
Мать,mat,https://youtu.be/yhzpV9H4dPM,10,Часть первая — XI,1:41:36,1:56:49,6096,7009,15.2,1703,112,119,-0.9,
Мать,mat,https://youtu.be/yhzpV9H4dPM,11,Часть первая — XII,1:56:49,2:10:41,7009,7841,13.9,1615,116,119,-0.3,
Мать,mat,https://youtu.be/yhzpV9H4dPM,12,Часть первая — XIII,2:10:41,2:19:51,7841,8391,9.2,940,103,119,-2.1,
Мать,mat,https://youtu.be/yhzpV9H4dPM,13,Часть первая — XIV,2:19:51,2:29:03,8391,8943,9.2,1289,140,119,+2.7,
Мать,mat,https://youtu.be/yhzpV9H4dPM,14,Часть первая — XV,2:29:03,2:48:07,8943,10087,19.1,2436,128,119,+1.1,
Мать,mat,https://youtu.be/yhzpV9H4dPM,15,Часть первая — XVI,2:48:07,2:59:04,10087,10744,10.9,1356,124,119,+0.6,
Мать,mat,https://youtu.be/yhzpV9H4dPM,16,Часть первая — XVII,2:59:04,3:05:35,10744,11135,6.5,800,123,119,+0.5,
Мать,mat,https://youtu.be/yhzpV9H4dPM,17,Часть первая — XVIII,3:05:35,3:18:27,11135,11907,12.9,1464,114,119,-0.7,
Мать,mat,https://youtu.be/yhzpV9H4dPM,18,Часть первая — XIX,3:18:27,3:27:37,11907,12457,9.2,1003,109,119,-1.2,
Мать,mat,https://youtu.be/yhzpV9H4dPM,19,Часть первая — XX,3:27:37,3:41:36,12457,13296,14.0,1497,107,119,-1.5,
Мать,mat,https://youtu.be/yhzpV9H4dPM,20,Часть первая — XXI,3:41:36,3:49:43,13296,13783,8.1,1070,132,119,+1.6,
Мать,mat,https://youtu.be/yhzpV9H4dPM,21,Часть первая — XXII,3:49:43,3:56:04,13783,14164,6.3,810,128,119,+1.1,
Мать,mat,https://youtu.be/yhzpV9H4dPM,22,Часть первая — XXIII,3:56:04,4:14:17,14164,15257,18.2,2221,122,119,+0.4,
Мать,mat,https://youtu.be/yhzpV9H4dPM,23,Часть первая — XXIV,4:14:17,4:30:03,15257,16203,15.8,1974,125,119,+0.8,
Мать,mat,https://youtu.be/yhzpV9H4dPM,24,Часть первая — XXV,4:30:03,4:51:09,16203,17469,21.1,2707,128,119,+1.2,
Мать,mat,https://youtu.be/yhzpV9H4dPM,25,Часть первая — XXVI,4:51:09,5:01:02,17469,18062,9.9,1226,124,119,+0.6,
Мать,mat,https://youtu.be/yhzpV9H4dPM,26,Часть первая — XXVII,5:01:02,5:18:50,18062,19130,17.8,2138,120,119,+0.1,
Мать,mat,https://youtu.be/yhzpV9H4dPM,27,Часть первая — XXVIII,5:18:50,5:26:13,19130,19573,7.4,877,119,119,-0.0,
Мать,mat,https://youtu.be/yhzpV9H4dPM,28,Часть первая — XXIX,5:26:13,5:34:47,19573,20087,8.6,970,113,119,-0.7,
Мать,mat,https://youtu.be/yhzpV9H4dPM,29,Часть вторая — I,5:34:47,5:50:54,20087,21054,16.1,1887,117,119,-0.2,
Мать,mat,https://youtu.be/yhzpV9H4dPM,30,Часть вторая — II,5:50:54,6:04:13,21054,21853,13.3,1678,126,119,+0.9,
Мать,mat,https://youtu.be/yhzpV9H4dPM,31,Часть вторая — III,6:04:13,6:16:10,21853,22570,11.9,1496,125,119,+0.8,
Мать,mat,https://youtu.be/yhzpV9H4dPM,32,Часть вторая — IV,6:16:10,6:23:25,22570,23005,7.2,928,128,119,+1.1,
Мать,mat,https://youtu.be/yhzpV9H4dPM,33,Часть вторая — V,6:23:25,6:40:22,23005,24022,16.9,1982,117,119,-0.3,
Мать,mat,https://youtu.be/yhzpV9H4dPM,34,Часть вторая — VI,6:40:22,7:02:08,24022,25328,21.8,2539,117,119,-0.3,
Мать,mat,https://youtu.be/yhzpV9H4dPM,35,Часть вторая — VII,7:02:08,7:13:54,25328,26034,11.8,1402,119,119,+0.0,
Мать,mat,https://youtu.be/yhzpV9H4dPM,36,Часть вторая — VIII,7:13:54,7:20:22,26034,26422,6.5,760,118,119,-0.2,
Мать,mat,https://youtu.be/yhzpV9H4dPM,37,Часть вторая — IX,7:20:22,7:34:46,26422,27286,14.4,1754,122,119,+0.4,
Мать,mat,https://youtu.be/yhzpV9H4dPM,38,Часть вторая — X,7:34:46,7:47:14,27286,28034,12.5,1354,109,119,-1.3,
Мать,mat,https://youtu.be/yhzpV9H4dPM,39,Часть вторая — XI,7:47:14,7:55:57,28034,28557,8.7,1051,121,119,+0.2,
Мать,mat,https://youtu.be/yhzpV9H4dPM,40,Часть вторая — XII,7:55:57,8:10:21,28557,29421,14.4,1674,116,119,-0.3,
Мать,mat,https://youtu.be/yhzpV9H4dPM,41,Часть вторая — XIII,8:10:21,8:19:26,29421,29966,9.1,1131,125,119,+0.7,
Мать,mat,https://youtu.be/yhzpV9H4dPM,42,Часть вторая — XIV,8:19:26,8:30:11,29966,30611,10.8,1276,119,119,-0.0,
Мать,mat,https://youtu.be/yhzpV9H4dPM,43,Часть вторая — XV,8:30:11,8:42:13,30611,31333,12.0,1442,120,119,+0.1,
Мать,mat,https://youtu.be/yhzpV9H4dPM,44,Часть вторая — XVI,8:42:13,9:00:18,31333,32418,18.1,2020,112,119,-0.9,
Мать,mat,https://youtu.be/yhzpV9H4dPM,45,Часть вторая — XVII,9:00:18,9:18:06,32418,33486,17.8,2046,115,119,-0.5,
Мать,mat,https://youtu.be/yhzpV9H4dPM,46,Часть вторая — XVIII,9:18:06,9:33:53,33486,34433,15.8,1858,118,119,-0.2,
Мать,mat,https://youtu.be/yhzpV9H4dPM,47,Часть вторая — XIX,9:33:53,9:47:17,34433,35237,13.4,1643,123,119,+0.5,
Мать,mat,https://youtu.be/yhzpV9H4dPM,48,Часть вторая — XX,9:47:17,9:56:33,35237,35793,9.3,1093,118,119,-0.1,
Мать,mat,https://youtu.be/yhzpV9H4dPM,49,Часть вторая — XXI,9:56:33,10:03:17,35793,36197,6.7,764,113,119,-0.7,
Мать,mat,https://youtu.be/yhzpV9H4dPM,50,Часть вторая — XXII,10:03:17,10:15:05,36197,36905,11.8,1375,117,119,-0.3,
Мать,mat,https://youtu.be/yhzpV9H4dPM,51,Часть вторая — XXIII,10:15:05,10:24:33,36905,37473,9.5,1264,134,119,+1.8,
Мать,mat,https://youtu.be/yhzpV9H4dPM,52,Часть вторая — XXIV,10:24:33,10:45:38,37473,38738,21.1,2639,125,119,+0.8,
Мать,mat,https://youtu.be/yhzpV9H4dPM,53,Часть вторая — XXV,10:45:38,10:59:41,38738,39581,14.1,1698,121,119,+0.2,
Мать,mat,https://youtu.be/yhzpV9H4dPM,54,Часть вторая — XXVI,10:59:41,11:14:45,39581,40485,15.1,1765,117,119,-0.2,
Мать,mat,https://youtu.be/yhzpV9H4dPM,55,Часть вторая — XXVII,11:14:45,11:26:12,40485,41172,11.4,1443,126,119,+0.9,
Мать,mat,https://youtu.be/yhzpV9H4dPM,56,Часть вторая — XXVIII,11:26:12,11:47:15,41172,42435,21.1,2575,122,119,+0.4,
Мать,mat,https://youtu.be/yhzpV9H4dPM,57,Часть вторая — XXIX,11:47:15,11:59:48,42435,43188,12.6,1678,134,119,+1.9,
Господа Головлёвы,gospoda-golovlevy,https://youtu.be/eFS0jQOlijs,0,Глава 1,0:01:11,2:07:52,71,7672,126.7,16885,133,117,+2.3,
Господа Головлёвы,gospoda-golovlevy,https://youtu.be/eFS0jQOlijs,1,Глава 2,2:07:52,3:59:57,7672,14397,112.1,13139,117,117,+0.0,
Господа Головлёвы,gospoda-golovlevy,https://youtu.be/eFS0jQOlijs,2,Глава 3,3:59:57,6:04:45,14397,21885,124.8,14654,117,117,+0.0,
Господа Головлёвы,gospoda-golovlevy,https://youtu.be/eFS0jQOlijs,3,Глава 4,6:04:45,8:05:08,21885,29108,120.4,14382,119,117,+0.3,
Господа Головлёвы,gospoda-golovlevy,https://youtu.be/eFS0jQOlijs,4,Глава 5,8:05:08,9:23:42,29108,33822,78.6,8879,113,117,-0.6,
Господа Головлёвы,gospoda-golovlevy,https://youtu.be/eFS0jQOlijs,5,Глава 6,9:23:42,10:45:47,33822,38747,82.1,9501,116,117,-0.2,
Господа Головлёвы,gospoda-golovlevy,https://youtu.be/eFS0jQOlijs,6,Глава 7,10:45:47,12:29:11,38747,44951,103.4,11733,113,117,-0.5,
Дым,dym,https://youtu.be/ypv0CvWL3Kk,0,Глава 1,0:01:38,0:09:45,98,585,8.1,882,109,107,+0.2,
Дым,dym,https://youtu.be/ypv0CvWL3Kk,1,Глава 2,0:09:45,0:18:08,585,1088,8.4,940,112,107,+0.7,
Дым,dym,https://youtu.be/ypv0CvWL3Kk,2,Глава 3,0:18:08,0:32:39,1088,1959,14.5,1307,90,107,-2.1,
Дым,dym,https://youtu.be/ypv0CvWL3Kk,3,Глава 4,0:32:39,0:56:57,1959,3417,24.3,2379,98,107,-1.1,
Дым,dym,https://youtu.be/ypv0CvWL3Kk,4,Глава 5,0:56:57,1:26:00,3417,5160,29.1,3112,107,107,+0.0,
Дым,dym,https://youtu.be/ypv0CvWL3Kk,5,Глава 6,1:26:00,1:32:30,5160,5550,6.5,731,112,107,+0.7,
Дым,dym,https://youtu.be/ypv0CvWL3Kk,6,Глава 7,1:32:30,1:54:52,5550,6892,22.4,2331,104,107,-0.3,
Дым,dym,https://youtu.be/ypv0CvWL3Kk,7,Глава 8,1:54:52,3:02:34,6892,10954,67.7,6574,97,107,-1.2,
Дым,dym,https://youtu.be/ypv0CvWL3Kk,8,Глава 9,3:02:34,4:35:26,10954,16526,92.9,9533,103,107,-0.5,
Дым,dym,https://youtu.be/ypv0CvWL3Kk,9,Глава 10,4:35:26,6:29:48,16526,23388,114.4,12840,112,107,+0.7,
Дым,dym,https://youtu.be/ypv0CvWL3Kk,10,Глава 11,6:29:48,6:47:19,23388,24439,17.5,2059,118,107,+1.3,
Дым,dym,https://youtu.be/ypv0CvWL3Kk,11,Глава 12,6:47:19,7:42:30,24439,27750,55.2,5879,107,107,-0.0,
Дьявол,dyavol,https://youtu.be/zAqYP1qDPLA,0,Глава 1,0:00:02,0:00:55,2,55,0.9,84,95,107,-1.3,
Дьявол,dyavol,https://youtu.be/zAqYP1qDPLA,1,Глава 2,0:00:55,0:09:10,55,550,8.2,754,91,107,-1.8,
Дьявол,dyavol,https://youtu.be/zAqYP1qDPLA,2,Глава 3,0:09:10,0:11:04,550,664,1.9,337,177,107,+8.0,
Дьявол,dyavol,https://youtu.be/zAqYP1qDPLA,3,Глава 4,0:11:04,0:23:32,664,1412,12.5,1252,100,107,-0.7,
Дьявол,dyavol,https://youtu.be/zAqYP1qDPLA,4,Глава 5,0:23:32,0:32:49,1412,1969,9.3,1000,108,107,+0.1,
Дьявол,dyavol,https://youtu.be/zAqYP1qDPLA,5,Глава 6,0:32:49,0:37:15,1969,2235,4.4,487,110,107,+0.3,
Дьявол,dyavol,https://youtu.be/zAqYP1qDPLA,6,Глава 7,0:37:15,0:45:08,2235,2708,7.9,843,107,107,+0.0,
Дьявол,dyavol,https://youtu.be/zAqYP1qDPLA,7,Глава 8,0:45:08,0:52:42,2708,3162,7.6,795,105,107,-0.2,
Дьявол,dyavol,https://youtu.be/zAqYP1qDPLA,8,Глава 9,0:52:42,0:54:50,3162,3290,2.1,223,105,107,-0.3,
Дьявол,dyavol,https://youtu.be/zAqYP1qDPLA,9,Глава 10,0:54:50,1:01:48,3290,3708,7.0,728,104,107,-0.3,
Дьявол,dyavol,https://youtu.be/zAqYP1qDPLA,10,Глава 11,1:01:48,1:05:30,3708,3930,3.7,446,121,107,+1.5,
Дьявол,dyavol,https://youtu.be/zAqYP1qDPLA,11,Глава 12,1:05:30,1:10:57,3930,4257,5.5,515,94,107,-1.4,
Дьявол,dyavol,https://youtu.be/zAqYP1qDPLA,12,Глава 13,1:10:57,1:16:10,4257,4570,5.2,609,117,107,+1.1,
Дьявол,dyavol,https://youtu.be/zAqYP1qDPLA,13,Глава 14,1:16:10,1:21:56,4570,4916,5.8,644,112,107,+0.5,
Дьявол,dyavol,https://youtu.be/zAqYP1qDPLA,14,Глава 15,1:21:56,1:31:06,4916,5466,9.2,990,108,107,+0.1,
Дьявол,dyavol,https://youtu.be/zAqYP1qDPLA,15,Глава 16,1:31:06,1:36:50,5466,5810,5.7,656,114,107,+0.8,
Дьявол,dyavol,https://youtu.be/zAqYP1qDPLA,16,Глава 17,1:36:50,1:44:06,5810,6246,7.3,657,90,107,-1.9,
Дьявол,dyavol,https://youtu.be/zAqYP1qDPLA,17,Глава 18,1:44:06,1:50:36,6246,6636,6.5,731,112,107,+0.6,
Дьявол,dyavol,https://youtu.be/zAqYP1qDPLA,18,Глава 19,1:50:36,1:54:04,6636,6844,3.5,391,113,107,+0.7,
Дьявол,dyavol,https://youtu.be/zAqYP1qDPLA,19,Глава 20,1:54:04,1:57:48,6844,7068,3.7,410,110,107,+0.3,
Дьявол,dyavol,https://youtu.be/zAqYP1qDPLA,20,Глава 21,1:57:48,2:04:34,7068,7474,6.8,618,91,107,-1.8,
Дьявол,dyavol,https://youtu.be/zAqYP1qDPLA,21,Глава 22,2:04:34,2:08:49,7474,7729,4.2,330,78,107,-3.3,
Дьявол,dyavol,https://youtu.be/zAqYP1qDPLA,22,Глава 23,2:08:49,2:15:04,7729,8104,6.2,631,101,107,-0.7,
Иуда Искариот,iuda-iskariot,https://youtu.be/PCZTxHDhsOY,0,Глава 1,0:00:09,0:17:49,9,1069,17.7,1823,103,99,+0.7,
Иуда Искариот,iuda-iskariot,https://youtu.be/PCZTxHDhsOY,1,Глава 2,0:17:49,0:41:44,1069,2504,23.9,2576,108,99,+1.4,
Иуда Искариот,iuda-iskariot,https://youtu.be/PCZTxHDhsOY,2,Глава 3,0:41:44,1:00:07,2504,3607,18.4,1702,93,99,-1.1,
Иуда Искариот,iuda-iskariot,https://youtu.be/PCZTxHDhsOY,3,Глава 4,1:00:07,1:19:28,3607,4768,19.4,2015,104,99,+0.8,
Иуда Искариот,iuda-iskariot,https://youtu.be/PCZTxHDhsOY,4,Глава 5,1:19:28,1:39:32,4768,5972,20.1,1991,99,99,+0.0,
Иуда Искариот,iuda-iskariot,https://youtu.be/PCZTxHDhsOY,5,Глава 6,1:39:32,1:56:54,5972,7014,17.4,1753,101,99,+0.3,
Иуда Искариот,iuda-iskariot,https://youtu.be/PCZTxHDhsOY,6,Глава 7,1:56:54,2:19:11,7014,8351,22.3,2208,99,99,-0.0,
Иуда Искариот,iuda-iskariot,https://youtu.be/PCZTxHDhsOY,7,Глава 8,2:19:11,2:44:28,8351,9868,25.3,2188,87,99,-2.1,
Иуда Искариот,iuda-iskariot,https://youtu.be/PCZTxHDhsOY,8,Глава 9,2:44:28,3:10:17,9868,11417,25.8,2502,97,99,-0.4,
Капитанская дочка,kapitanskaya-dochka,https://youtu.be/mOuDB2bisnA,0,Глава 1,0:00:36,0:20:43,36,1243,20.1,2265,113,106,+0.9,
Капитанская дочка,kapitanskaya-dochka,https://youtu.be/mOuDB2bisnA,1,Глава 2,0:20:43,0:45:14,1243,2714,24.5,2481,101,106,-0.8,
Капитанская дочка,kapitanskaya-dochka,https://youtu.be/mOuDB2bisnA,2,Глава 3,0:45:14,1:00:20,2714,3620,15.1,1606,106,106,+0.0,
Капитанская дочка,kapitanskaya-dochka,https://youtu.be/mOuDB2bisnA,3,Глава 4,1:00:20,1:20:54,3620,4854,20.6,2331,113,106,+1.1,
Капитанская дочка,kapitanskaya-dochka,https://youtu.be/mOuDB2bisnA,4,Глава 5,1:20:54,1:39:34,4854,5974,18.7,2068,111,106,+0.7,
Капитанская дочка,kapitanskaya-dochka,https://youtu.be/mOuDB2bisnA,5,Глава 6,1:39:34,2:03:09,5974,7389,23.6,2558,108,106,+0.3,
Капитанская дочка,kapitanskaya-dochka,https://youtu.be/mOuDB2bisnA,6,Глава 7,2:03:09,2:21:18,7389,8478,18.1,1822,100,106,-0.9,
Капитанская дочка,kapitanskaya-dochka,https://youtu.be/mOuDB2bisnA,7,Глава 8,2:21:18,2:42:23,8478,9743,21.1,2093,99,106,-1.1,
Капитанская дочка,kapitanskaya-dochka,https://youtu.be/mOuDB2bisnA,8,Глава 9,2:42:23,2:54:45,9743,10485,12.4,1233,100,106,-1.0,
Капитанская дочка,kapitanskaya-dochka,https://youtu.be/mOuDB2bisnA,9,Глава 10,2:54:45,3:14:06,10485,11646,19.4,1951,101,106,-0.8,
Капитанская дочка,kapitanskaya-dochka,https://youtu.be/mOuDB2bisnA,10,Глава 11,3:14:06,3:40:55,11646,13255,26.8,2872,107,106,+0.1,
Капитанская дочка,kapitanskaya-dochka,https://youtu.be/mOuDB2bisnA,11,Глава 12,3:40:55,3:57:02,13255,14222,16.1,1741,108,106,+0.3,
Капитанская дочка,kapitanskaya-dochka,https://youtu.be/mOuDB2bisnA,12,Глава 13,3:57:02,4:13:46,14222,15226,16.7,1741,104,106,-0.4,
Капитанская дочка,kapitanskaya-dochka,https://youtu.be/mOuDB2bisnA,13,Глава 14,4:13:46,4:41:30,15226,16890,27.7,2904,105,106,-0.3,
Капитанская дочка,kapitanskaya-dochka,https://youtu.be/mOuDB2bisnA,14,Глава 15,4:41:30,5:09:28,16890,18568,28.0,2978,106,106,+0.0,
Крейцерова соната,kreytserova-sonata,https://youtu.be/7TY6XFtFSOQ,0,Глава 1,0:00:32,0:01:24,32,84,0.9,72,83,108,-3.8,
Крейцерова соната,kreytserova-sonata,https://youtu.be/7TY6XFtFSOQ,1,Глава 2,0:01:24,0:14:49,84,889,13.4,1533,114,108,+0.9,
Крейцерова соната,kreytserova-sonata,https://youtu.be/7TY6XFtFSOQ,2,Глава 3,0:14:49,0:26:24,889,1584,11.6,1223,106,108,-0.4,
Крейцерова соната,kreytserova-sonata,https://youtu.be/7TY6XFtFSOQ,3,Глава 4,0:26:24,0:30:18,1584,1818,3.9,419,107,108,-0.1,
Крейцерова соната,kreytserova-sonata,https://youtu.be/7TY6XFtFSOQ,4,Глава 5,0:30:18,0:37:43,1818,2263,7.4,770,104,108,-0.7,
Крейцерова соната,kreytserova-sonata,https://youtu.be/7TY6XFtFSOQ,5,Глава 6,0:37:43,0:45:35,2263,2735,7.9,857,109,108,+0.1,
Крейцерова соната,kreytserova-sonata,https://youtu.be/7TY6XFtFSOQ,6,Глава 7,0:45:35,0:49:41,2735,2981,4.1,406,99,108,-1.4,
Крейцерова соната,kreytserova-sonata,https://youtu.be/7TY6XFtFSOQ,7,Глава 8,0:49:41,0:52:48,2981,3168,3.1,318,102,108,-0.9,
Крейцерова соната,kreytserova-sonata,https://youtu.be/7TY6XFtFSOQ,8,Глава 9,0:52:48,0:56:20,3168,3380,3.5,357,101,108,-1.1,
Крейцерова соната,kreytserova-sonata,https://youtu.be/7TY6XFtFSOQ,9,Глава 10,0:56:20,1:01:40,3380,3700,5.3,523,98,108,-1.5,
Крейцерова соната,kreytserova-sonata,https://youtu.be/7TY6XFtFSOQ,10,Глава 11,1:01:40,1:05:47,3700,3947,4.1,419,102,108,-1.0,
Крейцерова соната,kreytserova-sonata,https://youtu.be/7TY6XFtFSOQ,11,Глава 12,1:05:47,1:16:09,3947,4569,10.4,1121,108,108,-0.0,
Крейцерова соната,kreytserova-sonata,https://youtu.be/7TY6XFtFSOQ,12,Глава 13,1:16:09,1:24:38,4569,5078,8.5,919,108,108,+0.0,
Крейцерова соната,kreytserova-sonata,https://youtu.be/7TY6XFtFSOQ,13,Глава 14,1:24:38,1:32:56,5078,5576,8.3,907,109,108,+0.1,
Крейцерова соната,kreytserova-sonata,https://youtu.be/7TY6XFtFSOQ,14,Глава 15,1:32:56,1:40:47,5576,6047,7.8,873,111,108,+0.4,
Крейцерова соната,kreytserova-sonata,https://youtu.be/7TY6XFtFSOQ,15,Глава 16,1:40:47,1:46:39,6047,6399,5.9,681,116,108,+1.2,
Крейцерова соната,kreytserova-sonata,https://youtu.be/7TY6XFtFSOQ,16,Глава 17,1:46:39,1:57:25,6399,7045,10.8,1255,117,108,+1.2,
Крейцерова соната,kreytserova-sonata,https://youtu.be/7TY6XFtFSOQ,17,Глава 18,1:57:25,2:03:36,7045,7416,6.2,680,110,108,+0.2,
Крейцерова соната,kreytserova-sonata,https://youtu.be/7TY6XFtFSOQ,18,Глава 19,2:03:36,2:08:37,7416,7717,5.0,488,97,108,-1.7,
Крейцерова соната,kreytserova-sonata,https://youtu.be/7TY6XFtFSOQ,19,Глава 20,2:08:37,2:17:00,7717,8220,8.4,937,112,108,+0.5,
Крейцерова соната,kreytserova-sonata,https://youtu.be/7TY6XFtFSOQ,20,Глава 21,2:17:00,2:25:42,8220,8742,8.7,1027,118,108,+1.5,
Крейцерова соната,kreytserova-sonata,https://youtu.be/7TY6XFtFSOQ,21,Глава 22,2:25:42,2:41:33,8742,9693,15.8,1820,115,108,+1.0,
Крейцерова соната,kreytserova-sonata,https://youtu.be/7TY6XFtFSOQ,22,Глава 23,2:41:33,2:49:34,9693,10174,8.0,889,111,108,+0.4,
Крейцерова соната,kreytserova-sonata,https://youtu.be/7TY6XFtFSOQ,23,Глава 24,2:49:34,3:00:07,10174,10807,10.6,1089,103,108,-0.8,
Крейцерова соната,kreytserova-sonata,https://youtu.be/7TY6XFtFSOQ,24,Глава 25,3:00:07,3:06:45,10807,11205,6.6,727,110,108,+0.2,
Крейцерова соната,kreytserova-sonata,https://youtu.be/7TY6XFtFSOQ,25,Глава 26,3:06:45,3:19:09,11205,11949,12.4,1386,112,108,+0.5,
Крейцерова соната,kreytserova-sonata,https://youtu.be/7TY6XFtFSOQ,26,Глава 27,3:19:09,3:30:03,11949,12603,10.9,1152,106,108,-0.4,
Крейцерова соната,kreytserova-sonata,https://youtu.be/7TY6XFtFSOQ,27,Глава 28,3:30:03,3:45:25,12603,13525,15.4,1690,110,108,+0.2,
Крейцерова соната,kreytserova-sonata,https://youtu.be/7TY6XFtFSOQ,28,Глава 29,3:45:25,3:52:16,13525,13936,6.8,687,100,108,-1.2,
Мёртвые души,myortvye-dushi,https://youtu.be/yx-95Wr-P5U,0,Глава 1,0:05:42,0:34:44,342,2084,29.0,3769,130,109,+3.1,
Мёртвые души,myortvye-dushi,https://youtu.be/yx-95Wr-P5U,1,Глава 2,0:34:44,1:30:31,2084,5431,55.8,6082,109,109,+0.0,
Мёртвые души,myortvye-dushi,https://youtu.be/yx-95Wr-P5U,2,Глава 3,1:30:31,2:24:51,5431,8691,54.3,6368,117,109,+1.2,
Мёртвые души,myortvye-dushi,https://youtu.be/yx-95Wr-P5U,3,Глава 4,2:24:51,3:37:12,8691,13032,72.3,8210,113,109,+0.7,
Мёртвые души,myortvye-dushi,https://youtu.be/yx-95Wr-P5U,4,Глава 5,3:37:12,4:36:46,13032,16606,59.6,6372,107,109,-0.3,
Мёртвые души,myortvye-dushi,https://youtu.be/yx-95Wr-P5U,5,Глава 6,4:36:46,5:43:17,16606,20597,66.5,7138,107,109,-0.2,
Мёртвые души,myortvye-dushi,https://youtu.be/yx-95Wr-P5U,6,Глава 7,5:43:17,6:42:55,20597,24175,59.6,6493,109,109,+0.0,
Мёртвые души,myortvye-dushi,https://youtu.be/yx-95Wr-P5U,7,Глава 8,6:42:55,7:56:31,24175,28591,73.6,7791,106,109,-0.4,
Мёртвые души,myortvye-dushi,https://youtu.be/yx-95Wr-P5U,8,Глава 9,7:56:31,8:58:57,28591,32337,62.4,5978,96,109,-1.9,
Мёртвые души,myortvye-dushi,https://youtu.be/yx-95Wr-P5U,9,Глава 10,8:58:57,9:50:30,32337,35430,51.5,6283,122,109,+1.9,
Мёртвые души,myortvye-dushi,https://youtu.be/yx-95Wr-P5U,10,Глава 11,9:50:30,11:33:40,35430,41620,103.2,10759,104,109,-0.7,
Мужики,muzhiki,https://youtu.be/8q0TTfdCnlU,0,Глава 1,0:00:57,0:11:46,57,706,10.8,1283,119,119,+0.0,
Мужики,muzhiki,https://youtu.be/8q0TTfdCnlU,1,Глава 2,0:11:46,0:15:56,706,956,4.2,479,115,119,-0.5,
Мужики,muzhiki,https://youtu.be/8q0TTfdCnlU,2,Глава 3,0:15:56,0:24:18,956,1458,8.4,969,116,119,-0.4,
Мужики,muzhiki,https://youtu.be/8q0TTfdCnlU,3,Глава 4,0:24:18,0:32:57,1458,1977,8.7,1034,120,119,+0.1,
Мужики,muzhiki,https://youtu.be/8q0TTfdCnlU,4,Глава 5,0:32:57,0:42:58,1977,2578,10.0,1184,118,119,-0.1,
Мужики,muzhiki,https://youtu.be/8q0TTfdCnlU,5,Глава 6,0:42:58,0:51:31,2578,3091,8.6,1132,132,119,+1.9,
Мужики,muzhiki,https://youtu.be/8q0TTfdCnlU,6,Глава 7,0:51:31,1:00:40,3091,3640,9.2,1141,125,119,+0.9,
Мужики,muzhiki,https://youtu.be/8q0TTfdCnlU,7,Глава 8,1:00:40,1:09:32,3640,4172,8.9,1105,125,119,+0.8,
Мужики,muzhiki,https://youtu.be/8q0TTfdCnlU,8,Глава 9,1:09:32,1:17:53,4172,4673,8.3,866,104,119,-2.1,
Накануне,nakanune,https://youtu.be/ttJEPOe0ndw,0,Глава 1,0:00:11,0:21:16,11,1276,21.1,2434,115,113,+0.4,
Накануне,nakanune,https://youtu.be/ttJEPOe0ndw,1,Глава 2,0:21:16,0:26:30,1276,1590,5.2,583,111,113,-0.2,
Накануне,nakanune,https://youtu.be/ttJEPOe0ndw,2,Глава 3,0:26:30,0:34:20,1590,2060,7.8,903,115,113,+0.4,
Накануне,nakanune,https://youtu.be/ttJEPOe0ndw,3,Глава 4,0:34:20,0:45:22,2060,2722,11.0,1222,111,113,-0.3,
Накануне,nakanune,https://youtu.be/ttJEPOe0ndw,4,Глава 5,0:45:22,0:58:07,2722,3487,12.8,1395,109,113,-0.5,
Накануне,nakanune,https://youtu.be/ttJEPOe0ndw,5,Глава 6,0:58:07,1:08:38,3487,4118,10.5,1226,117,113,+0.6,
Накануне,nakanune,https://youtu.be/ttJEPOe0ndw,6,Глава 7,1:08:38,1:17:07,4118,4627,8.5,997,118,113,+0.7,
Накануне,nakanune,https://youtu.be/ttJEPOe0ndw,7,Глава 8,1:17:07,1:31:00,4627,5460,13.9,1394,100,113,-1.8,
Накануне,nakanune,https://youtu.be/ttJEPOe0ndw,8,Глава 9,1:31:00,1:41:48,5460,6108,10.8,1067,99,113,-2.0,
Накануне,nakanune,https://youtu.be/ttJEPOe0ndw,9,Глава 10,1:41:48,1:56:12,6108,6972,14.4,1217,85,113,-4.2,
Накануне,nakanune,https://youtu.be/ttJEPOe0ndw,10,Глава 11,1:56:12,2:06:57,6972,7617,10.8,1166,108,113,-0.6,
Накануне,nakanune,https://youtu.be/ttJEPOe0ndw,11,Глава 12,2:06:57,2:19:12,7617,8352,12.2,1114,91,113,-3.2,
Накануне,nakanune,https://youtu.be/ttJEPOe0ndw,12,Глава 13,2:19:12,2:26:12,8352,8772,7.0,669,96,113,-2.5,
Накануне,nakanune,https://youtu.be/ttJEPOe0ndw,13,Глава 14,2:26:12,2:38:57,8772,9537,12.8,1105,87,113,-3.8,
Накануне,nakanune,https://youtu.be/ttJEPOe0ndw,14,Глава 15,2:38:57,3:07:55,9537,11275,29.0,3018,104,113,-1.2,
Накануне,nakanune,https://youtu.be/ttJEPOe0ndw,15,Глава 16,3:07:55,3:21:52,11275,12112,13.9,1790,128,113,+2.3,
Накануне,nakanune,https://youtu.be/ttJEPOe0ndw,16,Глава 17,3:21:52,3:35:26,12112,12926,13.6,1490,110,113,-0.4,
Накануне,nakanune,https://youtu.be/ttJEPOe0ndw,17,Глава 18,3:35:26,3:49:11,12926,13751,13.8,1380,100,113,-1.8,
Накануне,nakanune,https://youtu.be/ttJEPOe0ndw,18,Глава 19,3:49:11,3:56:15,13751,14175,7.1,930,132,113,+2.8,
Накануне,nakanune,https://youtu.be/ttJEPOe0ndw,19,Глава 20,3:56:15,4:03:24,14175,14604,7.2,754,105,113,-1.1,
Накануне,nakanune,https://youtu.be/ttJEPOe0ndw,20,Глава 21,4:03:24,4:07:05,14604,14825,3.7,434,118,113,+0.8,
Накануне,nakanune,https://youtu.be/ttJEPOe0ndw,21,Глава 22,4:07:05,4:21:07,14825,15667,14.0,1600,114,113,+0.2,
Накануне,nakanune,https://youtu.be/ttJEPOe0ndw,22,Глава 23,4:21:07,4:33:39,15667,16419,12.5,1479,118,113,+0.8,
Накануне,nakanune,https://youtu.be/ttJEPOe0ndw,23,Глава 24,4:33:39,4:40:56,16419,16856,7.3,820,113,113,+0.0,
Накануне,nakanune,https://youtu.be/ttJEPOe0ndw,24,Глава 25,4:40:56,4:53:02,16856,17582,12.1,1402,116,113,+0.5,
Накануне,nakanune,https://youtu.be/ttJEPOe0ndw,25,Глава 26,4:53:02,4:57:22,17582,17842,4.3,500,115,113,+0.4,
Накануне,nakanune,https://youtu.be/ttJEPOe0ndw,26,Глава 27,4:57:22,5:01:11,17842,18071,3.8,425,111,113,-0.2,
Накануне,nakanune,https://youtu.be/ttJEPOe0ndw,27,Глава 28,5:01:11,5:12:47,18071,18767,11.6,1383,119,113,+1.0,
Накануне,nakanune,https://youtu.be/ttJEPOe0ndw,28,Глава 29,5:12:47,5:22:03,18767,19323,9.3,1131,122,113,+1.4,
Накануне,nakanune,https://youtu.be/ttJEPOe0ndw,29,Глава 30,5:22:03,5:37:21,19323,20241,15.3,1743,114,113,+0.2,
Накануне,nakanune,https://youtu.be/ttJEPOe0ndw,30,Глава 31,5:37:21,5:42:51,20241,20571,5.5,618,112,113,-0.0,
Накануне,nakanune,https://youtu.be/ttJEPOe0ndw,31,Глава 32,5:42:51,5:51:59,20571,21119,9.1,996,109,113,-0.5,
Накануне,nakanune,https://youtu.be/ttJEPOe0ndw,32,Глава 33,5:51:59,6:14:23,21119,22463,22.4,2610,117,113,+0.6,
Накануне,nakanune,https://youtu.be/ttJEPOe0ndw,33,Глава 34,6:14:23,6:25:57,22463,23157,11.6,1313,114,113,+0.1,
Накануне,nakanune,https://youtu.be/ttJEPOe0ndw,34,Глава 35,6:25:57,6:36:26,23157,23786,10.5,1223,117,113,+0.6,
Новь,nov,https://youtu.be/Sdxmls9hcL0,0,Глава 1,0:00:38,0:15:33,38,933,14.9,1646,110,109,+0.2,
Новь,nov,https://youtu.be/Sdxmls9hcL0,1,Глава 2,0:15:33,0:32:36,933,1956,17.1,1672,98,109,-1.0,
Новь,nov,https://youtu.be/Sdxmls9hcL0,2,Глава 3,0:32:36,0:48:15,1956,2895,15.7,1921,123,109,+1.3,
Новь,nov,https://youtu.be/Sdxmls9hcL0,3,Глава 4,0:48:15,1:05:05,2895,3905,16.8,1829,109,109,+0.0,
Новь,nov,https://youtu.be/Sdxmls9hcL0,4,Глава 5,1:05:05,1:20:30,3905,4830,15.4,1428,93,109,-1.5,
Новь,nov,https://youtu.be/Sdxmls9hcL0,5,Глава 6,1:20:30,1:34:11,4830,5651,13.7,1584,116,109,+0.7,
Новь,nov,https://youtu.be/Sdxmls9hcL0,6,Глава 7,1:34:11,1:53:03,5651,6783,18.9,1945,103,109,-0.5,
Новь,nov,https://youtu.be/Sdxmls9hcL0,7,Глава 8,1:53:03,3:37:33,6783,13053,104.5,11164,107,109,-0.2,
Новь,nov,https://youtu.be/Sdxmls9hcL0,8,Глава 9,3:37:33,3:57:27,13053,14247,19.9,2725,137,109,+2.7,
Новь,nov,https://youtu.be/Sdxmls9hcL0,9,Глава 10,3:57:27,4:13:15,14247,15195,15.8,1788,113,109,+0.4,
Новь,nov,https://youtu.be/Sdxmls9hcL0,10,Глава 11,4:13:15,4:29:28,15195,16168,16.2,1613,99,109,-0.9,
Новь,nov,https://youtu.be/Sdxmls9hcL0,11,Глава 12,4:29:28,4:44:48,16168,17088,15.3,1395,91,109,-1.7,
Новь,nov,https://youtu.be/Sdxmls9hcL0,12,Глава 13,4:44:48,5:28:17,17088,19697,43.5,5708,131,109,+2.1,
Новь,nov,https://youtu.be/Sdxmls9hcL0,13,Глава 14,5:28:17,6:07:56,19697,22076,39.6,4493,113,109,+0.4,
Новь,nov,https://youtu.be/Sdxmls9hcL0,14,Глава 15,6:07:56,6:30:57,22076,23457,23.0,2746,119,109,+1.0,
Новь,nov,https://youtu.be/Sdxmls9hcL0,15,Глава 16,6:30:57,7:03:04,23457,25384,32.1,3776,118,109,+0.8,
Новь,nov,https://youtu.be/Sdxmls9hcL0,16,Глава 17,7:03:04,7:27:22,25384,26842,24.3,2379,98,109,-1.0,
Новь,nov,https://youtu.be/Sdxmls9hcL0,17,Глава 18,7:27:22,7:44:12,26842,27852,16.8,1945,116,109,+0.7,
Новь,nov,https://youtu.be/Sdxmls9hcL0,18,Глава 19,7:44:12,8:01:32,27852,28892,17.3,1813,105,109,-0.4,
Новь,nov,https://youtu.be/Sdxmls9hcL0,19,Глава 20,8:01:32,8:23:49,28892,30229,22.3,2474,111,109,+0.2,
Новь,nov,https://youtu.be/Sdxmls9hcL0,20,Глава 21,8:23:49,8:47:35,30229,31655,23.8,2739,115,109,+0.6,
Новь,nov,https://youtu.be/Sdxmls9hcL0,21,Глава 22,8:47:35,9:01:32,31655,32492,13.9,1500,108,109,-0.1,
Новь,nov,https://youtu.be/Sdxmls9hcL0,22,Глава 23,9:01:32,9:14:55,32492,33295,13.4,1609,120,109,+1.1,
Новь,nov,https://youtu.be/Sdxmls9hcL0,23,Глава 24,9:14:55,9:31:44,33295,34304,16.8,1820,108,109,-0.0,
Новь,nov,https://youtu.be/Sdxmls9hcL0,24,Глава 25,9:31:44,9:58:24,34304,35904,26.7,2566,96,109,-1.2,
Новь,nov,https://youtu.be/Sdxmls9hcL0,25,Глава 26,9:58:24,10:26:05,35904,37565,27.7,2986,108,109,-0.1,
Новь,nov,https://youtu.be/Sdxmls9hcL0,26,Глава 27,10:26:05,10:40:30,37565,38430,14.4,1526,106,109,-0.3,
Новь,nov,https://youtu.be/Sdxmls9hcL0,27,Глава 28,10:40:30,11:02:10,38430,39730,21.7,1906,88,109,-2.0,
Новь,nov,https://youtu.be/Sdxmls9hcL0,28,Глава 29,11:02:10,11:22:45,39730,40965,20.6,2662,129,109,+2.0,
Олеся,olesya,https://youtu.be/gTDHD-Pib5Y,0,Глава 1,0:00:34,0:14:47,34,887,14.2,1361,96,101,-0.8,
Олеся,olesya,https://youtu.be/gTDHD-Pib5Y,1,Глава 2,0:14:47,0:26:08,887,1568,11.3,1105,97,101,-0.5,
Олеся,olesya,https://youtu.be/gTDHD-Pib5Y,2,Глава 3,0:26:08,0:57:09,1568,3429,31.0,2877,93,101,-1.2,
Олеся,olesya,https://youtu.be/gTDHD-Pib5Y,3,Глава 4,0:57:09,1:15:17,3429,4517,18.1,2047,113,101,+2.0,
Олеся,olesya,https://youtu.be/gTDHD-Pib5Y,4,Глава 5,1:15:17,1:30:32,4517,5432,15.2,1530,100,101,-0.0,
Олеся,olesya,https://youtu.be/gTDHD-Pib5Y,5,Глава 6,1:30:32,1:45:29,5432,6329,14.9,1514,101,101,+0.1,
Олеся,olesya,https://youtu.be/gTDHD-Pib5Y,6,Глава 7,1:45:29,1:51:56,6329,6716,6.5,662,103,101,+0.3,
Олеся,olesya,https://youtu.be/gTDHD-Pib5Y,7,Глава 8,1:51:56,2:09:20,6716,7760,17.4,1478,85,101,-2.5,
Олеся,olesya,https://youtu.be/gTDHD-Pib5Y,8,Глава 9,2:09:20,2:19:48,7760,8388,10.5,1105,106,101,+0.8,
Олеся,olesya,https://youtu.be/gTDHD-Pib5Y,9,Глава 10,2:19:48,2:35:46,8388,9346,16.0,1663,104,101,+0.6,
Олеся,olesya,https://youtu.be/gTDHD-Pib5Y,10,Глава 11,2:35:46,2:57:19,9346,10639,21.6,2170,101,101,+0.0,
Олеся,olesya,https://youtu.be/gTDHD-Pib5Y,11,Глава 12,2:57:19,3:14:07,10639,11647,16.8,1703,101,101,+0.1,
Олеся,olesya,https://youtu.be/gTDHD-Pib5Y,12,Глава 13,3:14:07,3:38:25,11647,13105,24.3,2318,95,101,-0.8,
Олеся,olesya,https://youtu.be/gTDHD-Pib5Y,13,Глава 14,3:38:25,3:44:43,13105,13483,6.3,603,96,101,-0.8,
Поединок,poedinok,https://youtu.be/Ol5EzQln5KA,0,Глава 1,0:00:08,0:31:46,8,1906,31.6,3444,109,109,+0.0,
Поединок,poedinok,https://youtu.be/Ol5EzQln5KA,1,Глава 2,0:31:46,0:51:18,1906,3078,19.5,1986,102,109,-1.1,
Поединок,poedinok,https://youtu.be/Ol5EzQln5KA,2,Глава 3,0:51:18,1:09:33,3078,4173,18.2,1920,105,109,-0.6,
Поединок,poedinok,https://youtu.be/Ol5EzQln5KA,3,Глава 4,1:09:33,1:36:54,4173,5814,27.4,3231,118,109,+1.4,
Поединок,poedinok,https://youtu.be/Ol5EzQln5KA,4,Глава 5,1:36:54,2:21:01,5814,8461,44.1,4908,111,109,+0.4,
Поединок,poedinok,https://youtu.be/Ol5EzQln5KA,5,Глава 6,2:21:01,2:49:22,8461,10162,28.4,3409,120,109,+1.7,
Поединок,poedinok,https://youtu.be/Ol5EzQln5KA,6,Глава 7,2:49:22,3:17:31,10162,11851,28.1,3095,110,109,+0.2,
Поединок,poedinok,https://youtu.be/Ol5EzQln5KA,7,Глава 8,3:17:31,3:49:02,11851,13742,31.5,3377,107,109,-0.3,
Поединок,poedinok,https://youtu.be/Ol5EzQln5KA,8,Глава 9,3:49:02,4:17:50,13742,15470,28.8,3320,115,109,+1.0,
Поединок,poedinok,https://youtu.be/Ol5EzQln5KA,9,Глава 10,4:17:50,4:39:22,15470,16762,21.5,2393,111,109,+0.3,
Поединок,poedinok,https://youtu.be/Ol5EzQln5KA,10,Глава 11,4:39:22,4:57:37,16762,17857,18.2,1878,103,109,-0.9,
Поединок,poedinok,https://youtu.be/Ol5EzQln5KA,11,Глава 12,4:57:37,5:25:18,17857,19518,27.7,3006,109,109,-0.0,
Поединок,poedinok,https://youtu.be/Ol5EzQln5KA,12,Глава 13,5:25:18,5:38:27,19518,20307,13.2,1427,109,109,-0.1,
Поединок,poedinok,https://youtu.be/Ol5EzQln5KA,13,Глава 14,5:38:27,6:17:53,20307,22673,39.4,4415,112,109,+0.5,
Поединок,poedinok,https://youtu.be/Ol5EzQln5KA,14,Глава 15,6:17:53,7:08:28,22673,25708,50.6,5287,105,109,-0.7,
Поединок,poedinok,https://youtu.be/Ol5EzQln5KA,15,Глава 16,7:08:28,7:44:59,25708,27899,36.5,3806,104,109,-0.7,
Поединок,poedinok,https://youtu.be/Ol5EzQln5KA,16,Глава 17,7:44:59,7:59:31,27899,28771,14.5,1582,109,109,+0.0,
Поединок,poedinok,https://youtu.be/Ol5EzQln5KA,17,Глава 18,7:59:31,8:28:08,28771,30488,28.6,3326,116,109,+1.1,
Поединок,poedinok,https://youtu.be/Ol5EzQln5KA,18,Глава 19,8:28:08,8:45:29,30488,31529,17.4,1834,106,109,-0.5,
Поединок,poedinok,https://youtu.be/Ol5EzQln5KA,19,Глава 20,8:45:29,9:02:59,31529,32579,17.5,1971,113,109,+0.6,
Поединок,poedinok,https://youtu.be/Ol5EzQln5KA,20,Глава 21,9:02:59,9:42:35,32579,34955,39.6,4167,105,109,-0.6,
Поединок,poedinok,https://youtu.be/Ol5EzQln5KA,21,Глава 22,9:42:35,9:58:59,34955,35939,16.4,1807,110,109,+0.2,
Поединок,poedinok,https://youtu.be/Ol5EzQln5KA,22,Глава 23,9:58:59,10:01:05,35939,36065,2.1,201,96,109,-2.0,
Рассказ о семи повешенных,rasskaz-o-semi-poveshennykh,https://youtu.be/C9pQ_f8LGOM,0,Глава 1,0:00:18,0:20:54,18,1254,20.6,1819,88,89,-0.1,
Рассказ о семи повешенных,rasskaz-o-semi-poveshennykh,https://youtu.be/-os1wVMaXeU,1,Глава 2,0:00:09,0:16:48,9,1008,16.6,1495,90,89,+0.1,
Рассказ о семи повешенных,rasskaz-o-semi-poveshennykh,https://youtu.be/SRa7DP1yM-g,2,Глава 3,0:00:24,0:32:48,24,1968,32.4,3115,96,89,+1.3,
Рассказ о семи повешенных,rasskaz-o-semi-poveshennykh,https://youtu.be/FCVMEfXXBBI,3,Глава 4,0:01:26,0:17:40,86,1060,16.2,1600,99,89,+1.8,
Рассказ о семи повешенных,rasskaz-o-semi-poveshennykh,https://youtu.be/wMBt4xx9bTc,4,Глава 5,0:00:09,0:19:30,9,1170,19.4,1751,90,89,+0.3,
Рассказ о семи повешенных,rasskaz-o-semi-poveshennykh,https://youtu.be/II23aPttE34,5,Глава 6,0:00:08,0:04:10,8,250,4.0,351,87,89,-0.4,
Рассказ о семи повешенных,rasskaz-o-semi-poveshennykh,https://youtu.be/6eHAu3lb8Cg,6,Глава 7,0:00:09,0:21:41,9,1301,21.5,2021,94,89,+0.9,
Рассказ о семи повешенных,rasskaz-o-semi-poveshennykh,https://youtu.be/WwGjFOuhuYU,7,Глава 8,0:00:09,0:17:16,9,1036,17.1,1472,86,89,-0.6,
Рассказ о семи повешенных,rasskaz-o-semi-poveshennykh,https://youtu.be/2Iop5iex8bw,8,Глава 9,0:00:09,0:16:50,9,1010,16.7,1439,86,89,-0.5,
Рассказ о семи повешенных,rasskaz-o-semi-poveshennykh,https://youtu.be/92bMqnkrVwE,11,Глава 12,0:00:11,0:23:37,11,1417,23.4,1843,79,89,-1.9,
Тарас Бульба,taras-bulba,https://youtu.be/CJMvJ8av-fk,0,Глава 1,0:00:51,0:30:12,51,1812,29.4,3389,115,110,+0.5,
Тарас Бульба,taras-bulba,https://youtu.be/CJMvJ8av-fk,1,Глава 2,0:30:12,1:04:10,1812,3850,34.0,3090,91,110,-2.0,
Тарас Бульба,taras-bulba,https://youtu.be/CJMvJ8av-fk,2,Глава 3,1:04:10,1:21:43,3850,4903,17.6,2398,137,110,+2.7,
Тарас Бульба,taras-bulba,https://youtu.be/CJMvJ8av-fk,3,Глава 4,1:21:43,1:45:11,4903,6311,23.5,2587,110,110,-0.0,
Тарас Бульба,taras-bulba,https://youtu.be/CJMvJ8av-fk,4,Глава 5,1:45:11,2:15:23,6311,8123,30.2,3332,110,110,+0.0,
Тарас Бульба,taras-bulba,https://youtu.be/CJMvJ8av-fk,5,Глава 6,2:15:23,2:51:58,8123,10318,36.6,3698,101,110,-0.9,
Тарас Бульба,taras-bulba,https://youtu.be/CJMvJ8av-fk,6,Глава 7,2:51:58,3:30:05,10318,12605,38.1,4151,109,110,-0.1,
Тарас Бульба,taras-bulba,https://youtu.be/CJMvJ8av-fk,7,Глава 8,3:30:05,3:55:17,12605,14117,25.2,2800,111,110,+0.1,
Тарас Бульба,taras-bulba,https://youtu.be/CJMvJ8av-fk,8,Глава 9,3:55:17,4:34:32,14117,16472,39.2,4017,102,110,-0.8,
Тарас Бульба,taras-bulba,https://youtu.be/CJMvJ8av-fk,9,Глава 10,4:34:32,4:52:57,16472,17577,18.4,1837,100,110,-1.1,
Тарас Бульба,taras-bulba,https://youtu.be/CJMvJ8av-fk,10,Глава 11,4:52:57,5:24:08,17577,19448,31.2,3446,111,110,+0.0,
Тарас Бульба,taras-bulba,https://youtu.be/CJMvJ8av-fk,11,Глава 12,5:24:08,5:40:08,19448,20408,16.0,1963,123,110,+1.3,
Фома Гордеев,foma-gordeev,https://youtu.be/JkHePCy4_gM,0,Глава 1,0:00:40,0:31:22,40,1882,30.7,3322,108,107,+0.2,
Фома Гордеев,foma-gordeev,https://youtu.be/JkHePCy4_gM,1,Глава 2,0:31:22,1:25:33,1882,5133,54.2,5809,107,107,+0.0,
Фома Гордеев,foma-gordeev,https://youtu.be/JkHePCy4_gM,2,Глава 3,1:25:33,3:22:34,5133,12154,117.0,12855,110,107,+0.4,
Фома Гордеев,foma-gordeev,https://youtu.be/JkHePCy4_gM,3,Глава 4,3:22:34,4:24:54,12154,15894,62.3,6652,107,107,-0.1,
Фома Гордеев,foma-gordeev,https://youtu.be/JkHePCy4_gM,4,Глава 5,4:24:54,4:44:16,15894,17056,19.4,2275,117,107,+1.6,
Фома Гордеев,foma-gordeev,https://youtu.be/JkHePCy4_gM,5,Глава 6,4:44:16,5:12:26,17056,18746,28.2,2878,102,107,-0.8,
Фома Гордеев,foma-gordeev,https://youtu.be/JkHePCy4_gM,6,Глава 7,5:12:26,6:11:36,18746,22296,59.2,6531,110,107,+0.5,
Фома Гордеев,foma-gordeev,https://youtu.be/JkHePCy4_gM,7,Глава 8,6:11:36,6:41:03,22296,24063,29.4,2982,101,107,-0.9,
Фома Гордеев,foma-gordeev,https://youtu.be/JkHePCy4_gM,8,Глава 9,6:41:03,8:04:03,24063,29043,83.0,8233,99,107,-1.2,
Фома Гордеев,foma-gordeev,https://youtu.be/JkHePCy4_gM,9,Глава 10,8:04:03,9:32:33,29043,34353,88.5,9647,109,107,+0.3,
Фома Гордеев,foma-gordeev,https://youtu.be/JkHePCy4_gM,10,Глава 11,9:32:33,9:58:34,34353,35914,26.0,2722,105,107,-0.4,
Фома Гордеев,foma-gordeev,https://youtu.be/JkHePCy4_gM,11,Глава 12,9:58:34,10:55:42,35914,39342,57.1,6218,109,107,+0.3,
Фома Гордеев,foma-gordeev,https://youtu.be/JkHePCy4_gM,12,Глава 13,10:55:42,11:56:54,39342,43014,61.2,5971,98,107,-1.5,
Холстомер,kholstomer,https://youtu.be/uQBcXL3Bims,0,Глава 1,0:00:10,0:00:23,10,23,0.2,26,120,109,+1.6,
Холстомер,kholstomer,https://youtu.be/uQBcXL3Bims,1,Глава 2,0:00:23,0:07:52,23,472,7.5,796,106,109,-0.5,
Холстомер,kholstomer,https://youtu.be/uQBcXL3Bims,2,Глава 3,0:07:52,0:15:49,472,949,8.0,845,106,109,-0.5,
Холстомер,kholstomer,https://youtu.be/uQBcXL3Bims,3,Глава 4,0:15:49,0:24:45,949,1485,8.9,975,109,109,-0.1,
Холстомер,kholstomer,https://youtu.be/uQBcXL3Bims,4,Глава 5,0:24:45,0:31:10,1485,1870,6.4,704,110,109,+0.0,
Холстомер,kholstomer,https://youtu.be/uQBcXL3Bims,5,Глава 6,0:31:10,0:31:45,1870,1905,0.6,49,84,109,-3.9,
Холстомер,kholstomer,https://youtu.be/uQBcXL3Bims,6,Глава 7,0:31:45,0:42:12,1905,2532,10.4,1147,110,109,+0.0,
Холстомер,kholstomer,https://youtu.be/uQBcXL3Bims,7,Глава 8,0:42:12,0:59:04,2532,3544,16.9,1845,109,109,-0.0,
Холстомер,kholstomer,https://youtu.be/uQBcXL3Bims,8,Глава 9,0:59:04,1:02:26,3544,3746,3.4,372,110,109,+0.2,
Холстомер,kholstomer,https://youtu.be/uQBcXL3Bims,9,Глава 10,1:02:26,1:11:18,3746,4278,8.9,995,112,109,+0.4,
Холстомер,kholstomer,https://youtu.be/uQBcXL3Bims,10,Глава 11,1:11:18,1:15:35,4278,4535,4.3,480,112,109,+0.4,
Холстомер,kholstomer,https://youtu.be/uQBcXL3Bims,11,Глава 12,1:15:35,1:19:08,4535,4748,3.5,383,108,109,-0.2,
Холстомер,kholstomer,https://youtu.be/uQBcXL3Bims,12,Глава 13,1:19:08,1:28:44,4748,5324,9.6,1051,109,109,+0.0,
Холстомер,kholstomer,https://youtu.be/uQBcXL3Bims,13,Глава 14,1:28:44,1:36:50,5324,5810,8.1,927,114,109,+0.8,
Холстомер,kholstomer,https://youtu.be/uQBcXL3Bims,14,Глава 15,1:36:50,1:44:07,5810,6247,7.3,766,105,109,-0.7,
Яма,yama,https://youtu.be/JnsE7Acq8lo,0,Глава 1,0:00:32,0:11:05,32,665,10.6,934,89,100,-1.8,
Яма,yama,https://youtu.be/YhfjI8LWF3Y,1,Глава 2,0:01:11,0:17:38,71,1058,16.4,1636,99,100,-0.0,
Яма,yama,https://youtu.be/sp07o_FwU78,2,Глава 3,0:00:05,0:22:51,5,1371,22.8,2226,98,100,-0.3,
Яма,yama,https://youtu.be/ciOJ6bo8YkU,3,Глава 4,0:00:05,0:12:14,5,734,12.2,1209,100,100,-0.0,
Яма,yama,https://youtu.be/ugk5n9zFSSQ,4,Глава 5,0:00:05,0:22:20,5,1340,22.2,2229,100,100,+0.1,
Яма,yama,https://youtu.be/BZ_d3s3ZJ1Y,5,Глава 6,0:00:04,0:19:40,4,1180,19.6,1973,101,100,+0.2,
Яма,yama,https://youtu.be/UVZcpMyANZA,6,Глава 7,0:00:04,0:13:50,4,830,13.8,1376,100,100,+0.1,
Яма,yama,https://youtu.be/eLnsm8AGV24,7,Глава 8,0:01:09,0:27:47,69,1667,26.6,2851,107,100,+1.2,
Яма,yama,https://youtu.be/osq68mZPY1c,8,Глава 9,0:00:05,0:47:23,5,2843,47.3,4682,99,100,-0.1,
Яма,yama,https://youtu.be/Q1DbP6sBkdk,9,Глава 10,0:00:04,0:18:46,4,1126,18.7,1931,103,100,+0.6,
Яма,yama,https://youtu.be/PrmuLxzEyOA,10,Глава 11,0:00:04,0:00:48,4,48,0.7,55,75,100,-4.1,
Яма,yama,https://youtu.be/PrmuLxzEyOA,11,Глава 12,0:00:48,0:44:23,48,2663,43.6,4074,93,100,-1.0,
Яма,yama,https://youtu.be/2P7GcYTV8N0,12,Глава 13,0:00:04,0:22:20,4,1340,22.3,2209,99,100,-0.1,
Яма,yama,https://youtu.be/WG-qrWjnoUk,13,Глава 14,0:01:08,0:15:07,68,907,14.0,1285,92,100,-1.3,
Яма,yama,https://youtu.be/1VIqbOmCD8Y,14,Глава 15,0:00:06,0:32:30,6,1950,32.4,3229,100,100,+0.0,
Яма,yama,https://youtu.be/HOlVMJc59DI,15,Глава 16,0:04:13,0:16:51,253,1011,12.6,1682,133,100,+5.6,
Яма,yama,https://youtu.be/D-38Jzvj3Z8,16,Глава 17,0:00:04,0:09:32,4,572,9.5,973,103,100,+0.5,
Яма,yama,https://youtu.be/rEaE9g-ToZA,17,Глава 18,0:00:04,0:04:04,4,244,4.0,391,98,100,-0.3,
Яма,yama,https://youtu.be/LwA63030bYA,18,Глава 19,0:00:04,0:20:16,4,1216,20.2,1931,96,100,-0.7,
Яма,yama,https://youtu.be/-el0TmBSG4o,19,Глава 20,0:00:04,0:26:40,4,1600,26.6,2576,97,100,-0.5,
Яма,yama,https://youtu.be/pOe9G3OjDQ0,20,Глава 21,0:00:04,0:18:09,4,1089,18.1,1771,98,100,-0.3,
Яма,yama,https://youtu.be/uxdIZznyiH0,21,Глава 22,0:00:04,0:09:10,4,550,9.1,879,97,100,-0.5,
Яма,yama,https://youtu.be/LmnnHO1lYac,22,Глава 23,0:00:04,0:17:14,4,1034,17.2,1716,100,100,+0.1,
Яма,yama,https://youtu.be/zpZJ_Qk-AXw,23,Глава 24,0:00:05,0:23:04,5,1384,23.0,2141,93,100,-1.1,
Яма,yama,https://youtu.be/VdnFbhLPclI,24,Глава 25,0:00:04,0:10:51,4,651,10.8,1052,98,100,-0.3,
Яма,yama,https://youtu.be/AuD8t8nEczM,25,Глава 26,0:00:51,0:27:13,51,1633,26.4,2754,104,100,+0.8,
Яма,yama,https://youtu.be/r0ql1PbQEok,26,Глава 27,0:00:03,0:30:55,3,1855,30.9,3306,107,100,+1.3,
Яма,yama,https://youtu.be/v8vRmqcxGM4,27,Глава 28,0:00:02,0:38:25,2,2305,38.4,4016,105,100,+0.8,
Яма,yama,https://youtu.be/tWs7gUuc5Kg,28,Глава 29,0:01:04,0:35:05,64,2105,34.0,3508,103,100,+0.6,
Яма,yama,https://youtu.be/8Y96K7i4voQ,29,Глава 30,0:00:04,0:29:40,4,1780,29.6,3082,104,100,+0.8,
Яма,yama,https://youtu.be/W9ZdXL-jnKs,30,Глава 31,0:00:23,0:15:12,23,912,14.8,1605,108,100,+1.5,
Яма,yama,https://youtu.be/sTnCjkR3rHk,31,Глава 32,0:00:04,0:20:28,4,1228,20.4,2034,100,100,+0.0,
Яма,yama,https://youtu.be/Ef85XUcMGGw,32,Глава 33,0:00:04,0:51:27,4,3087,51.4,5197,101,100,+0.3,
Яма,yama,https://youtu.be/k00_vLgUBUw,33,Глава 34,0:00:04,0:36:53,4,2213,36.8,3876,105,100,+1.0,
Яма,yama,https://youtu.be/ibtGQ8hM6mk,34,Глава 35,0:00:04,0:23:57,4,1437,23.9,2422,101,100,+0.3,
Яма,yama,https://youtu.be/uKEs4E9USK0,35,Глава 36,0:00:02,0:29:49,2,1789,29.8,2891,97,100,-0.4,
Яма,yama,https://youtu.be/1XdJT7M97HM,36,Глава 37,0:00:28,0:27:19,28,1639,26.9,2659,99,100,-0.1,
Яма,yama,https://youtu.be/rf3VYJnc-4Y,37,Глава 38,0:00:03,0:27:06,3,1626,27.1,2421,90,100,-1.7,
Яма,yama,https://youtu.be/mwtymqwKgPY,38,Глава 39,0:00:03,0:24:49,3,1489,24.8,2240,90,100,-1.5,
Белые ночи,belye-nochi,https://youtu.be/hwSBw4BZJeo,1,Ночь вторая,0:28:58,1:05:16,1738,3916,36.3,4460,123,124,-0.2,
Белые ночи,belye-nochi,https://youtu.be/hwSBw4BZJeo,2,История Настеньки,1:05:16,1:28:27,3916,5307,23.2,3060,132,124,+1.0,
Белые ночи,belye-nochi,https://youtu.be/hwSBw4BZJeo,3,Ночь третья,1:28:27,1:45:08,5307,6308,16.7,2117,127,124,+0.3,
Белые ночи,belye-nochi,https://youtu.be/hwSBw4BZJeo,4,Ночь четвёртая,1:45:08,2:09:02,6308,7742,23.9,2974,124,124,+0.0,
Белые ночи,belye-nochi,https://youtu.be/hwSBw4BZJeo,5,Утро,2:09:02,2:16:03,7742,8163,7.0,727,104,124,-2.8,
Записки из подполья,zapiski-iz-podpolya,https://youtu.be/OoVmaG7_fos,0,Часть первая — I,0:01:20,0:08:41,80,521,7.3,924,126,124,+0.3,
Записки из подполья,zapiski-iz-podpolya,https://youtu.be/OoVmaG7_fos,1,Часть первая — II,0:08:41,0:16:25,521,985,7.7,961,124,124,+0.1,
Записки из подполья,zapiski-iz-podpolya,https://youtu.be/OoVmaG7_fos,2,Часть первая — III,0:16:25,0:26:46,985,1606,10.3,1183,114,124,-1.3,
Записки из подполья,zapiski-iz-podpolya,https://youtu.be/OoVmaG7_fos,3,Часть первая — IV,0:26:46,0:31:19,1606,1879,4.5,503,111,124,-1.8,
Записки из подполья,zapiski-iz-podpolya,https://youtu.be/OoVmaG7_fos,4,Часть первая — V,0:31:19,0:37:36,1879,2256,6.3,764,122,124,-0.3,
Записки из подполья,zapiski-iz-podpolya,https://youtu.be/OoVmaG7_fos,5,Часть первая — VI,0:37:36,0:40:44,2256,2444,3.1,377,120,124,-0.4,
Записки из подполья,zapiski-iz-podpolya,https://youtu.be/OoVmaG7_fos,6,Часть первая — VII,0:40:44,0:55:28,2444,3328,14.7,1708,116,124,-1.0,
Записки из подполья,zapiski-iz-podpolya,https://youtu.be/OoVmaG7_fos,7,Часть первая — VIII,0:55:28,1:09:50,3328,4190,14.4,1673,116,124,-1.0,
Записки из подполья,zapiski-iz-podpolya,https://youtu.be/OoVmaG7_fos,8,Часть первая — IX,1:09:50,1:17:44,4190,4664,7.9,949,120,124,-0.5,
Записки из подполья,zapiski-iz-podpolya,https://youtu.be/OoVmaG7_fos,9,Часть первая — X,1:17:44,1:22:06,4664,4926,4.4,556,127,124,+0.5,
Записки из подполья,zapiski-iz-podpolya,https://youtu.be/OoVmaG7_fos,10,Часть первая — XI,1:22:06,1:31:15,4926,5475,9.2,1122,123,124,-0.1,
Записки из подполья,zapiski-iz-podpolya,https://youtu.be/OoVmaG7_fos,11,Часть вторая — I,1:31:15,2:01:40,5475,7300,30.4,3835,126,124,+0.3,
Записки из подполья,zapiski-iz-podpolya,https://youtu.be/OoVmaG7_fos,12,Часть вторая — II,2:01:40,2:12:24,7300,7944,10.7,1356,126,124,+0.4,
Записки из подполья,zapiski-iz-podpolya,https://youtu.be/OoVmaG7_fos,13,Часть вторая — III,2:12:24,2:34:10,7944,9250,21.8,2751,126,124,+0.4,
Записки из подполья,zapiski-iz-podpolya,https://youtu.be/OoVmaG7_fos,14,Часть вторая — IV,2:34:10,2:56:40,9250,10600,22.5,2712,121,124,-0.4,
Записки из подполья,zapiski-iz-podpolya,https://youtu.be/OoVmaG7_fos,15,Часть вторая — V,2:56:40,3:07:40,10600,11260,11.0,1360,124,124,+0.0,
Записки из подполья,zapiski-iz-podpolya,https://youtu.be/OoVmaG7_fos,16,Часть вторая — VI,3:07:40,3:29:10,11260,12550,21.5,2867,133,124,+1.3,
Записки из подполья,zapiski-iz-podpolya,https://youtu.be/OoVmaG7_fos,17,Часть вторая — VII,3:29:10,3:45:43,12550,13543,16.6,2246,136,124,+1.6,
Записки из подполья,zapiski-iz-podpolya,https://youtu.be/OoVmaG7_fos,18,Часть вторая — VIII,3:45:43,4:09:08,13543,14948,23.4,3080,132,124,+1.1,
Записки из подполья,zapiski-iz-podpolya,https://youtu.be/OoVmaG7_fos,19,Часть вторая — IX,4:09:08,4:24:56,14948,15896,15.8,2167,137,124,+1.8,
Записки из подполья,zapiski-iz-podpolya,https://youtu.be/OoVmaG7_fos,20,Часть вторая — X,4:24:56,4:37:52,15896,16672,12.9,1583,122,124,-0.2,
Палата № 6,palata-6,https://youtu.be/ev7W9zrO-SI,0,Глава 1,0:00:06,0:09:34,6,574,9.5,1048,111,109,+0.2,
Палата № 6,palata-6,https://youtu.be/ev7W9zrO-SI,1,Глава 2,0:09:34,0:14:15,574,855,4.7,553,118,109,+0.8,
Палата № 6,palata-6,https://youtu.be/ev7W9zrO-SI,2,Глава 3,0:14:15,0:24:19,855,1459,10.1,1085,108,109,-0.1,
Палата № 6,palata-6,https://youtu.be/ev7W9zrO-SI,3,Глава 4,0:24:19,0:28:22,1459,1702,4.0,473,117,109,+0.7,
Палата № 6,palata-6,https://youtu.be/ev7W9zrO-SI,4,Глава 5,0:28:22,0:37:38,1702,2258,9.3,1114,120,109,+1.0,
Палата № 6,palata-6,https://youtu.be/ev7W9zrO-SI,5,Глава 6,0:37:38,0:50:40,2258,3040,13.0,1415,109,109,-0.0,
Палата № 6,palata-6,https://youtu.be/ev7W9zrO-SI,6,Глава 7,0:50:40,0:57:58,3040,3478,7.3,772,106,109,-0.3,
Палата № 6,palata-6,https://youtu.be/ev7W9zrO-SI,7,Глава 8,0:57:58,1:00:04,3478,3604,2.1,234,111,109,+0.2,
Палата № 6,palata-6,https://youtu.be/ev7W9zrO-SI,8,Глава 9,1:00:04,1:12:54,3604,4374,12.8,1395,109,109,-0.0,
Палата № 6,palata-6,https://youtu.be/ev7W9zrO-SI,9,Глава 10,1:12:54,1:27:39,4374,5259,14.8,1606,109,109,+0.0,
Палата № 6,palata-6,https://youtu.be/ev7W9zrO-SI,10,Глава 11,1:27:39,1:31:16,5259,5476,3.6,473,131,109,+1.9,
Палата № 6,palata-6,https://youtu.be/ev7W9zrO-SI,11,Глава 12,1:31:16,1:41:02,5476,6062,9.8,968,99,109,-0.8,
Палата № 6,palata-6,https://youtu.be/ev7W9zrO-SI,12,Глава 13,1:41:02,1:44:14,6062,6254,3.2,516,161,109,+4.5,
Палата № 6,palata-6,https://youtu.be/ev7W9zrO-SI,13,Глава 14,1:44:14,1:53:50,6254,6830,9.6,834,87,109,-1.9,
Палата № 6,palata-6,https://youtu.be/ev7W9zrO-SI,14,Глава 15,1:53:50,1:58:11,6830,7091,4.3,838,193,109,+7.1,
Палата № 6,palata-6,https://youtu.be/ev7W9zrO-SI,15,Глава 16,1:58:11,2:07:10,7091,7630,9.0,1004,112,109,+0.2,
Палата № 6,palata-6,https://youtu.be/ev7W9zrO-SI,16,Глава 17,2:07:10,2:12:48,7630,7968,5.6,534,95,109,-1.2,
Палата № 6,palata-6,https://youtu.be/ev7W9zrO-SI,17,Глава 18,2:12:48,2:21:07,7968,8467,8.3,888,107,109,-0.2,
Палата № 6,palata-6,https://youtu.be/ev7W9zrO-SI,18,Глава 19,2:21:07,2:24:17,8467,8657,3.2,290,92,109,-1.5,
Смерть Ивана Ильича,smert-ivana-ilicha,https://youtu.be/fiBwPQ3v-Yw,0,Глава 1,0:00:07,0:22:13,7,1333,22.1,2438,110,110,+0.1,
Смерть Ивана Ильича,smert-ivana-ilicha,https://youtu.be/fiBwPQ3v-Yw,1,Глава 2,0:22:13,0:44:01,1333,2641,21.8,2400,110,110,+0.1,
Смерть Ивана Ильича,smert-ivana-ilicha,https://youtu.be/fiBwPQ3v-Yw,2,Глава 3,0:44:01,1:03:41,2641,3821,19.7,2181,111,110,+0.2,
Смерть Ивана Ильича,smert-ivana-ilicha,https://youtu.be/fiBwPQ3v-Yw,3,Глава 4,1:03:41,1:23:47,3821,5027,20.1,2224,111,110,+0.2,
Смерть Ивана Ильича,smert-ivana-ilicha,https://youtu.be/fiBwPQ3v-Yw,4,Глава 5,1:23:47,1:35:03,5027,5703,11.3,1149,102,110,-1.1,
Смерть Ивана Ильича,smert-ivana-ilicha,https://youtu.be/fiBwPQ3v-Yw,5,Глава 6,1:35:03,1:43:24,5703,6204,8.3,915,110,110,+0.0,
Смерть Ивана Ильича,smert-ivana-ilicha,https://youtu.be/fiBwPQ3v-Yw,6,Глава 7,1:43:24,1:54:50,6204,6890,11.4,1276,112,110,+0.3,
Смерть Ивана Ильича,smert-ivana-ilicha,https://youtu.be/fiBwPQ3v-Yw,7,Глава 8,1:54:50,2:12:09,6890,7929,17.3,1863,108,110,-0.3,
Смерть Ивана Ильича,smert-ivana-ilicha,https://youtu.be/fiBwPQ3v-Yw,8,Глава 9,2:12:09,2:20:04,7929,8404,7.9,790,100,110,-1.5,
Смерть Ивана Ильича,smert-ivana-ilicha,https://youtu.be/fiBwPQ3v-Yw,9,Глава 10,2:20:04,2:26:22,8404,8782,6.3,635,101,110,-1.3,
Смерть Ивана Ильича,smert-ivana-ilicha,https://youtu.be/fiBwPQ3v-Yw,10,Глава 11,2:26:22,2:34:47,8782,9287,8.4,805,96,110,-2.1,
Смерть Ивана Ильича,smert-ivana-ilicha,https://youtu.be/fiBwPQ3v-Yw,11,Глава 12,2:34:47,2:40:45,9287,9645,6.0,653,109,110,-0.0,
Архиерей,arkhierey,https://youtu.be/CxpIPL0vc-c,0,Глава 1,0:00:44,0:14:04,44,844,13.3,1348,101,105,-0.7,
Архиерей,arkhierey,https://youtu.be/CxpIPL0vc-c,1,Глава 2,0:14:04,0:23:14,844,1394,9.2,968,106,105,+0.0,
Архиерей,arkhierey,https://youtu.be/CxpIPL0vc-c,2,Глава 3,0:23:14,0:29:32,1394,1772,6.3,663,105,105,-0.0,
Архиерей,arkhierey,https://youtu.be/CxpIPL0vc-c,3,Глава 4,0:29:32,0:44:57,1772,2697,15.4,1646,107,105,+0.2,
Белый пудель,belyy-pudel,https://youtu.be/VLzzlhcj1e4,0,Глава 1,0:00:07,0:04:25,7,265,4.3,477,111,106,+0.7,
Белый пудель,belyy-pudel,https://youtu.be/VLzzlhcj1e4,1,Глава 2,0:04:25,0:18:01,265,1081,13.6,1436,106,106,-0.1,
Белый пудель,belyy-pudel,https://youtu.be/VLzzlhcj1e4,2,Глава 3,0:18:01,0:45:23,1081,2723,27.4,2886,105,106,-0.1,
Белый пудель,belyy-pudel,https://youtu.be/VLzzlhcj1e4,3,Глава 4,0:45:23,0:52:33,2723,3153,7.2,652,91,106,-2.4,
Белый пудель,belyy-pudel,https://youtu.be/VLzzlhcj1e4,4,Глава 5,0:52:33,1:07:01,3153,4021,14.5,1625,112,106,+1.0,
Белый пудель,belyy-pudel,https://youtu.be/VLzzlhcj1e4,5,Глава 6,1:07:01,1:25:48,4021,5148,18.8,2006,107,106,+0.1,
Ионыч,ionych,https://youtu.be/cbUYupsp_vU,0,Глава 1,0:00:36,0:14:03,36,843,13.4,1295,96,97,-0.1,
Ионыч,ionych,https://youtu.be/cbUYupsp_vU,1,Глава 2,0:14:03,0:25:50,843,1550,11.8,1206,102,97,+0.9,
Ионыч,ionych,https://youtu.be/cbUYupsp_vU,2,Глава 3,0:25:50,0:34:12,1550,2052,8.4,812,97,97,+0.0,
Ионыч,ionych,https://youtu.be/cbUYupsp_vU,3,Глава 4,0:34:12,0:50:11,2052,3011,16.0,1610,101,97,+0.6,
Ионыч,ionych,https://youtu.be/cbUYupsp_vU,4,Глава 5,0:50:11,0:54:50,3011,3290,4.7,447,96,97,-0.2,
Нос,nos,https://youtu.be/bWb-6-yLa3U,0,I,0:00:09,0:08:56,9,536,8.8,984,112,121,-1.2,
Нос,nos,https://youtu.be/bWb-6-yLa3U,1,II,0:08:56,0:56:56,536,3416,48.0,5808,121,121,+0.1,
Нос,nos,https://youtu.be/bWb-6-yLa3U,2,III,0:56:56,1:04:03,3416,3843,7.1,858,121,121,+0.0,
Челкаш,chelkash,https://youtu.be/TxMuv420LR8,0,Глава 1,0:00:08,0:04:42,8,282,4.6,446,98,102,-0.7,
Челкаш,chelkash,https://youtu.be/TxMuv420LR8,1,Глава 2,0:04:42,0:30:26,282,1826,25.7,2671,104,102,+0.3,
Челкаш,chelkash,https://youtu.be/TxMuv420LR8,2,Глава 3,0:30:26,1:08:53,1826,4133,38.5,3987,104,102,+0.2,
Челкаш,chelkash,https://youtu.be/TxMuv420LR8,3,Глава 4,1:08:53,1:29:55,4133,5395,21.0,2119,101,102,-0.2,
Горе от ума,gore-ot-uma,https://youtu.be/iD4sPFmX0xY,0,Глава 1,0:00:28,0:29:46,28,1786,29.3,3202,109,106,+0.6,
Горе от ума,gore-ot-uma,https://youtu.be/iD4sPFmX0xY,1,Глава 2,0:29:46,1:03:34,1786,3814,33.8,3476,103,106,-0.5,
Горе от ума,gore-ot-uma,https://youtu.be/iD4sPFmX0xY,2,Глава 3,1:03:34,1:47:42,3814,6462,44.1,4392,100,106,-1.0,
Горе от ума,gore-ot-uma,https://youtu.be/iD4sPFmX0xY,3,Глава 4,1:47:42,2:19:51,6462,8391,32.1,3492,109,106,+0.5,
Дядя Ваня,dyadya-vanya,https://youtu.be/VMp7O9otmyk,0,Глава 1,0:00:18,0:00:50,18,50,0.5,51,96,108,-1.9,
Дядя Ваня,dyadya-vanya,https://youtu.be/VMp7O9otmyk,1,Глава 2,0:00:50,0:25:59,50,1559,25.1,2863,114,108,+0.9,
Дядя Ваня,dyadya-vanya,https://youtu.be/VMp7O9otmyk,2,Глава 3,0:25:59,0:58:36,1559,3516,32.6,3480,107,108,-0.2,
Дядя Ваня,dyadya-vanya,https://youtu.be/VMp7O9otmyk,3,Глава 4,0:58:36,1:32:20,3516,5540,33.7,3694,110,108,+0.2,
Дядя Ваня,dyadya-vanya,https://youtu.be/VMp7O9otmyk,4,Глава 5,1:32:20,1:55:27,5540,6927,23.1,2471,107,108,-0.2,
Три сестры,tri-sestry,https://youtu.be/m6XH7_ceIvQ,0,Действие первое,0:00:09,0:40:03,9,2403,39.9,4727,118,114,+0.7,
Три сестры,tri-sestry,https://youtu.be/m6XH7_ceIvQ,1,Действие второе,0:40:03,1:17:54,2403,4674,37.9,4245,112,114,-0.2,
Три сестры,tri-sestry,https://youtu.be/m6XH7_ceIvQ,2,Действие третье,1:17:54,1:48:00,4674,6480,30.1,3467,115,114,+0.2,
Три сестры,tri-sestry,https://youtu.be/m6XH7_ceIvQ,3,Действие четвертое,1:48:00,2:25:57,6480,8757,38.0,3906,103,114,-1.6,
Чайка,chayka,https://youtu.be/Cf8HIMJG3yQ,0,Действующие лица,0:00:18,0:01:28,18,88,1.2,72,62,113,-7.4,
Чайка,chayka,https://youtu.be/Cf8HIMJG3yQ,1,Действие первое,0:01:28,0:35:44,88,2144,34.3,3926,115,113,+0.3,
Чайка,chayka,https://youtu.be/Cf8HIMJG3yQ,2,Действие второе,0:35:44,1:01:29,2144,3689,25.8,3087,120,113,+1.1,
Чайка,chayka,https://youtu.be/Cf8HIMJG3yQ,3,Действие третье,1:01:29,1:26:01,3689,5161,24.5,2713,111,113,-0.3,
Евгений Онегин,evgeniy-onegin,https://youtu.be/N5pdaZwE30k,0,Глава 1,0:01:42,0:32:29,102,1949,30.8,3184,103,104,-0.0,
Евгений Онегин,evgeniy-onegin,https://youtu.be/N5pdaZwE30k,1,Глава 2,0:32:29,0:54:53,1949,3293,22.4,2329,104,104,+0.0,
Евгений Онегин,evgeniy-onegin,https://youtu.be/N5pdaZwE30k,2,Глава 3,0:54:53,1:20:42,3293,4842,25.8,2837,110,104,+1.0,
Евгений Онегин,evgeniy-onegin,https://youtu.be/N5pdaZwE30k,3,Глава 4,1:20:42,1:44:48,4842,6288,24.1,2521,105,104,+0.1,
Евгений Онегин,evgeniy-onegin,https://youtu.be/N5pdaZwE30k,4,Глава 5,1:44:48,2:09:02,6288,7742,24.2,2470,102,104,-0.3,
Евгений Онегин,evgeniy-onegin,https://youtu.be/N5pdaZwE30k,5,Глава 6,2:09:02,2:35:31,7742,9331,26.5,2588,98,104,-1.0,
Евгений Онегин,evgeniy-onegin,https://youtu.be/N5pdaZwE30k,6,Глава 7,2:35:31,3:07:14,9331,11234,31.7,3061,97,104,-1.2,
Евгений Онегин,evgeniy-onegin,https://youtu.be/N5pdaZwE30k,7,Глава 8,3:07:14,3:38:57,11234,13137,31.7,3395,107,104,+0.5,
Полтава,poltava,https://youtu.be/kv3LI0lDFno,1,Глава 2,0:01:12,0:23:59,72,1439,22.8,2132,94,94,-0.0,
Полтава,poltava,https://youtu.be/kv3LI0lDFno,2,Глава 3,0:23:59,0:47:06,1439,2826,23.1,2215,96,94,+0.4,
Полтава,poltava,https://youtu.be/kv3LI0lDFno,3,Глава 4,0:47:06,1:08:35,2826,4115,21.5,2011,94,94,+0.0,
Тазит,tazit,https://youtu.be/NJk9bQiw3Gw,0,Глава 1,0:00:05,0:03:38,5,218,3.5,343,97,109,-1.9,
Тазит,tazit,https://youtu.be/NJk9bQiw3Gw,1,Глава 2,0:03:38,0:04:52,218,292,1.2,144,117,109,+1.1,
Тазит,tazit,https://youtu.be/NJk9bQiw3Gw,2,Глава 3,0:04:52,0:05:37,292,337,0.8,83,111,109,+0.2,
Тазит,tazit,https://youtu.be/NJk9bQiw3Gw,3,Глава 4,0:05:37,0:06:34,337,394,0.9,105,111,109,+0.2,
Тазит,tazit,https://youtu.be/NJk9bQiw3Gw,4,Глава 5,0:06:34,0:08:39,394,519,2.1,223,107,109,-0.3,
Тазит,tazit,https://youtu.be/NJk9bQiw3Gw,5,Глава 6,0:08:39,0:10:44,519,644,2.1,225,108,109,-0.2,
Библия. Синодальный перевод,bibliya-sinodalnyy-perevod,https://youtu.be/C8HHcfTHq38,0,Бытие 1,0:00:07,0:04:12,7,252,4.1,579,142,138,+0.5,
Библия. Синодальный перевод,bibliya-sinodalnyy-perevod,https://youtu.be/C8HHcfTHq38,1,Бытие 2,0:04:12,0:07:16,252,436,3.1,437,142,138,+0.6,
Библия. Синодальный перевод,bibliya-sinodalnyy-perevod,https://youtu.be/C8HHcfTHq38,2,Бытие 3,0:07:16,0:10:37,436,637,3.4,509,152,138,+1.7,
Библия. Синодальный перевод,bibliya-sinodalnyy-perevod,https://youtu.be/C8HHcfTHq38,3,Бытие 4,0:10:37,0:13:59,637,839,3.4,462,137,138,-0.0,
Библия. Синодальный перевод,bibliya-sinodalnyy-perevod,https://youtu.be/C8HHcfTHq38,4,Бытие 5,0:13:59,0:16:46,839,1006,2.8,385,138,138,+0.1,
Библия. Синодальный перевод,bibliya-sinodalnyy-perevod,https://youtu.be/C8HHcfTHq38,5,Бытие 6,0:16:46,0:19:41,1006,1181,2.9,424,145,138,+0.9,
Библия. Синодальный перевод,bibliya-sinodalnyy-perevod,https://youtu.be/C8HHcfTHq38,6,Бытие 7,0:19:41,0:22:29,1181,1349,2.8,418,149,138,+1.4,
Библия. Синодальный перевод,bibliya-sinodalnyy-perevod,https://youtu.be/C8HHcfTHq38,7,Бытие 8,0:22:29,0:25:22,1349,1522,2.9,413,143,138,+0.7,
Библия. Синодальный перевод,bibliya-sinodalnyy-perevod,https://youtu.be/C8HHcfTHq38,8,Бытие 9,0:25:22,0:28:45,1522,1725,3.4,481,142,138,+0.5,
Библия. Синодальный перевод,bibliya-sinodalnyy-perevod,https://youtu.be/C8HHcfTHq38,9,Бытие 10,0:28:45,0:31:35,1725,1895,2.8,314,111,138,-3.2,
Библия. Синодальный перевод,bibliya-sinodalnyy-perevod,https://youtu.be/C8HHcfTHq38,10,Бытие 11,0:31:35,0:34:46,1895,2086,3.2,431,135,138,-0.3,
Библия. Синодальный перевод,bibliya-sinodalnyy-perevod,https://youtu.be/C8HHcfTHq38,11,Бытие 12,0:34:46,0:37:31,2086,2251,2.8,403,147,138,+1.1,
Библия. Синодальный перевод,bibliya-sinodalnyy-perevod,https://youtu.be/C8HHcfTHq38,12,Бытие 13,0:37:31,0:39:53,2251,2393,2.4,342,145,138,+0.8,
Библия. Синодальный перевод,bibliya-sinodalnyy-perevod,https://youtu.be/C8HHcfTHq38,13,Бытие 14,0:39:53,0:43:17,2393,2597,3.4,433,127,138,-1.2,
Библия. Синодальный перевод,bibliya-sinodalnyy-perevod,https://youtu.be/C8HHcfTHq38,14,Бытие 15,0:43:17,0:45:46,2597,2746,2.5,327,132,138,-0.7,
Библия. Синодальный перевод,bibliya-sinodalnyy-perevod,https://youtu.be/C8HHcfTHq38,15,Бытие 16,0:45:46,0:48:10,2746,2890,2.4,316,132,138,-0.7,
Библия. Синодальный перевод,bibliya-sinodalnyy-perevod,https://youtu.be/C8HHcfTHq38,16,Бытие 17,0:48:10,0:51:52,2890,3112,3.7,526,142,138,+0.5,
Библия. Синодальный перевод,bibliya-sinodalnyy-perevod,https://youtu.be/C8HHcfTHq38,17,Бытие 18,0:51:52,0:56:18,3112,3378,4.4,608,137,138,-0.1,
Библия. Синодальный перевод,bibliya-sinodalnyy-perevod,https://youtu.be/C8HHcfTHq38,18,Бытие 19,0:56:18,1:01:44,3378,3704,5.4,815,150,138,+1.5,
Библия. Синодальный перевод,bibliya-sinodalnyy-perevod,https://youtu.be/C8HHcfTHq38,19,Бытие 20,1:01:44,1:04:22,3704,3862,2.6,389,148,138,+1.2,
Библия. Синодальный перевод,bibliya-sinodalnyy-perevod,https://youtu.be/C8HHcfTHq38,20,Бытие 21,1:04:22,1:08:23,3862,4103,4.0,569,142,138,+0.5,
Библия. Синодальный перевод,bibliya-sinodalnyy-perevod,https://youtu.be/C8HHcfTHq38,21,Бытие 22,1:08:23,1:11:45,4103,4305,3.4,445,132,138,-0.7,
Библия. Синодальный перевод,bibliya-sinodalnyy-perevod,https://youtu.be/C8HHcfTHq38,22,Бытие 23,1:11:45,1:14:29,4305,4469,2.7,361,132,138,-0.7,
Библия. Синодальный перевод,bibliya-sinodalnyy-perevod,https://youtu.be/C8HHcfTHq38,23,Бытие 24,1:14:29,1:23:42,4469,5022,9.2,1197,130,138,-0.9,
Библия. Синодальный перевод,bibliya-sinodalnyy-perevod,https://youtu.be/C8HHcfTHq38,24,Бытие 25,1:23:42,1:27:47,5022,5267,4.1,505,124,138,-1.7,
Библия. Синодальный перевод,bibliya-sinodalnyy-perevod,https://youtu.be/C8HHcfTHq38,25,Бытие 26,1:27:47,1:32:34,5267,5554,4.8,678,142,138,+0.5,
Библия. Синодальный перевод,bibliya-sinodalnyy-perevod,https://youtu.be/C8HHcfTHq38,26,Бытие 27,1:32:34,1:39:17,5554,5957,6.7,926,138,138,+0.0,
Библия. Синодальный перевод,bibliya-sinodalnyy-perevod,https://youtu.be/C8HHcfTHq38,27,Бытие 28,1:39:17,1:42:32,5957,6152,3.2,461,142,138,+0.5,
Библия. Синодальный перевод,bibliya-sinodalnyy-perevod,https://youtu.be/C8HHcfTHq38,28,Бытие 29,1:42:32,1:47:00,6152,6420,4.5,624,140,138,+0.2,
Библия. Синодальный перевод,bibliya-sinodalnyy-perevod,https://youtu.be/C8HHcfTHq38,29,Бытие 30,1:47:00,1:52:38,6420,6758,5.6,807,143,138,+0.7,
Библия. Синодальный перевод,bibliya-sinodalnyy-perevod,https://youtu.be/C8HHcfTHq38,30,Бытие 31,1:52:38,2:00:14,6758,7214,7.6,1144,151,138,+1.6,
Библия. Синодальный перевод,bibliya-sinodalnyy-perevod,https://youtu.be/C8HHcfTHq38,31,Бытие 32,2:00:14,2:04:29,7214,7469,4.2,594,140,138,+0.3,
Библия. Синодальный перевод,bibliya-sinodalnyy-perevod,https://youtu.be/C8HHcfTHq38,32,Бытие 33,2:04:29,2:07:09,7469,7629,2.7,373,140,138,+0.3,
Библия. Синодальный перевод,bibliya-sinodalnyy-perevod,https://youtu.be/C8HHcfTHq38,33,Бытие 34,2:07:09,2:11:25,7629,7885,4.3,627,147,138,+1.1,
Библия. Синодальный перевод,bibliya-sinodalnyy-perevod,https://youtu.be/C8HHcfTHq38,34,Бытие 35,2:11:25,2:15:09,7885,8109,3.7,500,134,138,-0.4,
Библия. Синодальный перевод,bibliya-sinodalnyy-perevod,https://youtu.be/C8HHcfTHq38,35,Бытие 36,2:15:09,2:20:18,8109,8418,5.2,577,112,138,-3.1,
Библия. Синодальный перевод,bibliya-sinodalnyy-perevod,https://youtu.be/C8HHcfTHq38,36,Бытие 37,2:20:18,2:25:18,8418,8718,5.0,704,141,138,+0.4,
Библия. Синодальный перевод,bibliya-sinodalnyy-perevod,https://youtu.be/C8HHcfTHq38,37,Бытие 38,2:25:18,2:29:26,8718,8966,4.1,589,142,138,+0.6,
Библия. Синодальный перевод,bibliya-sinodalnyy-perevod,https://youtu.be/C8HHcfTHq38,38,Бытие 39,2:29:26,2:32:41,8966,9161,3.2,498,153,138,+1.9,
Библия. Синодальный перевод,bibliya-sinodalnyy-perevod,https://youtu.be/C8HHcfTHq38,39,Бытие 40,2:32:41,2:35:41,9161,9341,3.0,403,134,138,-0.4,
Библия. Синодальный перевод,bibliya-sinodalnyy-perevod,https://youtu.be/C8HHcfTHq38,40,Бытие 41,2:35:41,2:43:04,9341,9784,7.4,1031,140,138,+0.2,
Библия. Синодальный перевод,bibliya-sinodalnyy-perevod,https://youtu.be/C8HHcfTHq38,41,Бытие 42,2:43:04,2:48:21,9784,10101,5.3,765,145,138,+0.9,
Библия. Синодальный перевод,bibliya-sinodalnyy-perevod,https://youtu.be/C8HHcfTHq38,42,Бытие 43,2:48:21,2:53:30,10101,10410,5.2,754,146,138,+1.1,
Библия. Синодальный перевод,bibliya-sinodalnyy-perevod,https://youtu.be/C8HHcfTHq38,43,Бытие 44,2:53:30,2:58:05,10410,10685,4.6,673,147,138,+1.1,
Библия. Синодальный перевод,bibliya-sinodalnyy-perevod,https://youtu.be/C8HHcfTHq38,44,Бытие 45,2:58:05,3:02:01,10685,10921,3.9,558,142,138,+0.5,
Библия. Синодальный перевод,bibliya-sinodalnyy-perevod,https://youtu.be/C8HHcfTHq38,45,Бытие 46,3:02:01,3:06:30,10921,11190,4.5,556,124,138,-1.6,
Библия. Синодальный перевод,bibliya-sinodalnyy-perevod,https://youtu.be/C8HHcfTHq38,46,Бытие 47,3:06:30,3:11:35,11190,11495,5.1,725,143,138,+0.6,
Библия. Синодальный перевод,bibliya-sinodalnyy-perevod,https://youtu.be/C8HHcfTHq38,47,Бытие 48,3:11:35,3:15:13,11495,11713,3.6,507,140,138,+0.2,
Библия. Синодальный перевод,bibliya-sinodalnyy-perevod,https://youtu.be/C8HHcfTHq38,48,Бытие 49,3:15:13,3:19:36,11713,11976,4.4,538,123,138,-1.8,
Библия. Синодальный перевод,bibliya-sinodalnyy-perevod,https://youtu.be/C8HHcfTHq38,49,Бытие 50,3:19:36,3:23:51,11976,12231,4.2,505,119,138,-2.3,
Библия. Синодальный перевод,bibliya-sinodalnyy-perevod,https://youtu.be/9uBU5W1LIYQ,50,Исход 1,0:00:07,0:02:43,7,163,2.6,335,129,138,-1.1,
Библия. Синодальный перевод,bibliya-sinodalnyy-perevod,https://youtu.be/9uBU5W1LIYQ,51,Исход 2,0:02:43,0:06:08,163,368,3.4,474,139,138,+0.1,
Библия. Синодальный перевод,bibliya-sinodalnyy-perevod,https://youtu.be/9uBU5W1LIYQ,52,Исход 3,0:06:08,0:09:53,368,593,3.8,515,137,138,-0.0,
Библия. Синодальный перевод,bibliya-sinodalnyy-perevod,https://youtu.be/9uBU5W1LIYQ,53,Исход 4,0:09:53,0:14:28,593,868,4.6,651,142,138,+0.5,
Библия. Синодальный перевод,bibliya-sinodalnyy-perevod,https://youtu.be/9uBU5W1LIYQ,54,Исход 5,0:14:28,0:17:43,868,1063,3.2,446,137,138,-0.0,
Библия. Синодальный перевод,bibliya-sinodalnyy-perevod,https://youtu.be/9uBU5W1LIYQ,55,Исход 6,0:17:43,0:21:35,1063,1295,3.9,481,124,138,-1.6,
Библия. Синодальный перевод,bibliya-sinodalnyy-perevod,https://youtu.be/9uBU5W1LIYQ,56,Исход 7,0:21:35,0:25:07,1295,1507,3.5,502,142,138,+0.5,
Библия. Синодальный перевод,bibliya-sinodalnyy-perevod,https://youtu.be/9uBU5W1LIYQ,57,Исход 8,0:25:07,0:29:52,1507,1792,4.8,689,145,138,+0.9,
Библия. Синодальный перевод,bibliya-sinodalnyy-perevod,https://youtu.be/9uBU5W1LIYQ,58,Исход 9,0:29:52,0:34:39,1792,2079,4.8,709,148,138,+1.3,
Библия. Синодальный перевод,bibliya-sinodalnyy-perevod,https://youtu.be/9uBU5W1LIYQ,59,Исход 10,0:34:39,0:39:23,2079,2363,4.7,671,142,138,+0.5,
Библия. Синодальный перевод,bibliya-sinodalnyy-perevod,https://youtu.be/9uBU5W1LIYQ,60,Исход 11,0:39:23,0:41:04,2363,2464,1.7,227,135,138,-0.3,
Библия. Синодальный перевод,bibliya-sinodalnyy-perevod,https://youtu.be/9uBU5W1LIYQ,61,Исход 12,0:41:04,0:48:23,2464,2903,7.3,1027,140,138,+0.3,
Библия. Синодальный перевод,bibliya-sinodalnyy-perevod,https://youtu.be/9uBU5W1LIYQ,62,Исход 13,0:48:23,0:51:41,2903,3101,3.3,454,138,138,-0.0,
Библия. Синодальный перевод,bibliya-sinodalnyy-perevod,https://youtu.be/9uBU5W1LIYQ,63,Исход 14,0:51:41,0:56:30,3101,3390,4.8,667,138,138,+0.1,
Библия. Синодальный перевод,bibliya-sinodalnyy-perevod,https://youtu.be/9uBU5W1LIYQ,64,Исход 15,0:56:30,1:00:03,3390,3603,3.5,469,132,138,-0.7,
Библия. Синодальный перевод,bibliya-sinodalnyy-perevod,https://youtu.be/9uBU5W1LIYQ,65,Исход 16,1:00:03,1:05:08,3603,3908,5.1,719,141,138,+0.5,
Библия. Синодальный перевод,bibliya-sinodalnyy-perevod,https://youtu.be/9uBU5W1LIYQ,66,Исход 17,1:05:08,1:07:38,3908,4058,2.5,343,137,138,-0.1,
Библия. Синодальный перевод,bibliya-sinodalnyy-perevod,https://youtu.be/9uBU5W1LIYQ,67,Исход 18,1:07:38,1:11:34,4058,4294,3.9,542,138,138,+0.0,
Библия. Синодальный перевод,bibliya-sinodalnyy-perevod,https://youtu.be/9uBU5W1LIYQ,68,Исход 19,1:11:34,1:15:07,4294,4507,3.5,508,143,138,+0.7,
Библия. Синодальный перевод,bibliya-sinodalnyy-perevod,https://youtu.be/9uBU5W1LIYQ,69,Исход 20,1:15:07,1:18:03,4507,4683,2.9,425,145,138,+0.9,
Библия. Синодальный перевод,bibliya-sinodalnyy-perevod,https://youtu.be/9uBU5W1LIYQ,70,Исход 21,1:18:03,1:22:30,4683,4950,4.5,667,150,138,+1.5,
Библия. Синодальный перевод,bibliya-sinodalnyy-perevod,https://youtu.be/9uBU5W1LIYQ,71,Исход 22,1:22:30,1:26:31,4950,5191,4.0,577,144,138,+0.7,
Библия. Синодальный перевод,bibliya-sinodalnyy-perevod,https://youtu.be/9uBU5W1LIYQ,72,Исход 23,1:26:31,1:30:37,5191,5437,4.1,584,142,138,+0.6,
Библия. Синодальный перевод,bibliya-sinodalnyy-perevod,https://youtu.be/9uBU5W1LIYQ,73,Исход 24,1:30:37,1:33:06,5437,5586,2.5,335,135,138,-0.3,
Библия. Синодальный перевод,bibliya-sinodalnyy-perevod,https://youtu.be/9uBU5W1LIYQ,74,Исход 25,1:33:06,1:37:45,5586,5865,4.7,636,137,138,-0.1,
Библия. Синодальный перевод,bibliya-sinodalnyy-perevod,https://youtu.be/9uBU5W1LIYQ,75,Исход 26,1:37:45,1:42:26,5865,6146,4.7,627,134,138,-0.5,
Библия. Синодальный перевод,bibliya-sinodalnyy-perevod,https://youtu.be/9uBU5W1LIYQ,76,Исход 27,1:42:26,1:45:27,6146,6327,3.0,416,138,138,+0.0,
Библия. Синодальный перевод,bibliya-sinodalnyy-perevod,https://youtu.be/9uBU5W1LIYQ,77,Исход 28,1:45:27,1:51:36,6327,6696,6.2,812,132,138,-0.7,
Библия. Синодальный перевод,bibliya-sinodalnyy-perevod,https://youtu.be/9uBU5W1LIYQ,78,Исход 29,1:51:36,1:57:45,6696,7065,6.2,874,142,138,+0.5,
Библия. Синодальный перевод,bibliya-sinodalnyy-perevod,https://youtu.be/9uBU5W1LIYQ,79,Исход 30,1:57:45,2:02:43,7065,7363,5.0,639,129,138,-1.1,
Библия. Синодальный перевод,bibliya-sinodalnyy-perevod,https://youtu.be/9uBU5W1LIYQ,80,Исход 31,2:02:43,2:04:58,7363,7498,2.2,291,129,138,-1.0,
Библия. Синодальный перевод,bibliya-sinodalnyy-perevod,https://youtu.be/9uBU5W1LIYQ,81,Исход 32,2:04:58,2:10:14,7498,7814,5.3,741,141,138,+0.4,
Библия. Синодальный перевод,bibliya-sinodalnyy-perevod,https://youtu.be/9uBU5W1LIYQ,82,Исход 33,2:10:14,2:13:44,7814,8024,3.5,473,135,138,-0.3,
Библия. Синодальный перевод,bibliya-sinodalnyy-perevod,https://youtu.be/9uBU5W1LIYQ,83,Исход 34,2:13:44,2:19:02,8024,8342,5.3,745,141,138,+0.4,
Библия. Синодальный перевод,bibliya-sinodalnyy-perevod,https://youtu.be/9uBU5W1LIYQ,84,Исход 35,2:19:02,2:23:23,8342,8603,4.3,548,126,138,-1.4,
Библия. Синодальный перевод,bibliya-sinodalnyy-perevod,https://youtu.be/9uBU5W1LIYQ,85,Исход 36,2:23:23,2:28:20,8603,8900,5.0,649,131,138,-0.8,
Библия. Синодальный перевод,bibliya-sinodalnyy-perevod,https://youtu.be/9uBU5W1LIYQ,86,Исход 37,2:28:20,2:32:02,8900,9122,3.7,502,136,138,-0.2,
Библия. Синодальный перевод,bibliya-sinodalnyy-perevod,https://youtu.be/9uBU5W1LIYQ,87,Исход 38,2:32:02,2:36:22,9122,9382,4.3,574,132,138,-0.6,
Библия. Синодальный перевод,bibliya-sinodalnyy-perevod,https://youtu.be/9uBU5W1LIYQ,88,Исход 39,2:36:22,2:41:59,9382,9719,5.6,723,129,138,-1.1,
Библия. Синодальный перевод,bibliya-sinodalnyy-perevod,https://youtu.be/9uBU5W1LIYQ,89,Исход 40,2:41:59,2:46:28,9719,9988,4.5,525,117,138,-2.5,
Библия. Синодальный перевод,bibliya-sinodalnyy-perevod,https://youtu.be/V199Q7T9quw,90,Левит 1,0:00:07,0:02:41,7,161,2.6,326,127,138,-1.3,
Библия. Синодальный перевод,bibliya-sinodalnyy-perevod,https://youtu.be/V199Q7T9quw,91,Левит 2,0:02:41,0:05:02,161,302,2.4,294,125,138,-1.5,
Библия. Синодальный перевод,bibliya-sinodalnyy-perevod,https://youtu.be/V199Q7T9quw,92,Левит 3,0:05:02,0:07:29,302,449,2.5,332,136,138,-0.3,
Библия. Синодальный перевод,bibliya-sinodalnyy-perevod,https://youtu.be/V199Q7T9quw,93,Левит 4,0:07:29,0:12:36,449,756,5.1,729,142,138,+0.6,
Библия. Синодальный перевод,bibliya-sinodalnyy-perevod,https://youtu.be/V199Q7T9quw,94,Левит 5,0:12:36,0:15:59,756,959,3.4,482,142,138,+0.6,
Библия. Синодальный перевод,bibliya-sinodalnyy-perevod,https://youtu.be/V199Q7T9quw,95,Левит 6,0:15:59,0:20:29,959,1229,4.5,608,135,138,-0.3,
Библия. Синодальный перевод,bibliya-sinodalnyy-perevod,https://youtu.be/V199Q7T9quw,96,Левит 7,0:20:29,0:25:35,1229,1535,5.1,677,133,138,-0.6,
Библия. Синодальный перевод,bibliya-sinodalnyy-perevod,https://youtu.be/V199Q7T9quw,97,Левит 8,0:25:35,0:30:34,1535,1834,5.0,720,144,138,+0.8,
Библия. Синодальный перевод,bibliya-sinodalnyy-perevod,https://youtu.be/V199Q7T9quw,98,Левит 9,0:30:34,0:33:41,1834,2021,3.1,430,138,138,+0.0,
Библия. Синодальный перевод,bibliya-sinodalnyy-perevod,https://youtu.be/V199Q7T9quw,99,Левит 10,0:33:41,0:36:55,2021,2215,3.2,441,136,138,-0.2,
Библия. Синодальный перевод,bibliya-sinodalnyy-perevod,https://youtu.be/V199Q7T9quw,100,Левит 11,0:36:55,0:42:40,2215,2560,5.8,794,138,138,+0.1,
Библия. Синодальный перевод,bibliya-sinodalnyy-perevod,https://youtu.be/V199Q7T9quw,101,Левит 12,0:42:40,0:44:05,2560,2645,1.4,189,133,138,-0.5,
Библия. Синодальный перевод,bibliya-sinodalnyy-perevod,https://youtu.be/V199Q7T9quw,102,Левит 13,0:44:05,0:53:09,2645,3189,9.1,1266,140,138,+0.2,
Библия. Синодальный перевод,bibliya-sinodalnyy-perevod,https://youtu.be/V199Q7T9quw,103,Левит 14,0:53:09,1:00:50,3189,3650,7.7,1061,138,138,+0.1,
Библия. Синодальный перевод,bibliya-sinodalnyy-perevod,https://youtu.be/V199Q7T9quw,104,Левит 15,1:00:50,1:05:57,3650,3957,5.1,715,140,138,+0.3,
Библия. Синодальный перевод,bibliya-sinodalnyy-perevod,https://youtu.be/V199Q7T9quw,105,Левит 16,1:05:57,1:11:20,3957,4280,5.4,763,142,138,+0.5,
Библия. Синодальный перевод,bibliya-sinodalnyy-perevod,https://youtu.be/V199Q7T9quw,106,Левит 17,1:11:20,1:14:01,4280,4441,2.7,368,137,138,-0.1,
Библия. Синодальный перевод,bibliya-sinodalnyy-perevod,https://youtu.be/V199Q7T9quw,107,Левит 18,1:14:01,1:17:33,4441,4653,3.5,477,135,138,-0.3,
Библия. Синодальный перевод,bibliya-sinodalnyy-perevod,https://youtu.be/V199Q7T9quw,108,Левит 19,1:17:33,1:22:09,4653,4929,4.6,626,136,138,-0.2,
Библия. Синодальный перевод,bibliya-sinodalnyy-perevod,https://youtu.be/V199Q7T9quw,109,Левит 20,1:22:09,1:26:24,4929,5184,4.2,597,140,138,+0.3,
Библия. Синодальный перевод,bibliya-sinodalnyy-perevod,https://youtu.be/V199Q7T9quw,110,Левит 21,1:26:24,1:29:42,5184,5382,3.3,450,136,138,-0.2,
Библия. Синодальный перевод,bibliya-sinodalnyy-perevod,https://youtu.be/V199Q7T9quw,111,Левит 22,1:29:42,1:34:31,5382,5671,4.8,647,134,138,-0.4,
Библия. Синодальный перевод,bibliya-sinodalnyy-perevod,https://youtu.be/V199Q7T9quw,112,Левит 23,1:34:31,1:40:38,5671,6038,6.1,792,129,138,-1.0,
Библия. Синодальный перевод,bibliya-sinodalnyy-perevod,https://youtu.be/V199Q7T9quw,113,Левит 24,1:40:38,1:43:24,6038,6204,2.8,362,131,138,-0.8,
Библия. Синодальный перевод,bibliya-sinodalnyy-perevod,https://youtu.be/V199Q7T9quw,114,Левит 25,1:43:24,1:50:50,6204,6650,7.4,1093,147,138,+1.1,
Библия. Синодальный перевод,bibliya-sinodalnyy-perevod,https://youtu.be/V199Q7T9quw,115,Левит 26,1:50:50,1:56:52,6650,7012,6.0,908,150,138,+1.6,
Библия. Синодальный перевод,bibliya-sinodalnyy-perevod,https://youtu.be/V199Q7T9quw,116,Левит 27,1:56:52,2:02:06,7012,7326,5.2,639,122,138,-1.9,
Библия. Синодальный перевод,bibliya-sinodalnyy-perevod,https://youtu.be/yusul1mC8_s,117,Числа 1,0:00:06,0:06:04,6,364,6.0,790,132,138,-0.6,
Библия. Синодальный перевод,bibliya-sinodalnyy-perevod,https://youtu.be/yusul1mC8_s,118,Числа 2,0:06:04,0:10:01,364,601,4.0,477,121,138,-2.0,
Библия. Синодальный перевод,bibliya-sinodalnyy-perevod,https://youtu.be/yusul1mC8_s,119,Числа 3,0:10:01,0:16:06,601,966,6.1,779,128,138,-1.2,
Библия. Синодальный перевод,bibliya-sinodalnyy-perevod,https://youtu.be/yusul1mC8_s,120,Числа 4,0:16:06,0:22:38,966,1358,6.5,887,136,138,-0.2,
Библия. Синодальный перевод,bibliya-sinodalnyy-perevod,https://youtu.be/yusul1mC8_s,121,Числа 5,0:22:38,0:27:15,1358,1635,4.6,631,137,138,-0.1,
Библия. Синодальный перевод,bibliya-sinodalnyy-perevod,https://youtu.be/yusul1mC8_s,122,Числа 6,0:27:15,0:31:15,1635,1875,4.0,540,135,138,-0.3,
Библия. Синодальный перевод,bibliya-sinodalnyy-perevod,https://youtu.be/yusul1mC8_s,123,Числа 7,0:31:15,0:42:17,1875,2537,11.0,1274,115,138,-2.7,
Библия. Синодальный перевод,bibliya-sinodalnyy-perevod,https://youtu.be/yusul1mC8_s,124,Числа 8,0:42:17,0:45:48,2537,2748,3.5,470,134,138,-0.5,
Библия. Синодальный перевод,bibliya-sinodalnyy-perevod,https://youtu.be/yusul1mC8_s,125,Числа 9,0:45:48,0:49:25,2748,2965,3.6,499,138,138,+0.0,
Библия. Синодальный перевод,bibliya-sinodalnyy-perevod,https://youtu.be/yusul1mC8_s,126,Числа 10,0:49:25,0:53:36,2965,3216,4.2,534,128,138,-1.2,
Библия. Синодальный перевод,bibliya-sinodalnyy-perevod,https://youtu.be/yusul1mC8_s,127,Числа 11,0:53:36,0:58:50,3216,3530,5.2,764,146,138,+1.0,
Библия. Синодальный перевод,bibliya-sinodalnyy-perevod,https://youtu.be/yusul1mC8_s,128,Числа 12,0:58:50,1:00:47,3530,3647,1.9,288,148,138,+1.2,
Библия. Синодальный перевод,bibliya-sinodalnyy-perevod,https://youtu.be/yusul1mC8_s,129,Числа 13,1:00:54,1:04:49,3654,3889,3.9,514,131,138,-0.8,
Библия. Синодальный перевод,bibliya-sinodalnyy-perevod,https://youtu.be/yusul1mC8_s,130,Числа 14,1:04:49,1:10:42,3889,4242,5.9,831,141,138,+0.4,
Библия. Синодальный перевод,bibliya-sinodalnyy-perevod,https://youtu.be/yusul1mC8_s,131,Числа 15,1:10:42,1:15:53,4242,4553,5.2,732,141,138,+0.4,
Библия. Синодальный перевод,bibliya-sinodalnyy-perevod,https://youtu.be/yusul1mC8_s,132,Числа 16,1:15:53,1:22:50,4553,4970,7.0,945,136,138,-0.2,
Библия. Синодальный перевод,bibliya-sinodalnyy-perevod,https://youtu.be/yusul1mC8_s,133,Числа 17,1:22:50,1:24:32,4970,5072,1.7,221,130,138,-0.9,
Библия. Синодальный перевод,bibliya-sinodalnyy-perevod,https://youtu.be/yusul1mC8_s,134,Числа 18,1:24:32,1:29:58,5072,5398,5.4,760,140,138,+0.3,
Библия. Синодальный перевод,bibliya-sinodalnyy-perevod,https://youtu.be/yusul1mC8_s,135,Числа 19,1:29:58,1:33:26,5398,5606,3.5,485,140,138,+0.3,
Библия. Синодальный перевод,bibliya-sinodalnyy-perevod,https://youtu.be/yusul1mC8_s,136,Числа 20,1:33:26,1:37:33,5606,5853,4.1,604,147,138,+1.1,
Библия. Синодальный перевод,bibliya-sinodalnyy-perevod,https://youtu.be/yusul1mC8_s,137,Числа 21,1:37:33,1:42:27,5853,6147,4.9,653,133,138,-0.5,
Библия. Синодальный перевод,bibliya-sinodalnyy-perevod,https://youtu.be/yusul1mC8_s,138,Числа 22,1:42:27,1:48:34,6147,6514,6.1,873,143,138,+0.6,
Библия. Синодальный перевод,bibliya-sinodalnyy-perevod,https://youtu.be/yusul1mC8_s,139,Числа 23,1:48:34,1:52:40,6514,6760,4.1,574,140,138,+0.3,
Библия. Синодальный перевод,bibliya-sinodalnyy-perevod,https://youtu.be/yusul1mC8_s,140,Числа 24,1:52:40,1:56:00,6760,6960,3.3,402,121,138,-2.1,
Библия. Синодальный перевод,bibliya-sinodalnyy-perevod,https://youtu.be/yusul1mC8_s,141,Числа 25,1:56:00,1:58:18,6960,7098,2.3,277,120,138,-2.1,
Библия. Синодальный перевод,bibliya-sinodalnyy-perevod,https://youtu.be/yusul1mC8_s,142,Числа 26,1:58:18,2:05:50,7098,7550,7.5,875,116,138,-2.6,
Библия. Синодальный перевод,bibliya-sinodalnyy-perevod,https://youtu.be/yusul1mC8_s,143,Числа 27,2:05:50,2:08:58,7550,7738,3.1,431,138,138,-0.0,
Библия. Синодальный перевод,bibliya-sinodalnyy-perevod,https://youtu.be/yusul1mC8_s,144,Числа 28,2:08:58,2:13:14,7738,7994,4.3,546,128,138,-1.2,
Библия. Синодальный перевод,bibliya-sinodalnyy-perevod,https://youtu.be/yusul1mC8_s,145,Числа 29,2:13:14,2:18:25,7994,8305,5.2,683,132,138,-0.7,
Библия. Синодальный перевод,bibliya-sinodalnyy-perevod,https://youtu.be/yusul1mC8_s,146,Числа 30,2:18:25,2:21:03,8305,8463,2.6,367,139,138,+0.2,
Библия. Синодальный перевод,bibliya-sinodalnyy-perevod,https://youtu.be/yusul1mC8_s,147,Числа 31,2:21:03,2:27:13,8463,8833,6.2,799,130,138,-1.0,
Библия. Синодальный перевод,bibliya-sinodalnyy-perevod,https://youtu.be/yusul1mC8_s,148,Числа 32,2:27:13,2:32:44,8833,9164,5.5,751,136,138,-0.2,
Библия. Синодальный перевод,bibliya-sinodalnyy-perevod,https://youtu.be/yusul1mC8_s,149,Числа 33,2:32:44,2:38:14,9164,9494,5.5,713,130,138,-1.0,
Библия. Синодальный перевод,bibliya-sinodalnyy-perevod,https://youtu.be/yusul1mC8_s,150,Числа 34,2:38:14,2:41:14,9494,9674,3.0,388,129,138,-1.0,
Библия. Синодальный перевод,bibliya-sinodalnyy-perevod,https://youtu.be/yusul1mC8_s,151,Числа 35,2:41:14,2:46:09,9674,9969,4.9,683,139,138,+0.2,
Библия. Синодальный перевод,bibliya-sinodalnyy-perevod,https://youtu.be/yusul1mC8_s,152,Числа 36,2:46:09,2:49:03,9969,10143,2.9,291,100,138,-4.5,
Библия. Синодальный перевод,bibliya-sinodalnyy-perevod,https://youtu.be/n_ci23ZwOGY,153,Второзаконие 1,0:00:08,0:06:21,8,381,6.2,905,146,138,+1.0,
Библия. Синодальный перевод,bibliya-sinodalnyy-perevod,https://youtu.be/n_ci23ZwOGY,154,Второзаконие 2,0:06:21,0:11:38,381,698,5.3,773,146,138,+1.0,
Библия. Синодальный перевод,bibliya-sinodalnyy-perevod,https://youtu.be/n_ci23ZwOGY,155,Второзаконие 3,0:11:38,0:16:03,698,963,4.4,631,143,138,+0.6,
Библия. Синодальный перевод,bibliya-sinodalnyy-perevod,https://youtu.be/n_ci23ZwOGY,156,Второзаконие 4,0:16:03,0:23:55,963,1435,7.9,1144,145,138,+0.9,
Библия. Синодальный перевод,bibliya-sinodalnyy-perevod,https://youtu.be/n_ci23ZwOGY,157,Второзаконие 5,0:23:55,0:28:32,1435,1712,4.6,667,144,138,+0.8,
Библия. Синодальный перевод,bibliya-sinodalnyy-perevod,https://youtu.be/n_ci23ZwOGY,158,Второзаконие 6,0:28:32,0:32:04,1712,1924,3.5,455,129,138,-1.1,
Библия. Синодальный перевод,bibliya-sinodalnyy-perevod,https://youtu.be/n_ci23ZwOGY,159,Второзаконие 7,0:32:04,0:36:22,1924,2182,4.3,594,138,138,+0.1,
Библия. Синодальный перевод,bibliya-sinodalnyy-perevod,https://youtu.be/n_ci23ZwOGY,160,Второзаконие 8,0:36:22,0:39:34,2182,2374,3.2,431,135,138,-0.4,
Библия. Синодальный перевод,bibliya-sinodalnyy-perevod,https://youtu.be/n_ci23ZwOGY,161,Второзаконие 9,0:39:34,0:44:26,2374,2666,4.9,659,135,138,-0.3,
Библия. Синодальный перевод,bibliya-sinodalnyy-perevod,https://youtu.be/n_ci23ZwOGY,162,Второзаконие 10,0:44:26,0:47:40,2666,2860,3.2,463,143,138,+0.7,
Библия. Синодальный перевод,bibliya-sinodalnyy-perevod,https://youtu.be/n_ci23ZwOGY,163,Второзаконие 11,0:47:40,0:52:34,2860,3154,4.9,714,146,138,+1.0,
Библия. Синодальный перевод,bibliya-sinodalnyy-perevod,https://youtu.be/n_ci23ZwOGY,164,Второзаконие 12,0:52:34,0:58:03,3154,3483,5.5,730,133,138,-0.5,
Библия. Синодальный перевод,bibliya-sinodalnyy-perevod,https://youtu.be/n_ci23ZwOGY,165,Второзаконие 13,0:58:03,1:01:14,3483,3674,3.2,356,112,138,-3.1,
Библия. Синодальный перевод,bibliya-sinodalnyy-perevod,https://youtu.be/n_ci23ZwOGY,166,Второзаконие 14,1:01:14,1:04:56,3674,3896,3.7,518,140,138,+0.3,
Библия. Синодальный перевод,bibliya-sinodalnyy-perevod,https://youtu.be/n_ci23ZwOGY,167,Второзаконие 15,1:04:56,1:08:40,3896,4120,3.7,483,129,138,-1.0,
Библия. Синодальный перевод,bibliya-sinodalnyy-perevod,https://youtu.be/n_ci23ZwOGY,168,Второзаконие 16,1:08:40,1:12:15,4120,4335,3.6,518,145,138,+0.8,
Библия. Синодальный перевод,bibliya-sinodalnyy-perevod,https://youtu.be/n_ci23ZwOGY,169,Второзаконие 17,1:12:15,1:15:45,4335,4545,3.5,443,127,138,-1.3,
Библия. Синодальный перевод,bibliya-sinodalnyy-perevod,https://youtu.be/n_ci23ZwOGY,170,Второзаконие 18,1:15:45,1:18:45,4545,4725,3.0,407,136,138,-0.2,
Библия. Синодальный перевод,bibliya-sinodalnyy-perevod,https://youtu.be/n_ci23ZwOGY,171,Второзаконие 19,1:18:45,1:22:03,4725,4923,3.3,482,146,138,+1.0,
Библия. Синодальный перевод,bibliya-sinodalnyy-perevod,https://youtu.be/n_ci23ZwOGY,172,Второзаконие 20,1:22:03,1:25:11,4923,5111,3.1,467,149,138,+1.4,
Библия. Синодальный перевод,bibliya-sinodalnyy-perevod,https://youtu.be/n_ci23ZwOGY,173,Второзаконие 21,1:25:11,1:28:37,5111,5317,3.4,473,138,138,+0.0,
Библия. Синодальный перевод,bibliya-sinodalnyy-perevod,https://youtu.be/n_ci23ZwOGY,174,Второзаконие 22,1:28:37,1:33:11,5317,5591,4.6,606,133,138,-0.6,
Библия. Синодальный перевод,bibliya-sinodalnyy-perevod,https://youtu.be/n_ci23ZwOGY,175,Второзаконие 23,1:33:11,1:36:35,5591,5795,3.4,494,145,138,+0.9,
Библия. Синодальный перевод,bibliya-sinodalnyy-perevod,https://youtu.be/n_ci23ZwOGY,176,Второзаконие 24,1:36:35,1:40:02,5795,6002,3.5,513,149,138,+1.3,
Библия. Синодальный перевод,bibliya-sinodalnyy-perevod,https://youtu.be/n_ci23ZwOGY,177,Второзаконие 25,1:40:02,1:42:38,6002,6158,2.6,301,116,138,-2.6,
Библия. Синодальный перевод,bibliya-sinodalnyy-perevod,https://youtu.be/n_ci23ZwOGY,178,Второзаконие 26,1:42:38,1:46:00,6158,6360,3.4,492,146,138,+1.0,
Библия. Синодальный перевод,bibliya-sinodalnyy-perevod,https://youtu.be/n_ci23ZwOGY,179,Второзаконие 27,1:46:00,1:49:11,6360,6551,3.2,413,130,138,-1.0,
Библия. Синодальный перевод,bibliya-sinodalnyy-perevod,https://youtu.be/n_ci23ZwOGY,180,Второзаконие 28,1:49:11,1:59:36,6551,7176,10.4,1451,139,138,+0.2,
Библия. Синодальный перевод,bibliya-sinodalnyy-perevod,https://youtu.be/n_ci23ZwOGY,181,Второзаконие 29,1:59:36,2:04:07,7176,7447,4.5,613,136,138,-0.2,
Библия. Синодальный перевод,bibliya-sinodalnyy-perevod,https://youtu.be/n_ci23ZwOGY,182,Второзаконие 30,2:04:07,2:07:38,7447,7658,3.5,453,129,138,-1.1,
Библия. Синодальный перевод,bibliya-sinodalnyy-perevod,https://youtu.be/n_ci23ZwOGY,183,Второзаконие 31,2:07:38,2:12:40,7658,7960,5.0,684,136,138,-0.2,
Библия. Синодальный перевод,bibliya-sinodalnyy-perevod,https://youtu.be/n_ci23ZwOGY,184,Второзаконие 32,2:12:40,2:19:21,7960,8361,6.7,917,137,138,-0.1,
Библия. Синодальный перевод,bibliya-sinodalnyy-perevod,https://youtu.be/n_ci23ZwOGY,185,Второзаконие 33,2:19:21,2:23:27,8361,8607,4.1,492,120,138,-2.1,
Библия. Синодальный перевод,bibliya-sinodalnyy-perevod,https://youtu.be/n_ci23ZwOGY,186,Второзаконие 34,2:23:27,2:25:50,8607,8750,2.4,206,86,138,-6.2,
Библия. Синодальный перевод,bibliya-sinodalnyy-perevod,https://youtu.be/S56_B0WfEHU,187,Матфея 1,0:00:09,0:03:03,9,183,2.9,336,116,138,-2.6,
Библия. Синодальный перевод,bibliya-sinodalnyy-perevod,https://youtu.be/S56_B0WfEHU,188,Матфея 2,0:03:03,0:06:12,183,372,3.1,408,130,138,-1.0,
Библия. Синодальный перевод,bibliya-sinodalnyy-perevod,https://youtu.be/S56_B0WfEHU,189,Матфея 3,0:06:12,0:08:20,372,500,2.1,260,122,138,-1.9,
Библия. Синодальный перевод,bibliya-sinodalnyy-perevod,https://youtu.be/S56_B0WfEHU,190,Матфея 4,0:08:20,0:11:20,500,680,3.0,386,129,138,-1.1,
Библия. Синодальный перевод,bibliya-sinodalnyy-perevod,https://youtu.be/S56_B0WfEHU,191,Матфея 5,0:11:20,0:16:49,680,1009,5.5,732,133,138,-0.5,
Библия. Синодальный перевод,bibliya-sinodalnyy-perevod,https://youtu.be/S56_B0WfEHU,192,Матфея 6,0:16:49,0:21:08,1009,1268,4.3,624,145,138,+0.8,
Библия. Синодальный перевод,bibliya-sinodalnyy-perevod,https://youtu.be/S56_B0WfEHU,193,Матфея 7,0:21:08,0:24:31,1268,1471,3.4,424,125,138,-1.5,
Библия. Синодальный перевод,bibliya-sinodalnyy-perevod,https://youtu.be/S56_B0WfEHU,194,Матфея 8,0:24:31,0:28:31,1471,1711,4.0,550,138,138,-0.0,
Библия. Синодальный перевод,bibliya-sinodalnyy-perevod,https://youtu.be/S56_B0WfEHU,195,Матфея 9,0:28:31,0:33:02,1711,1982,4.5,621,137,138,-0.0,
Библия. Синодальный перевод,bibliya-sinodalnyy-perevod,https://youtu.be/S56_B0WfEHU,196,Матфея 10,0:33:02,0:37:46,1982,2266,4.7,671,142,138,+0.5,
Библия. Синодальный перевод,bibliya-sinodalnyy-perevod,https://youtu.be/S56_B0WfEHU,197,Матфея 11,0:37:46,0:41:32,2266,2492,3.8,470,125,138,-1.6,
Библия. Синодальный перевод,bibliya-sinodalnyy-perevod,https://youtu.be/S56_B0WfEHU,198,Матфея 12,0:41:32,0:47:18,2492,2838,5.8,820,142,138,+0.6,
Библия. Синодальный перевод,bibliya-sinodalnyy-perevod,https://youtu.be/S56_B0WfEHU,199,Матфея 13,0:47:18,0:54:09,2838,3249,6.8,946,138,138,+0.1,
Библия. Синодальный перевод,bibliya-sinodalnyy-perevod,https://youtu.be/S56_B0WfEHU,200,Матфея 14,0:54:09,0:57:51,3249,3471,3.7,500,135,138,-0.3,
Библия. Синодальный перевод,bibliya-sinodalnyy-perevod,https://youtu.be/S56_B0WfEHU,201,Матфея 15,0:57:51,1:02:03,3471,3723,4.2,552,131,138,-0.8,
Библия. Синодальный перевод,bibliya-sinodalnyy-perevod,https://youtu.be/S56_B0WfEHU,202,Матфея 16,1:02:03,1:05:37,3723,3937,3.6,482,135,138,-0.3,
Библия. Синодальный перевод,bibliya-sinodalnyy-perevod,https://youtu.be/S56_B0WfEHU,203,Матфея 17,1:05:37,1:09:08,3937,4148,3.5,441,125,138,-1.5,
Библия. Синодальный перевод,bibliya-sinodalnyy-perevod,https://youtu.be/S56_B0WfEHU,204,Матфея 18,1:09:08,1:13:36,4148,4416,4.5,643,144,138,+0.8,
Библия. Синодальный перевод,bibliya-sinodalnyy-perevod,https://youtu.be/S56_B0WfEHU,205,Матфея 19,1:13:36,1:17:27,4416,4647,3.9,518,135,138,-0.4,
Библия. Синодальный перевод,bibliya-sinodalnyy-perevod,https://youtu.be/S56_B0WfEHU,206,Матфея 20,1:17:27,1:21:24,4647,4884,4.0,550,139,138,+0.2,
Библия. Синодальный перевод,bibliya-sinodalnyy-perevod,https://youtu.be/S56_B0WfEHU,207,Матфея 21,1:21:24,1:27:23,4884,5243,6.0,807,135,138,-0.3,
Библия. Синодальный перевод,bibliya-sinodalnyy-perevod,https://youtu.be/S56_B0WfEHU,208,Матфея 22,1:27:23,1:31:48,5243,5508,4.4,585,132,138,-0.6,
Библия. Синодальный перевод,bibliya-sinodalnyy-perevod,https://youtu.be/S56_B0WfEHU,209,Матфея 23,1:31:48,1:36:27,5508,5787,4.7,593,128,138,-1.2,
Библия. Синодальный перевод,bibliya-sinodalnyy-perevod,https://youtu.be/S56_B0WfEHU,210,Матфея 24,1:36:27,1:41:38,5787,6098,5.2,700,135,138,-0.3,
Библия. Синодальный перевод,bibliya-sinodalnyy-perevod,https://youtu.be/S56_B0WfEHU,211,Матфея 25,1:41:39,1:46:58,6099,6418,5.3,743,140,138,+0.3,
Библия. Синодальный перевод,bibliya-sinodalnyy-perevod,https://youtu.be/S56_B0WfEHU,212,Матфея 26,1:46:58,1:55:23,6418,6923,8.4,1161,138,138,+0.0,
Библия. Синодальный перевод,bibliya-sinodalnyy-perevod,https://youtu.be/S56_B0WfEHU,213,Матфея 27,1:55:23,2:02:26,6923,7346,7.0,906,129,138,-1.1,
Библия. Синодальный перевод,bibliya-sinodalnyy-perevod,https://youtu.be/S56_B0WfEHU,214,Матфея 28,2:02:26,2:04:47,7346,7487,2.4,312,133,138,-0.6,
Библия. Синодальный перевод,bibliya-sinodalnyy-perevod,https://youtu.be/yC3QCWB5cgo,215,Марка 1,0:00:10,0:04:59,10,299,4.8,659,137,138,-0.1,
Библия. Синодальный перевод,bibliya-sinodalnyy-perevod,https://youtu.be/yC3QCWB5cgo,216,Марка 2,0:04:59,0:08:32,299,512,3.5,488,137,138,-0.0,
Библия. Синодальный перевод,bibliya-sinodalnyy-perevod,https://youtu.be/yC3QCWB5cgo,217,Марка 3,0:08:32,0:12:07,512,727,3.6,478,133,138,-0.5,
Библия. Синодальный перевод,bibliya-sinodalnyy-perevod,https://youtu.be/yC3QCWB5cgo,218,Марка 4,0:12:07,0:16:39,727,999,4.5,631,139,138,+0.2,
Библия. Синодальный перевод,bibliya-sinodalnyy-perevod,https://youtu.be/yC3QCWB5cgo,219,Марка 5,0:16:39,0:21:19,999,1279,4.7,650,139,138,+0.2,
Библия. Синодальный перевод,bibliya-sinodalnyy-perevod,https://youtu.be/yC3QCWB5cgo,220,Марка 6,0:21:19,0:27:53,1279,1673,6.6,922,140,138,+0.3,
Библия. Синодальный перевод,bibliya-sinodalnyy-perevod,https://youtu.be/yC3QCWB5cgo,221,Марка 7,0:27:53,0:32:06,1673,1926,4.2,537,127,138,-1.2,
Библия. Синодальный перевод,bibliya-sinodalnyy-perevod,https://youtu.be/yC3QCWB5cgo,222,Марка 8,0:32:06,0:36:27,1926,2187,4.3,599,138,138,+0.0,
Библия. Синодальный перевод,bibliya-sinodalnyy-perevod,https://youtu.be/yC3QCWB5cgo,223,Марка 9,0:36:27,0:42:29,2187,2549,6.0,843,140,138,+0.3,
Библия. Синодальный перевод,bibliya-sinodalnyy-perevod,https://youtu.be/yC3QCWB5cgo,224,Марка 10,0:42:29,0:48:43,2549,2923,6.2,863,138,138,+0.1,
Библия. Синодальный перевод,bibliya-sinodalnyy-perevod,https://youtu.be/yC3QCWB5cgo,225,Марка 11,0:48:43,0:52:47,2923,3167,4.1,544,134,138,-0.5,
Библия. Синодальный перевод,bibliya-sinodalnyy-perevod,https://youtu.be/yC3QCWB5cgo,226,Марка 12,0:52:47,0:58:25,3167,3505,5.6,742,132,138,-0.7,
Библия. Синодальный перевод,bibliya-sinodalnyy-perevod,https://youtu.be/yC3QCWB5cgo,227,Марка 13,0:58:25,1:02:30,3505,3750,4.1,573,140,138,+0.3,
Библия. Синодальный перевод,bibliya-sinodalnyy-perevod,https://youtu.be/yC3QCWB5cgo,228,Марка 14,1:02:30,1:10:41,3750,4241,8.2,1121,137,138,-0.1,
Библия. Синодальный перевод,bibliya-sinodalnyy-perevod,https://youtu.be/yC3QCWB5cgo,229,Марка 15,1:10:41,1:15:31,4241,4531,4.8,630,130,138,-0.9,
Библия. Синодальный перевод,bibliya-sinodalnyy-perevod,https://youtu.be/yC3QCWB5cgo,230,Марка 16,1:15:31,1:18:24,4531,4704,2.9,299,104,138,-4.1,
Библия. Синодальный перевод,bibliya-sinodalnyy-perevod,https://youtu.be/b9q-JZnFR4U,231,Луки 1,0:00:10,0:07:58,10,478,7.8,1060,136,138,-0.2,
Библия. Синодальный перевод,bibliya-sinodalnyy-perevod,https://youtu.be/b9q-JZnFR4U,232,Луки 2,0:07:58,0:13:26,478,806,5.5,747,137,138,-0.1,
Библия. Синодальный перевод,bibliya-sinodalnyy-perevod,https://youtu.be/b9q-JZnFR4U,233,Луки 3,0:13:26,0:17:26,806,1046,4.0,460,115,138,-2.7,
Библия. Синодальный перевод,bibliya-sinodalnyy-perevod,https://youtu.be/b9q-JZnFR4U,234,Луки 4,0:17:26,0:22:30,1046,1350,5.1,700,138,138,+0.1,
Библия. Синодальный перевод,bibliya-sinodalnyy-perevod,https://youtu.be/b9q-JZnFR4U,235,Луки 5,0:22:30,0:27:25,1350,1645,4.9,682,139,138,+0.1,
Библия. Синодальный перевод,bibliya-sinodalnyy-perevod,https://youtu.be/b9q-JZnFR4U,236,Луки 6,0:27:25,0:33:54,1645,2034,6.5,872,134,138,-0.4,
Библия. Синодальный перевод,bibliya-sinodalnyy-perevod,https://youtu.be/b9q-JZnFR4U,237,Луки 7,0:33:54,0:40:08,2034,2408,6.2,861,138,138,+0.1,
Библия. Синодальный перевод,bibliya-sinodalnyy-perevod,https://youtu.be/b9q-JZnFR4U,238,Луки 8,0:40:08,0:47:30,2408,2850,7.4,1026,139,138,+0.2,
Библия. Синодальный перевод,bibliya-sinodalnyy-perevod,https://youtu.be/b9q-JZnFR4U,239,Луки 9,0:47:30,0:55:16,2850,3316,7.8,1080,139,138,+0.2,
Библия. Синодальный перевод,bibliya-sinodalnyy-perevod,https://youtu.be/b9q-JZnFR4U,240,Луки 10,0:55:16,1:00:31,3316,3631,5.2,723,138,138,+0.0,
Библия. Синодальный перевод,bibliya-sinodalnyy-perevod,https://youtu.be/b9q-JZnFR4U,241,Луки 11,1:00:31,1:07:22,3631,4042,6.8,956,140,138,+0.2,
Библия. Синодальный перевод,bibliya-sinodalnyy-perevod,https://youtu.be/b9q-JZnFR4U,242,Луки 12,1:07:22,1:14:22,4042,4462,7.0,991,142,138,+0.5,
Библия. Синодальный перевод,bibliya-sinodalnyy-perevod,https://youtu.be/b9q-JZnFR4U,243,Луки 13,1:14:22,1:18:48,4462,4728,4.4,612,138,138,+0.0,
Библия. Синодальный перевод,bibliya-sinodalnyy-perevod,https://youtu.be/b9q-JZnFR4U,244,Луки 14,1:18:48,1:22:56,4728,4976,4.1,579,140,138,+0.3,
Библия. Синодальный перевод,bibliya-sinodalnyy-perevod,https://youtu.be/b9q-JZnFR4U,245,Луки 15,1:22:56,1:26:39,4976,5199,3.7,521,140,138,+0.3,
Библия. Синодальный перевод,bibliya-sinodalnyy-perevod,https://youtu.be/b9q-JZnFR4U,246,Луки 16,1:26:39,1:30:42,5199,5442,4.0,544,134,138,-0.4,
Библия. Синодальный перевод,bibliya-sinodalnyy-perevod,https://youtu.be/b9q-JZnFR4U,247,Луки 17,1:30:42,1:34:40,5442,5680,4.0,544,137,138,-0.1,
Библия. Синодальный перевод,bibliya-sinodalnyy-perevod,https://youtu.be/b9q-JZnFR4U,248,Луки 18,1:34:40,1:39:22,5680,5962,4.7,637,136,138,-0.3,
Библия. Синодальный перевод,bibliya-sinodalnyy-perevod,https://youtu.be/b9q-JZnFR4U,249,Луки 19,1:39:22,1:44:33,5962,6273,5.2,714,138,138,+0.0,
Библия. Синодальный перевод,bibliya-sinodalnyy-perevod,https://youtu.be/b9q-JZnFR4U,250,Луки 20,1:44:33,1:49:28,6273,6568,4.9,666,135,138,-0.3,
Библия. Синодальный перевод,bibliya-sinodalnyy-perevod,https://youtu.be/b9q-JZnFR4U,251,Луки 21,1:49:28,1:53:28,6568,6808,4.0,548,137,138,-0.1,
Библия. Синодальный перевод,bibliya-sinodalnyy-perevod,https://youtu.be/b9q-JZnFR4U,252,Луки 22,1:53:28,2:00:46,6808,7246,7.3,1026,141,138,+0.4,
Библия. Синодальный перевод,bibliya-sinodalnyy-perevod,https://youtu.be/b9q-JZnFR4U,253,Луки 23,2:00:46,2:06:42,7246,7602,5.9,804,136,138,-0.3,
Библия. Синодальный перевод,bibliya-sinodalnyy-perevod,https://youtu.be/b9q-JZnFR4U,254,Луки 24,2:06:42,2:12:41,7602,7961,6.0,790,132,138,-0.7,
Библия. Синодальный перевод,bibliya-sinodalnyy-perevod,https://youtu.be/g5vlG96pflA,255,Иоанна 1,0:00:10,0:05:38,10,338,5.5,759,139,138,+0.1,
Библия. Синодальный перевод,bibliya-sinodalnyy-perevod,https://youtu.be/g5vlG96pflA,256,Иоанна 2,0:05:38,0:08:22,338,502,2.7,374,137,138,-0.1,
Библия. Синодальный перевод,bibliya-sinodalnyy-perevod,https://youtu.be/g5vlG96pflA,257,Иоанна 3,0:08:22,0:12:31,502,751,4.2,600,145,138,+0.8,
Библия. Синодальный перевод,bibliya-sinodalnyy-perevod,https://youtu.be/g5vlG96pflA,258,Иоанна 4,0:12:31,0:18:32,751,1112,6.0,848,141,138,+0.4,
Библия. Синодальный перевод,bibliya-sinodalnyy-perevod,https://youtu.be/g5vlG96pflA,259,Иоанна 5,0:18:32,0:23:52,1112,1432,5.3,761,143,138,+0.6,
Библия. Синодальный перевод,bibliya-sinodalnyy-perevod,https://youtu.be/g5vlG96pflA,260,Иоанна 6,0:23:52,0:31:34,1432,1894,7.7,1110,144,138,+0.8,
Библия. Синодальный перевод,bibliya-sinodalnyy-perevod,https://youtu.be/g5vlG96pflA,261,Иоанна 7,0:31:34,0:37:01,1894,2221,5.5,796,146,138,+1.0,
Библия. Синодальный перевод,bibliya-sinodalnyy-perevod,https://youtu.be/g5vlG96pflA,262,Иоанна 8,0:37:01,0:44:06,2221,2646,7.1,1005,142,138,+0.5,
Библия. Синодальный перевод,bibliya-sinodalnyy-perevod,https://youtu.be/g5vlG96pflA,263,Иоанна 9,0:44:06,0:48:39,2646,2919,4.5,651,143,138,+0.7,
Библия. Синодальный перевод,bibliya-sinodalnyy-perevod,https://youtu.be/g5vlG96pflA,264,Иоанна 10,0:48:39,0:53:03,2919,3183,4.4,638,145,138,+0.9,
Библия. Синодальный перевод,bibliya-sinodalnyy-perevod,https://youtu.be/g5vlG96pflA,265,Иоанна 11,0:53:03,0:59:03,3183,3543,6.0,839,140,138,+0.3,
Библия. Синодальный перевод,bibliya-sinodalnyy-perevod,https://youtu.be/g5vlG96pflA,266,Иоанна 12,0:59:03,1:04:41,3543,3881,5.6,787,140,138,+0.3,
Библия. Синодальный перевод,bibliya-sinodalnyy-perevod,https://youtu.be/g5vlG96pflA,267,Иоанна 13,1:04:41,1:09:05,3881,4145,4.4,617,140,138,+0.3,
Библия. Синодальный перевод,bibliya-sinodalnyy-perevod,https://youtu.be/g5vlG96pflA,268,Иоанна 14,1:09:05,1:12:42,4145,4362,3.6,561,155,138,+2.1,
Библия. Синодальный перевод,bibliya-sinodalnyy-perevod,https://youtu.be/g5vlG96pflA,269,Иоанна 15,1:12:42,1:15:54,4362,4554,3.2,472,148,138,+1.2,
Библия. Синодальный перевод,bibliya-sinodalnyy-perevod,https://youtu.be/g5vlG96pflA,270,Иоанна 16,1:15:54,1:19:41,4554,4781,3.8,565,149,138,+1.4,
Библия. Синодальный перевод,bibliya-sinodalnyy-perevod,https://youtu.be/g5vlG96pflA,271,Иоанна 17,1:19:41,1:22:44,4781,4964,3.0,492,161,138,+2.9,
Библия. Синодальный перевод,bibliya-sinodalnyy-perevod,https://youtu.be/g5vlG96pflA,272,Иоанна 18,1:22:44,1:27:46,4964,5266,5.0,691,137,138,-0.0,
Библия. Синодальный перевод,bibliya-sinodalnyy-perevod,https://youtu.be/g5vlG96pflA,273,Иоанна 19,1:27:46,1:33:08,5266,5588,5.4,722,135,138,-0.4,
Библия. Синодальный перевод,bibliya-sinodalnyy-perevod,https://youtu.be/g5vlG96pflA,274,Иоанна 20,1:33:08,1:37:03,5588,5823,3.9,550,140,138,+0.3,
Библия. Синодальный перевод,bibliya-sinodalnyy-perevod,https://youtu.be/g5vlG96pflA,275,Иоанна 21,1:37:03,1:41:29,5823,6089,4.4,520,117,138,-2.5,
"Учение Христа, изложенное для детей",uchenie-khrista-izlozhennoe-dlya-detey,https://youtu.be/fCz4aRA10g0,0,Глава 1,0:00:39,0:08:46,39,526,8.1,997,123,142,-2.3,
"Учение Христа, изложенное для детей",uchenie-khrista-izlozhennoe-dlya-detey,https://youtu.be/fCz4aRA10g0,1,Глава 2,0:08:46,0:24:27,526,1467,15.7,2163,138,142,-0.5,
"Учение Христа, изложенное для детей",uchenie-khrista-izlozhennoe-dlya-detey,https://youtu.be/fCz4aRA10g0,2,Глава 3,0:24:27,0:36:19,1467,2179,11.9,1697,143,142,+0.1,
"Учение Христа, изложенное для детей",uchenie-khrista-izlozhennoe-dlya-detey,https://youtu.be/fCz4aRA10g0,3,Глава 4,0:36:19,0:49:08,2179,2948,12.8,1822,142,142,-0.0,
"Учение Христа, изложенное для детей",uchenie-khrista-izlozhennoe-dlya-detey,https://youtu.be/fCz4aRA10g0,4,Глава 5,0:49:08,1:00:07,2948,3607,11.0,1563,142,142,+0.0,
"Учение Христа, изложенное для детей",uchenie-khrista-izlozhennoe-dlya-detey,https://youtu.be/fCz4aRA10g0,5,Глава 6,1:00:07,1:14:06,3607,4446,14.0,2016,144,142,+0.2,
"Учение Христа, изложенное для детей",uchenie-khrista-izlozhennoe-dlya-detey,https://youtu.be/fCz4aRA10g0,6,Глава 7,1:14:06,1:27:26,4446,5246,13.3,2011,151,142,+1.0,
"Учение Христа, изложенное для детей",uchenie-khrista-izlozhennoe-dlya-detey,https://youtu.be/fCz4aRA10g0,7,Глава 8,1:27:26,1:44:34,5246,6274,17.1,2663,155,142,+1.5,
"Учение Христа, изложенное для детей",uchenie-khrista-izlozhennoe-dlya-detey,https://youtu.be/fCz4aRA10g0,8,Глава 9,1:44:34,2:21:35,6274,8495,37.0,2437,66,142,-9.0,
Чайка (спектакль),chayka-spektakl,https://youtu.be/cf43gBusKbY,1,Действие первое,0:00:00,0:45:18,0,2718,45.3,3926,87,79,+1.6,
Чайка (спектакль),chayka-spektakl,https://youtu.be/cf43gBusKbY,2,Действие второе,0:45:18,1:23:18,2718,4998,38.0,3087,81,79,+0.4,
Чайка (спектакль),chayka-spektakl,https://youtu.be/cf43gBusKbY,3,Действие третье,1:23:18,1:58:29,4998,7109,35.2,2713,77,79,-0.4,
Чайка (спектакль),chayka-spektakl,https://youtu.be/cf43gBusKbY,4,Действие четвертое,1:58:29,2:48:09,7109,10089,49.7,3837,77,79,-0.4,
Вишнёвый сад (спектакль),vishnevyy-sad-spektakl,https://youtu.be/eCFnvdfRzDY,0,Глава 1,0:00:00,0:47:53,0,2873,47.9,4241,89,79,+1.3,
Вишнёвый сад (спектакль),vishnevyy-sad-spektakl,https://youtu.be/eCFnvdfRzDY,1,Глава 2,0:47:53,1:34:37,2873,5677,46.7,3048,65,79,-1.9,
Вишнёвый сад (спектакль),vishnevyy-sad-spektakl,https://youtu.be/eCFnvdfRzDY,2,Глава 3,1:34:37,2:14:25,5677,8065,39.8,3177,80,79,+0.1,
Вишнёвый сад (спектакль),vishnevyy-sad-spektakl,https://youtu.be/eCFnvdfRzDY,3,Глава 4,2:14:25,2:46:53,8065,10013,32.5,2555,79,79,-0.1,
Власть тьмы (спектакль),vlast-tmy-spektakl,https://youtu.be/c6CRrtUF4Nw,0,Глава 1,0:00:00,0:50:12,0,3012,50.2,4438,88,103,-0.3,
Власть тьмы (спектакль),vlast-tmy-spektakl,https://youtu.be/c6CRrtUF4Nw,1,Глава 2,0:50:12,1:14:44,3012,4484,24.5,3352,137,103,+0.7,
Власть тьмы (спектакль),vlast-tmy-spektakl,https://youtu.be/c6CRrtUF4Nw,2,Глава 3,1:14:44,2:17:32,4484,8252,62.8,4100,65,103,-0.8,
Власть тьмы (спектакль),vlast-tmy-spektakl,https://youtu.be/c6CRrtUF4Nw,3,Глава 4,2:17:32,2:44:05,8252,9845,26.6,4188,158,103,+1.1,
Власть тьмы (спектакль),vlast-tmy-spektakl,https://youtu.be/c6CRrtUF4Nw,4,Глава 5,2:44:05,3:19:22,9845,11962,35.3,3644,103,103,+0.0,
Горе от ума (спектакль),gore-ot-uma-spektakl,https://youtu.be/_fSK4MpmZC0,0,Глава 1,0:00:00,0:42:00,0,2520,42.0,3202,76,85,-1.1,
Горе от ума (спектакль),gore-ot-uma-spektakl,https://youtu.be/_fSK4MpmZC0,1,Глава 2,0:42:00,1:19:31,2520,4771,37.5,3476,93,85,+1.0,
Горе от ума (спектакль),gore-ot-uma-spektakl,https://youtu.be/_fSK4MpmZC0,2,Глава 3,1:19:31,2:13:08,4771,7988,53.6,4392,82,85,-0.4,
Горе от ума (спектакль),gore-ot-uma-spektakl,https://youtu.be/_fSK4MpmZC0,3,Глава 4,2:13:08,2:52:43,7988,10363,39.6,3492,88,85,+0.4,
Гроза (спектакль),groza-spektakl,https://youtu.be/fdNthke_Enw,0,Глава 1,0:00:00,0:48:10,0,2890,48.2,4292,89,89,+0.0,
Гроза (спектакль),groza-spektakl,https://youtu.be/fdNthke_Enw,1,Глава 2,0:48:10,1:11:46,2890,4306,23.6,2792,118,89,+0.8,
Гроза (спектакль),groza-spektakl,https://youtu.be/fdNthke_Enw,2,Глава 3,1:11:46,1:52:34,4306,6754,40.8,3490,86,89,-0.1,
Гроза (спектакль),groza-spektakl,https://youtu.be/fdNthke_Enw,3,Глава 4,1:52:34,2:26:26,6754,8786,33.9,2138,63,89,-0.7,
Гроза (спектакль),groza-spektakl,https://youtu.be/fdNthke_Enw,4,Глава 5,2:26:26,2:40:32,8786,9632,14.1,2277,161,89,+1.9,
Дядя Ваня (спектакль),dyadya-vanya-spektakl,https://youtu.be/JYBBYKKi1W4,1,Глава 2,0:00:00,0:34:59,0,2099,35.0,2863,82,80,+0.5,
Дядя Ваня (спектакль),dyadya-vanya-spektakl,https://youtu.be/JYBBYKKi1W4,2,Глава 3,0:34:59,1:20:03,2099,4803,45.1,3480,77,80,-0.5,
Дядя Ваня (спектакль),dyadya-vanya-spektakl,https://youtu.be/JYBBYKKi1W4,3,Глава 4,1:20:03,2:01:05,4803,7265,41.0,3694,90,80,+2.2,
Дядя Ваня (спектакль),dyadya-vanya-spektakl,https://youtu.be/JYBBYKKi1W4,4,Глава 5,2:01:05,2:33:53,7265,9233,32.8,2471,75,80,-0.9,
На дне (спектакль),na-dne-spektakl,https://youtu.be/uO_GRxCPbu0,1,Глава 2,0:00:00,0:48:23,0,2903,48.4,4714,97,93,+0.5,
На дне (спектакль),na-dne-spektakl,https://youtu.be/uO_GRxCPbu0,2,Глава 3,0:48:23,1:32:52,2903,5572,44.5,3833,86,93,-0.8,
На дне (спектакль),na-dne-spektakl,https://youtu.be/uO_GRxCPbu0,3,Глава 4,1:32:52,2:13:31,5572,8011,40.6,4703,116,93,+2.7,
На дне (спектакль),na-dne-spektakl,https://youtu.be/uO_GRxCPbu0,4,Глава 5,2:13:31,2:46:45,8011,10005,33.2,2961,89,93,-0.5,
Три сестры (спектакль),tri-sestry-spektakl,https://youtu.be/vO915TNng90,0,Действие первое,0:00:00,0:50:25,0,3025,50.4,4727,94,85,+1.7,
Три сестры (спектакль),tri-sestry-spektakl,https://youtu.be/vO915TNng90,1,Действие второе,0:50:25,1:40:08,3025,6008,49.7,4245,85,85,+0.0,
Три сестры (спектакль),tri-sestry-spektakl,https://youtu.be/vO915TNng90,2,Действие третье,1:40:08,2:20:56,6008,8456,40.8,3467,85,85,-0.0,
Три сестры (спектакль),tri-sestry-spektakl,https://youtu.be/vO915TNng90,3,Действие четвертое,2:20:56,3:08:57,8456,11337,48.0,3906,81,85,-0.7,
