priority,book,slug,video_url,chapter,section,start,end,start_sec,end_sec,minutes,words,words_per_min,off_pace_pct,diagnosis,new_start_sec,new_end_sec,done_by,notes
FIX,Герой нашего времени,geroy-nashego-vremeni,https://youtu.be/aA87bXjXt60,0,Глава 1,0:00:58,0:01:55,58,115,1,409,431,+299,too short for its text - starts too late or ends too early,,,,
,Герой нашего времени,geroy-nashego-vremeni,https://youtu.be/aA87bXjXt60,1,Глава 2,0:01:55,1:49:31,115,6571,108,11019,102,-5,,,,,
,Герой нашего времени,geroy-nashego-vremeni,https://youtu.be/aA87bXjXt60,2,Глава 3,1:49:31,2:16:16,6571,8176,27,2874,107,+0,,,,,
,Герой нашего времени,geroy-nashego-vremeni,https://youtu.be/aA87bXjXt60,3,Глава 4,2:16:16,2:18:55,8176,8335,3,319,120,+12,,,,,
,Герой нашего времени,geroy-nashego-vremeni,https://youtu.be/aA87bXjXt60,4,Глава 5,2:18:55,2:51:14,8335,10274,32,3484,108,+0,,,,,
,Герой нашего времени,geroy-nashego-vremeni,https://youtu.be/aA87bXjXt60,5,Глава 6,2:51:14,6:08:44,10274,22124,198,22349,113,+5,,,,,
,Герой нашего времени,geroy-nashego-vremeni,https://youtu.be/aA87bXjXt60,6,Глава 7,6:08:44,6:38:14,22124,23894,30,2786,94,-12,,,,,
,Жизнь Василия Фивейского,zhizn-vasiliya-fiveyskogo,https://youtu.be/ORRu81GTCUM,0,Глава 1,0:00:12,0:12:13,12,733,12,1206,100,+0,,,,,
FIX,Жизнь Василия Фивейского,zhizn-vasiliya-fiveyskogo,https://youtu.be/ORRu81GTCUM,1,Глава 2,0:12:13,0:16:16,733,976,4,1565,386,+285,too short for its text - starts too late or ends too early,,,,
,Жизнь Василия Фивейского,zhizn-vasiliya-fiveyskogo,https://youtu.be/a_9_OVbHFZk,2,Глава 3,0:10:58,0:16:01,658,961,5,531,105,+5,,,,,
,Жизнь Василия Фивейского,zhizn-vasiliya-fiveyskogo,https://youtu.be/w8xktdXeAz8,3,Глава 4,0:00:14,0:19:43,14,1183,19,2058,106,+5,,,,,
,Жизнь Василия Фивейского,zhizn-vasiliya-fiveyskogo,https://youtu.be/aodG4XUFWXI,4,Глава 5,0:00:08,0:19:47,8,1187,20,1975,101,+0,,,,,
FIX,Жизнь Василия Фивейского,zhizn-vasiliya-fiveyskogo,https://youtu.be/dWhfepv1gSM,5,Глава 6,0:00:12,0:16:30,12,990,16,2731,168,+67,too short for its text - starts too late or ends too early,,,,
,Жизнь Василия Фивейского,zhizn-vasiliya-fiveyskogo,https://youtu.be/MBOsqTlRyyk,6,Глава 7,0:00:11,0:21:13,11,1273,21,2112,100,+0,,,,,
,Жизнь Василия Фивейского,zhizn-vasiliya-fiveyskogo,https://youtu.be/4e8xS9DaRvw,7,Глава 8,0:00:11,0:27:35,11,1655,27,2484,91,-10,,,,,
FIX,Жизнь Василия Фивейского,zhizn-vasiliya-fiveyskogo,https://youtu.be/Kt1-fMWegEQ,9,Глава 10,0:00:11,0:17:29,11,1049,17,1413,82,-19,too long - it has swallowed part of a neighbour,,,,
,Жизнь Василия Фивейского,zhizn-vasiliya-fiveyskogo,https://youtu.be/hVHReugT8hg,10,Глава 11,0:00:10,0:21:31,10,1291,21,2069,97,-3,,,,,
,Жизнь Василия Фивейского,zhizn-vasiliya-fiveyskogo,https://youtu.be/QYKnNz1u-Eg,11,Глава 12,0:00:11,0:29:05,11,1745,29,2830,98,-2,,,,,
,Отцы и дети,ottsy-i-deti,https://youtu.be/0rA3zDZvy4M,0,Глава 1,0:00:18,0:09:54,18,594,10,931,97,-12,,,,,
,Отцы и дети,ottsy-i-deti,https://youtu.be/0rA3zDZvy4M,1,Глава 2,0:09:54,0:13:48,594,828,4,489,125,+14,,,,,
FIX,Отцы и дети,ottsy-i-deti,https://youtu.be/0rA3zDZvy4M,2,Глава 3,0:13:48,0:17:53,828,1073,4,1497,367,+232,too short for its text - starts too late or ends too early,,,,
,Отцы и дети,ottsy-i-deti,https://youtu.be/0rA3zDZvy4M,3,Глава 4,0:17:53,0:28:42,1073,1722,11,1158,107,-3,,,,,
,Отцы и дети,ottsy-i-deti,https://youtu.be/0rA3zDZvy4M,4,Глава 5,0:28:42,0:44:18,1722,2658,16,1782,114,+3,,,,,
,Отцы и дети,ottsy-i-deti,https://youtu.be/0rA3zDZvy4M,5,Глава 6,0:44:18,0:51:56,2658,3116,8,867,114,+3,,,,,
,Отцы и дети,ottsy-i-deti,https://youtu.be/0rA3zDZvy4M,6,Глава 7,0:51:56,1:07:20,3116,4040,15,1787,116,+5,,,,,
,Отцы и дети,ottsy-i-deti,https://youtu.be/0rA3zDZvy4M,7,Глава 8,1:07:20,1:23:55,4040,5035,17,1934,117,+6,,,,,
FIX,Отцы и дети,ottsy-i-deti,https://youtu.be/0rA3zDZvy4M,8,Глава 9,1:23:55,1:33:50,5035,5630,10,838,85,-23,too long - it has swallowed part of a neighbour,,,,
,Отцы и дети,ottsy-i-deti,https://youtu.be/0rA3zDZvy4M,9,Глава 10,1:33:50,2:02:34,5630,7354,29,3412,119,+8,,,,,
FIX,Отцы и дети,ottsy-i-deti,https://youtu.be/0rA3zDZvy4M,10,Глава 11,2:02:34,2:16:53,7354,8213,14,1098,77,-31,too long - it has swallowed part of a neighbour,,,,
FIX,Отцы и дети,ottsy-i-deti,https://youtu.be/0rA3zDZvy4M,11,Глава 12,2:16:53,2:26:05,8213,8765,9,1353,147,+33,too short for its text - starts too late or ends too early,,,,
,Отцы и дети,ottsy-i-deti,https://youtu.be/0rA3zDZvy4M,12,Глава 13,2:26:05,2:40:33,8765,9633,14,1634,113,+2,,,,,
,Отцы и дети,ottsy-i-deti,https://youtu.be/0rA3zDZvy4M,13,Глава 14,2:40:33,2:53:08,9633,10388,13,1376,109,-1,,,,,
,Отцы и дети,ottsy-i-deti,https://youtu.be/0rA3zDZvy4M,14,Глава 15,2:53:08,3:05:54,10388,11154,13,1205,94,-15,,,,,
,Отцы и дети,ottsy-i-deti,https://youtu.be/0rA3zDZvy4M,15,Глава 16,3:05:54,3:28:18,11154,12498,22,2802,125,+13,,,,,
,Отцы и дети,ottsy-i-deti,https://youtu.be/0rA3zDZvy4M,16,Глава 17,3:28:18,3:56:01,12498,14161,28,3088,111,+1,,,,,
,Отцы и дети,ottsy-i-deti,https://youtu.be/0rA3zDZvy4M,17,Глава 18,3:56:01,4:10:03,14161,15003,14,1367,97,-12,,,,,
,Отцы и дети,ottsy-i-deti,https://youtu.be/0rA3zDZvy4M,18,Глава 19,4:10:03,4:26:55,15003,16015,17,2043,121,+10,,,,,
,Отцы и дети,ottsy-i-deti,https://youtu.be/0rA3zDZvy4M,19,Глава 20,4:26:55,4:52:58,16015,17578,26,2818,108,-2,,,,,
,Отцы и дети,ottsy-i-deti,https://youtu.be/0rA3zDZvy4M,20,Глава 21,4:52:58,5:35:10,17578,20110,42,4620,109,-1,,,,,
,Отцы и дети,ottsy-i-deti,https://youtu.be/0rA3zDZvy4M,21,Глава 22,5:35:10,5:49:26,20110,20966,14,1504,105,-5,,,,,
,Отцы и дети,ottsy-i-deti,https://youtu.be/0rA3zDZvy4M,22,Глава 23,5:49:26,6:06:25,20966,21985,17,1942,114,+4,,,,,
,Отцы и дети,ottsy-i-deti,https://youtu.be/0rA3zDZvy4M,23,Глава 24,6:06:25,6:52:02,21985,24722,46,4802,105,-5,,,,,
,Отцы и дети,ottsy-i-deti,https://youtu.be/0rA3zDZvy4M,24,Глава 25,6:52:02,7:20:19,24722,26419,28,2960,105,-5,,,,,
,Отцы и дети,ottsy-i-deti,https://youtu.be/0rA3zDZvy4M,25,Глава 26,7:20:19,7:41:16,26419,27676,21,2464,118,+6,,,,,
,Отцы и дети,ottsy-i-deti,https://youtu.be/0rA3zDZvy4M,26,Глава 27,7:41:16,8:23:29,27676,30209,42,4300,102,-8,,,,,
,Отцы и дети,ottsy-i-deti,https://youtu.be/0rA3zDZvy4M,27,Глава 28,8:23:29,8:38:00,30209,31080,15,1397,96,-13,,,,,
FIX,Поликушка,polikushka,https://youtu.be/ofRpAAHHkLU,0,Глава 1,0:00:22,0:17:47,22,1067,17,1331,76,-25,too long - it has swallowed part of a neighbour,,,,
FIX,Поликушка,polikushka,https://youtu.be/ofRpAAHHkLU,1,Глава 2,0:17:47,0:21:59,1067,1319,4,1283,305,+199,too short for its text - starts too late or ends too early,,,,
,Поликушка,polikushka,https://youtu.be/ofRpAAHHkLU,2,Глава 3,0:21:59,0:30:32,1319,1832,9,976,114,+12,,,,,
FIX,Поликушка,polikushka,https://youtu.be/ofRpAAHHkLU,3,Глава 4,0:30:32,0:36:16,1832,2176,6,488,85,-17,too long - it has swallowed part of a neighbour,,,,
,Поликушка,polikushka,https://youtu.be/ofRpAAHHkLU,4,Глава 5,0:36:16,0:51:02,2176,3062,15,1593,108,+6,,,,,
FIX,Поликушка,polikushka,https://youtu.be/ofRpAAHHkLU,5,Глава 6,0:51:02,0:59:48,3062,3588,9,602,69,-33,too long - it has swallowed part of a neighbour,,,,
FIX,Поликушка,polikushka,https://youtu.be/ofRpAAHHkLU,6,Глава 7,0:59:48,1:08:17,3588,4097,8,1257,148,+45,too short for its text - starts too late or ends too early,,,,
,Поликушка,polikushka,https://youtu.be/ofRpAAHHkLU,7,Глава 8,1:08:17,1:22:30,4097,4950,14,1307,92,-10,,,,,
FIX,Поликушка,polikushka,https://youtu.be/ofRpAAHHkLU,8,Глава 9,1:22:30,1:31:45,4950,5505,9,634,69,-33,too long - it has swallowed part of a neighbour,,,,
FIX,Поликушка,polikushka,https://youtu.be/ofRpAAHHkLU,9,Глава 10,1:31:45,1:36:23,5505,5783,5,1202,259,+154,too short for its text - starts too late or ends too early,,,,
,Поликушка,polikushka,https://youtu.be/ofRpAAHHkLU,10,Глава 11,1:36:23,1:45:30,5783,6330,9,931,102,+0,,,,,
,Поликушка,polikushka,https://youtu.be/ofRpAAHHkLU,11,Глава 12,1:45:30,1:53:36,6330,6816,8,717,89,-13,,,,,
,Поликушка,polikushka,https://youtu.be/ofRpAAHHkLU,12,Глава 13,1:53:36,2:05:48,6816,7548,12,1425,117,+14,,,,,
FIX,Поликушка,polikushka,https://youtu.be/ofRpAAHHkLU,13,Глава 14,2:05:48,2:17:26,7548,8246,12,769,66,-35,too long - it has swallowed part of a neighbour,,,,
FIX,Поликушка,polikushka,https://youtu.be/ofRpAAHHkLU,14,Глава 15,2:17:26,2:39:26,8246,9566,22,2807,128,+25,too short for its text - starts too late or ends too early,,,,
FIX,Казаки,kazaki,https://youtu.be/iyPsxqSj-zQ,0,Глава 1,0:03:13,0:12:11,193,731,9,1209,135,+16,too short for its text - starts too late or ends too early,,,,
FIX,Казаки,kazaki,https://youtu.be/iyPsxqSj-zQ,1,Глава 2,0:12:11,0:33:55,731,2035,22,2078,96,-17,too long - it has swallowed part of a neighbour,,,,
FIX,Казаки,kazaki,https://youtu.be/iyPsxqSj-zQ,2,Глава 3,0:33:55,0:42:00,2035,2520,8,783,97,-16,too long - it has swallowed part of a neighbour,,,,
FIX,Казаки,kazaki,https://youtu.be/iyPsxqSj-zQ,3,Глава 4,0:42:00,0:54:30,2520,3270,12,1193,95,-18,too long - it has swallowed part of a neighbour,,,,
FIX,Казаки,kazaki,https://youtu.be/iyPsxqSj-zQ,4,Глава 5,0:54:30,1:06:22,3270,3982,12,1149,97,-16,too long - it has swallowed part of a neighbour,,,,
,Казаки,kazaki,https://youtu.be/iyPsxqSj-zQ,5,Глава 6,1:06:22,1:20:02,3982,4802,14,1425,104,-10,,,,,
,Казаки,kazaki,https://youtu.be/iyPsxqSj-zQ,6,Глава 7,1:20:02,1:27:34,4802,5254,8,863,115,-1,,,,,
,Казаки,kazaki,https://youtu.be/iyPsxqSj-zQ,7,Глава 8,1:27:34,1:42:57,5254,6177,15,1673,109,-6,,,,,
,Казаки,kazaki,https://youtu.be/iyPsxqSj-zQ,8,Глава 9,1:42:57,1:54:35,6177,6875,12,1288,111,-4,,,,,
,Казаки,kazaki,https://youtu.be/iyPsxqSj-zQ,9,Глава 10,1:54:35,2:05:58,6875,7558,11,1234,108,-6,,,,,
,Казаки,kazaki,https://youtu.be/iyPsxqSj-zQ,10,Глава 11,2:05:58,2:17:01,7558,8221,11,1176,106,-8,,,,,
FIX,Казаки,kazaki,https://youtu.be/iyPsxqSj-zQ,11,Глава 12,2:17:01,2:22:26,8221,8546,5,739,136,+18,too short for its text - starts too late or ends too early,,,,
,Казаки,kazaki,https://youtu.be/iyPsxqSj-zQ,12,Глава 13,2:22:26,2:38:04,8546,9484,16,1879,120,+4,,,,,
,Казаки,kazaki,https://youtu.be/iyPsxqSj-zQ,13,Глава 14,2:38:04,2:43:30,9484,9810,5,666,123,+6,,,,,
FIX,Казаки,kazaki,https://youtu.be/iyPsxqSj-zQ,14,Глава 15,2:43:30,2:56:31,9810,10591,13,1007,77,-33,too long - it has swallowed part of a neighbour,,,,
FIX,Казаки,kazaki,https://youtu.be/iyPsxqSj-zQ,15,Глава 16,2:56:31,3:06:14,10591,11174,10,1513,156,+34,too short for its text - starts too late or ends too early,,,,
,Казаки,kazaki,https://youtu.be/iyPsxqSj-zQ,16,Глава 17,3:06:14,3:14:14,11174,11654,8,847,106,-9,,,,,
,Казаки,kazaki,https://youtu.be/iyPsxqSj-zQ,17,Глава 18,3:14:14,3:30:15,11654,12615,16,1796,112,-3,,,,,
,Казаки,kazaki,https://youtu.be/iyPsxqSj-zQ,18,Глава 19,3:30:15,3:37:42,12615,13062,7,867,116,+1,,,,,
,Казаки,kazaki,https://youtu.be/iyPsxqSj-zQ,19,Глава 20,3:37:42,3:50:25,13062,13825,13,1405,110,-5,,,,,
,Казаки,kazaki,https://youtu.be/iyPsxqSj-zQ,20,Глава 21,3:50:25,4:01:02,13825,14462,11,1260,119,+2,,,,,
,Казаки,kazaki,https://youtu.be/iyPsxqSj-zQ,21,Глава 22,4:01:02,4:12:59,14462,15179,12,1547,129,+12,,,,,
FIX,Казаки,kazaki,https://youtu.be/iyPsxqSj-zQ,22,Глава 23,4:12:59,4:23:52,15179,15832,11,1016,93,-19,too long - it has swallowed part of a neighbour,,,,
FIX,Казаки,kazaki,https://youtu.be/iyPsxqSj-zQ,23,Глава 24,4:23:52,4:38:48,15832,16728,15,2114,142,+22,too short for its text - starts too late or ends too early,,,,
,Казаки,kazaki,https://youtu.be/iyPsxqSj-zQ,24,Глава 25,4:38:48,4:46:21,16728,17181,8,904,120,+3,,,,,
,Казаки,kazaki,https://youtu.be/iyPsxqSj-zQ,25,Глава 26,4:46:21,4:53:42,17181,17622,7,872,119,+2,,,,,
,Казаки,kazaki,https://youtu.be/iyPsxqSj-zQ,26,Глава 27,4:53:42,5:00:45,17622,18045,7,850,121,+4,,,,,
,Казаки,kazaki,https://youtu.be/iyPsxqSj-zQ,27,Глава 28,5:00:45,5:11:37,18045,18697,11,1141,105,-9,,,,,
,Казаки,kazaki,https://youtu.be/iyPsxqSj-zQ,28,Глава 29,5:11:37,5:20:45,18697,19245,9,971,106,-8,,,,,
,Казаки,kazaki,https://youtu.be/iyPsxqSj-zQ,29,Глава 30,5:20:45,5:27:03,19245,19623,6,728,116,+0,,,,,
FIX,Казаки,kazaki,https://youtu.be/iyPsxqSj-zQ,30,Глава 31,5:27:03,5:37:11,19623,20231,10,766,76,-35,too long - it has swallowed part of a neighbour,,,,
FIX,Казаки,kazaki,https://youtu.be/iyPsxqSj-zQ,31,Глава 32,5:37:11,5:40:11,20231,20411,3,856,285,+146,too short for its text - starts too late or ends too early,,,,
,Казаки,kazaki,https://youtu.be/iyPsxqSj-zQ,32,Глава 33,5:40:11,5:53:05,20411,21185,13,1609,125,+8,,,,,
,Казаки,kazaki,https://youtu.be/iyPsxqSj-zQ,33,Глава 34,5:53:05,6:00:56,21185,21656,8,917,117,+1,,,,,
,Казаки,kazaki,https://youtu.be/iyPsxqSj-zQ,34,Глава 35,6:00:56,6:09:24,21656,22164,8,1015,120,+4,,,,,
,Казаки,kazaki,https://youtu.be/iyPsxqSj-zQ,35,Глава 36,6:09:24,6:15:57,22164,22557,7,760,116,+0,,,,,
,Казаки,kazaki,https://youtu.be/iyPsxqSj-zQ,36,Глава 37,6:15:57,6:20:18,22557,22818,4,551,127,+9,,,,,
,Казаки,kazaki,https://youtu.be/iyPsxqSj-zQ,37,Глава 38,6:20:18,6:30:33,22818,23433,10,1215,119,+2,,,,,
,Казаки,kazaki,https://youtu.be/iyPsxqSj-zQ,38,Глава 39,6:30:33,6:34:13,23433,23653,4,478,130,+13,,,,,
,Казаки,kazaki,https://youtu.be/iyPsxqSj-zQ,39,Глава 40,6:34:13,6:43:19,23653,24199,9,1098,121,+4,,,,,
,Казаки,kazaki,https://youtu.be/iyPsxqSj-zQ,40,Глава 41,6:43:19,6:51:46,24199,24706,8,926,110,-5,,,,,
,Казаки,kazaki,https://youtu.be/iyPsxqSj-zQ,41,Глава 42,6:51:46,7:02:36,24706,25356,11,1239,114,-1,,,,,
,Кавказский пленник,kavkazskiy-plennik,https://youtu.be/wYUfDsgWb_4,0,Глава 1,0:00:06,0:02:04,6,124,2,221,112,+3,,,,,
,Кавказский пленник,kavkazskiy-plennik,https://youtu.be/wYUfDsgWb_4,1,Глава 2,0:02:04,0:16:23,124,983,14,1530,107,-3,,,,,
,Кавказский пленник,kavkazskiy-plennik,https://youtu.be/wYUfDsgWb_4,2,Глава 3,0:16:23,0:28:48,983,1728,12,1309,105,-4,,,,,
FIX,Кавказский пленник,kavkazskiy-plennik,https://youtu.be/wYUfDsgWb_4,3,Глава 4,0:28:48,0:31:14,1728,1874,2,595,245,+123,too short for its text - starts too late or ends too early,,,,
,Вечный муж,vechnyy-muzh,https://youtu.be/Ozls9E3_3pk,0,Глава 1,0:00:09,0:17:33,9,1053,17,2338,134,+10,,,,,
,Вечный муж,vechnyy-muzh,https://youtu.be/Ozls9E3_3pk,1,Глава 2,0:17:33,0:43:12,1053,2592,26,3365,131,+7,,,,,
,Вечный муж,vechnyy-muzh,https://youtu.be/Ozls9E3_3pk,2,Глава 3,0:43:12,1:06:02,2592,3962,23,2643,116,-5,,,,,
,Вечный муж,vechnyy-muzh,https://youtu.be/Ozls9E3_3pk,3,Глава 4,1:06:02,1:23:15,3962,4995,17,2277,132,+8,,,,,
,Вечный муж,vechnyy-muzh,https://youtu.be/Ozls9E3_3pk,4,Глава 5,1:23:15,1:48:12,4995,6492,25,3051,122,+0,,,,,
,Вечный муж,vechnyy-muzh,https://youtu.be/Ozls9E3_3pk,5,Глава 6,1:48:12,2:04:24,6492,7464,16,1984,122,+0,,,,,
,Вечный муж,vechnyy-muzh,https://youtu.be/Ozls9E3_3pk,6,Глава 7,2:04:24,2:28:50,7464,8930,24,2941,120,-2,,,,,
,Вечный муж,vechnyy-muzh,https://youtu.be/Ozls9E3_3pk,7,Глава 8,2:28:50,2:41:37,8930,9697,13,1565,122,+0,,,,,
,Вечный муж,vechnyy-muzh,https://youtu.be/Ozls9E3_3pk,8,Глава 9,2:41:37,3:00:22,9697,10822,19,2234,119,-3,,,,,
,Вечный муж,vechnyy-muzh,https://youtu.be/Ozls9E3_3pk,9,Глава 10,3:00:22,3:17:34,10822,11854,17,2192,127,+4,,,,,
,Вечный муж,vechnyy-muzh,https://youtu.be/Ozls9E3_3pk,10,Глава 11,3:17:34,3:39:09,11854,13149,22,2498,116,-5,,,,,
,Вечный муж,vechnyy-muzh,https://youtu.be/Ozls9E3_3pk,11,Глава 12,3:39:09,4:23:45,13149,15825,45,5549,124,+2,,,,,
,Вечный муж,vechnyy-muzh,https://youtu.be/Ozls9E3_3pk,12,Глава 13,4:23:45,4:41:41,15825,16901,18,1980,110,-10,,,,,
,Вечный муж,vechnyy-muzh,https://youtu.be/Ozls9E3_3pk,13,Глава 14,4:41:41,5:01:06,16901,18066,19,2339,120,-2,,,,,
,Вечный муж,vechnyy-muzh,https://youtu.be/Ozls9E3_3pk,14,Глава 15,5:01:06,5:21:32,18066,19292,20,2535,124,+1,,,,,
,Вечный муж,vechnyy-muzh,https://youtu.be/Ozls9E3_3pk,15,Глава 16,5:21:32,5:41:53,19292,20513,20,2570,126,+3,,,,,
FIX,Вечный муж,vechnyy-muzh,https://youtu.be/Ozls9E3_3pk,16,Глава 17,5:41:53,5:52:00,20513,21120,10,2440,241,+97,too short for its text - starts too late or ends too early,,,,
,Гроза (спектакль),groza-spektakl,https://youtu.be/fdNthke_Enw,0,Глава 1,0:00:00,0:48:10,0,2890,48,4303,89,+0,,,,,
FIX,Гроза (спектакль),groza-spektakl,https://youtu.be/fdNthke_Enw,1,Глава 2,0:48:10,1:11:46,2890,4306,24,2798,119,+33,too short for its text - starts too late or ends too early,,,,
,Гроза (спектакль),groza-spektakl,https://youtu.be/fdNthke_Enw,2,Глава 3,1:11:46,1:52:34,4306,6754,41,3500,86,-4,,,,,
FIX,Гроза (спектакль),groza-spektakl,https://youtu.be/fdNthke_Enw,3,Глава 4,1:52:34,2:26:26,6754,8786,34,2148,63,-29,too long - it has swallowed part of a neighbour,,,,
FIX,Гроза (спектакль),groza-spektakl,https://youtu.be/fdNthke_Enw,4,Глава 5,2:26:26,2:40:32,8786,9632,14,2286,162,+81,too short for its text - starts too late or ends too early,,,,
,Палата № 6,palata-6,https://youtu.be/ev7W9zrO-SI,0,Глава 1,0:00:06,0:09:34,6,574,9,1057,112,-1,,,,,
,Палата № 6,palata-6,https://youtu.be/ev7W9zrO-SI,1,Глава 2,0:09:34,0:14:15,574,855,5,555,119,+5,,,,,
,Палата № 6,palata-6,https://youtu.be/ev7W9zrO-SI,2,Глава 3,0:14:15,0:24:19,855,1459,10,1096,109,-4,,,,,
,Палата № 6,palata-6,https://youtu.be/ev7W9zrO-SI,3,Глава 4,0:24:19,0:28:22,1459,1702,4,494,122,+8,,,,,
,Палата № 6,palata-6,https://youtu.be/ev7W9zrO-SI,4,Глава 5,0:28:22,0:37:38,1702,2258,9,1127,122,+7,,,,,
,Палата № 6,palata-6,https://youtu.be/ev7W9zrO-SI,5,Глава 6,0:37:38,0:50:40,2258,3040,13,1464,112,-1,,,,,
,Палата № 6,palata-6,https://youtu.be/ev7W9zrO-SI,6,Глава 7,0:50:40,0:57:58,3040,3478,7,790,108,-5,,,,,
,Палата № 6,palata-6,https://youtu.be/ev7W9zrO-SI,7,Глава 8,0:57:58,1:00:04,3478,3604,2,238,113,+0,,,,,
,Палата № 6,palata-6,https://youtu.be/ev7W9zrO-SI,8,Глава 9,1:00:04,1:12:54,3604,4374,13,1483,116,+2,,,,,
,Палата № 6,palata-6,https://youtu.be/ev7W9zrO-SI,9,Глава 10,1:12:54,1:27:39,4374,5259,15,1687,114,+1,,,,,
FIX,Палата № 6,palata-6,https://youtu.be/ev7W9zrO-SI,10,Глава 11,1:27:39,1:31:16,5259,5476,4,487,135,+19,too short for its text - starts too late or ends too early,,,,
,Палата № 6,palata-6,https://youtu.be/ev7W9zrO-SI,11,Глава 12,1:31:16,1:41:02,5476,6062,10,1007,103,-9,,,,,
FIX,Палата № 6,palata-6,https://youtu.be/ev7W9zrO-SI,12,Глава 13,1:41:02,1:44:14,6062,6254,3,520,162,+43,too short for its text - starts too late or ends too early,,,,
FIX,Палата № 6,palata-6,https://youtu.be/ev7W9zrO-SI,13,Глава 14,1:44:14,1:53:50,6254,6830,10,857,89,-21,too long - it has swallowed part of a neighbour,,,,
FIX,Палата № 6,palata-6,https://youtu.be/ev7W9zrO-SI,14,Глава 15,1:53:50,1:58:11,6830,7091,4,843,194,+71,too short for its text - starts too late or ends too early,,,,
,Палата № 6,palata-6,https://youtu.be/ev7W9zrO-SI,15,Глава 16,1:58:11,2:07:10,7091,7630,9,1065,119,+5,,,,,
,Палата № 6,palata-6,https://youtu.be/ev7W9zrO-SI,16,Глава 17,2:07:10,2:12:48,7630,7968,6,559,99,-12,,,,,
,Палата № 6,palata-6,https://youtu.be/ev7W9zrO-SI,17,Глава 18,2:12:48,2:21:07,7968,8467,8,937,113,-1,,,,,
FIX,Палата № 6,palata-6,https://youtu.be/ev7W9zrO-SI,18,Глава 19,2:21:07,2:24:17,8467,8657,3,292,92,-19,too long - it has swallowed part of a neighbour,,,,
,Дьявол,dyavol,https://youtu.be/zAqYP1qDPLA,0,Глава 1,0:00:02,0:00:55,2,55,1,88,100,-8,,,,,
,Дьявол,dyavol,https://youtu.be/zAqYP1qDPLA,1,Глава 2,0:00:55,0:09:10,55,550,8,761,92,-15,,,,,
FIX,Дьявол,dyavol,https://youtu.be/zAqYP1qDPLA,2,Глава 3,0:09:10,0:11:04,550,664,2,337,177,+64,too short for its text - starts too late or ends too early,,,,
,Дьявол,dyavol,https://youtu.be/zAqYP1qDPLA,3,Глава 4,0:11:04,0:23:32,664,1412,12,1292,104,-4,,,,,
,Дьявол,dyavol,https://youtu.be/zAqYP1qDPLA,4,Глава 5,0:23:32,0:32:49,1412,1969,9,1016,109,+1,,,,,
,Дьявол,dyavol,https://youtu.be/zAqYP1qDPLA,5,Глава 6,0:32:49,0:37:15,1969,2235,4,487,110,+1,,,,,
,Дьявол,dyavol,https://youtu.be/zAqYP1qDPLA,6,Глава 7,0:37:15,0:45:08,2235,2708,8,855,108,+0,,,,,
,Дьявол,dyavol,https://youtu.be/zAqYP1qDPLA,7,Глава 8,0:45:08,0:52:42,2708,3162,8,798,105,-3,,,,,
,Дьявол,dyavol,https://youtu.be/zAqYP1qDPLA,8,Глава 9,0:52:42,0:54:50,3162,3290,2,223,105,-4,,,,,
,Дьявол,dyavol,https://youtu.be/zAqYP1qDPLA,9,Глава 10,0:54:50,1:01:48,3290,3708,7,739,106,-2,,,,,
FIX,Дьявол,dyavol,https://youtu.be/zAqYP1qDPLA,10,Глава 11,1:01:48,1:05:30,3708,3930,4,467,126,+16,too short for its text - starts too late or ends too early,,,,
,Дьявол,dyavol,https://youtu.be/zAqYP1qDPLA,11,Глава 12,1:05:30,1:10:57,3930,4257,5,534,98,-10,,,,,
,Дьявол,dyavol,https://youtu.be/zAqYP1qDPLA,12,Глава 13,1:10:57,1:16:10,4257,4570,5,613,118,+8,,,,,
,Дьявол,dyavol,https://youtu.be/zAqYP1qDPLA,13,Глава 14,1:16:10,1:21:56,4570,4916,6,669,116,+7,,,,,
,Дьявол,dyavol,https://youtu.be/zAqYP1qDPLA,14,Глава 15,1:21:56,1:31:06,4916,5466,9,1033,113,+4,,,,,
,Дьявол,dyavol,https://youtu.be/zAqYP1qDPLA,15,Глава 16,1:31:06,1:36:50,5466,5810,6,658,115,+6,,,,,
FIX,Дьявол,dyavol,https://youtu.be/zAqYP1qDPLA,16,Глава 17,1:36:50,1:44:06,5810,6246,7,667,92,-15,too long - it has swallowed part of a neighbour,,,,
,Дьявол,dyavol,https://youtu.be/zAqYP1qDPLA,17,Глава 18,1:44:06,1:50:36,6246,6636,6,763,117,+8,,,,,
,Дьявол,dyavol,https://youtu.be/zAqYP1qDPLA,18,Глава 19,1:50:36,1:54:04,6636,6844,3,397,115,+6,,,,,
,Дьявол,dyavol,https://youtu.be/zAqYP1qDPLA,19,Глава 20,1:54:04,1:57:48,6844,7068,4,417,112,+3,,,,,
FIX,Дьявол,dyavol,https://youtu.be/zAqYP1qDPLA,20,Глава 21,1:57:48,2:04:34,7068,7474,7,623,92,-15,too long - it has swallowed part of a neighbour,,,,
FIX,Дьявол,dyavol,https://youtu.be/zAqYP1qDPLA,21,Глава 22,2:04:34,2:08:49,7474,7729,4,340,80,-26,too long - it has swallowed part of a neighbour,,,,
,Дьявол,dyavol,https://youtu.be/zAqYP1qDPLA,22,Глава 23,2:08:49,2:15:04,7729,8104,6,651,104,-4,,,,,
,"Учение Христа, изложенное для детей",uchenie-khrista-izlozhennoe-dlya-detey,https://youtu.be/fCz4aRA10g0,0,Глава 1,0:00:39,0:08:46,39,526,8,1048,129,-14,,,,,
,"Учение Христа, изложенное для детей",uchenie-khrista-izlozhennoe-dlya-detey,https://youtu.be/fCz4aRA10g0,1,Глава 2,0:08:46,0:24:27,526,1467,16,2255,144,-4,,,,,
,"Учение Христа, изложенное для детей",uchenie-khrista-izlozhennoe-dlya-detey,https://youtu.be/fCz4aRA10g0,2,Глава 3,0:24:27,0:36:19,1467,2179,12,1780,150,+0,,,,,
,"Учение Христа, изложенное для детей",uchenie-khrista-izlozhennoe-dlya-detey,https://youtu.be/fCz4aRA10g0,3,Глава 4,0:36:19,0:49:08,2179,2948,13,1899,148,-1,,,,,
,"Учение Христа, изложенное для детей",uchenie-khrista-izlozhennoe-dlya-detey,https://youtu.be/fCz4aRA10g0,4,Глава 5,0:49:08,1:00:07,2948,3607,11,1659,151,+1,,,,,
,"Учение Христа, изложенное для детей",uchenie-khrista-izlozhennoe-dlya-detey,https://youtu.be/fCz4aRA10g0,5,Глава 6,1:00:07,1:14:06,3607,4446,14,2128,152,+1,,,,,
,"Учение Христа, изложенное для детей",uchenie-khrista-izlozhennoe-dlya-detey,https://youtu.be/fCz4aRA10g0,6,Глава 7,1:14:06,1:27:26,4446,5246,13,2105,158,+5,,,,,
,"Учение Христа, изложенное для детей",uchenie-khrista-izlozhennoe-dlya-detey,https://youtu.be/fCz4aRA10g0,7,Глава 8,1:27:26,1:44:34,5246,6274,17,2774,162,+8,,,,,
FIX,"Учение Христа, изложенное для детей",uchenie-khrista-izlozhennoe-dlya-detey,https://youtu.be/fCz4aRA10g0,8,Глава 9,1:44:34,2:21:35,6274,8495,37,2613,71,-53,too long - it has swallowed part of a neighbour,,,,
,Власть тьмы (спектакль),vlast-tmy-spektakl,https://youtu.be/c6CRrtUF4Nw,0,Глава 1,0:00:00,0:50:12,0,3012,50,4485,89,-15,,,,,
FIX,Власть тьмы (спектакль),vlast-tmy-spektakl,https://youtu.be/c6CRrtUF4Nw,1,Глава 2,0:50:12,1:14:44,3012,4484,25,3381,138,+32,too short for its text - starts too late or ends too early,,,,
FIX,Власть тьмы (спектакль),vlast-tmy-spektakl,https://youtu.be/c6CRrtUF4Nw,2,Глава 3,1:14:44,2:17:32,4484,8252,63,4118,66,-37,too long - it has swallowed part of a neighbour,,,,
FIX,Власть тьмы (спектакль),vlast-tmy-spektakl,https://youtu.be/c6CRrtUF4Nw,3,Глава 4,2:17:32,2:44:05,8252,9845,27,4213,159,+52,too short for its text - starts too late or ends too early,,,,
,Власть тьмы (спектакль),vlast-tmy-spektakl,https://youtu.be/c6CRrtUF4Nw,4,Глава 5,2:44:05,3:19:22,9845,11962,35,3689,105,+0,,,,,
,Мелкий бес,melkiy-bes,https://youtu.be/3CIe0i5_fXs,1,Глава 2,0:00:19,0:26:06,19,1566,26,3227,125,+9,,,,,
,Мелкий бес,melkiy-bes,https://youtu.be/qYPtDfvkvTQ,2,Глава 3,0:00:14,0:27:20,14,1640,27,3345,123,+7,,,,,
,Мелкий бес,melkiy-bes,https://youtu.be/JXwsPvAUJq0,3,Глава 4,0:00:24,0:14:43,24,883,14,1750,122,+6,,,,,
FIX,Мелкий бес,melkiy-bes,https://youtu.be/PbQnQfg85e0,4,Глава 5,0:00:46,0:20:02,46,1202,19,2555,133,+15,too short for its text - starts too late or ends too early,,,,
,Мелкий бес,melkiy-bes,https://youtu.be/FdoVMEsu3xs,5,Глава 6,0:00:05,0:25:48,5,1548,26,2970,115,+0,,,,,
,Мелкий бес,melkiy-bes,https://youtu.be/ybckP6UE7lY,6,Глава 7,0:00:06,0:27:05,6,1625,27,3103,115,+0,,,,,
,Мелкий бес,melkiy-bes,https://youtu.be/-0l0xzzIQ9Y,7,Глава 8,0:00:04,0:15:18,4,918,15,1673,110,-5,,,,,
,Мелкий бес,melkiy-bes,https://youtu.be/IMOgnJo_dns,10,Глава 11,0:00:13,0:25:13,13,1513,25,2886,115,+0,,,,,
,Мелкий бес,melkiy-bes,https://youtu.be/sPbY5jGcWFs,11,Глава 12,0:00:05,0:20:56,5,1256,21,2666,128,+11,,,,,
,Мелкий бес,melkiy-bes,https://youtu.be/X4ysaGZYAYA,12,Глава 13,0:00:12,0:18:49,12,1129,19,2206,118,+3,,,,,
FIX,Мелкий бес,melkiy-bes,https://youtu.be/X4ysaGZYAYA,13,Глава 14,0:18:49,0:20:28,1129,1228,2,220,133,+16,too short for its text - starts too late or ends too early,,,,
,Мелкий бес,melkiy-bes,https://youtu.be/X4ysaGZYAYA,14,Глава 15,0:20:28,0:23:41,1228,1421,3,370,115,+0,,,,,
,Мелкий бес,melkiy-bes,https://youtu.be/A_Xgzq92nfA,16,Глава 17,0:02:16,0:09:14,136,554,7,860,123,+7,,,,,
,Мелкий бес,melkiy-bes,https://youtu.be/A_Xgzq92nfA,17,Глава 18,0:09:14,0:18:50,554,1130,10,1234,129,+12,,,,,
,Мелкий бес,melkiy-bes,https://youtu.be/pml0oZRooYg,19,Глава 20,0:00:06,0:08:51,6,531,9,1023,117,+1,,,,,
FIX,Мелкий бес,melkiy-bes,https://youtu.be/pml0oZRooYg,20,Глава 21,0:08:51,0:17:54,531,1074,9,879,97,-16,too long - it has swallowed part of a neighbour,,,,
,Мелкий бес,melkiy-bes,https://youtu.be/fuuJca9EAbQ,21,Глава 22,0:00:05,0:19:17,5,1157,19,2304,120,+4,,,,,
,Мелкий бес,melkiy-bes,https://youtu.be/fuuJca9EAbQ,22,Глава 23,0:19:17,0:23:34,1157,1414,4,542,127,+10,,,,,
,Мелкий бес,melkiy-bes,https://youtu.be/fuuJca9EAbQ,23,Глава 24,0:23:34,0:25:31,1414,1531,2,242,124,+8,,,,,
,Мелкий бес,melkiy-bes,https://youtu.be/IgfuqMzzILA,24,Глава 25,0:00:05,0:14:33,5,873,14,1700,118,+2,,,,,
,Мелкий бес,melkiy-bes,https://youtu.be/IgfuqMzzILA,25,Глава 26,0:14:33,0:20:44,873,1244,6,724,117,+2,,,,,
,Мелкий бес,melkiy-bes,https://youtu.be/khaR72QfaZU,27,Глава 28,0:00:05,0:04:16,5,256,4,443,106,-8,,,,,
,Мелкий бес,melkiy-bes,https://youtu.be/khaR72QfaZU,28,Глава 29,0:04:16,0:08:09,256,489,4,445,115,-1,,,,,
,Мелкий бес,melkiy-bes,https://youtu.be/khaR72QfaZU,29,Глава 30,0:08:09,0:09:09,489,549,1,118,118,+2,,,,,
,Мелкий бес,melkiy-bes,https://youtu.be/khaR72QfaZU,30,Глава 31,0:09:09,0:13:04,549,784,4,442,113,-2,,,,,
FIX,Мелкий бес,melkiy-bes,https://youtu.be/khaR72QfaZU,31,Глава 32,0:13:04,0:13:17,784,797,0,45,208,+80,too short for its text - starts too late or ends too early,,,,
,Мелкий бес,melkiy-bes,https://youtu.be/khaR72QfaZU,32,Глава 33,0:13:17,0:19:27,797,1167,6,687,111,-3,,,,,
,Мелкий бес,melkiy-bes,https://youtu.be/Z4TGkDyUoKU,36,Глава 37,0:00:39,0:17:48,39,1068,17,2101,123,+6,,,,,
FIX,Мелкий бес,melkiy-bes,https://youtu.be/Z4TGkDyUoKU,37,Глава 38,0:17:48,0:20:47,1068,1247,3,272,91,-21,too long - it has swallowed part of a neighbour,,,,
FIX,Мелкий бес,melkiy-bes,https://youtu.be/Z4TGkDyUoKU,38,Глава 39,0:20:47,0:26:38,1247,1598,6,791,135,+17,too short for its text - starts too late or ends too early,,,,
,Мелкий бес,melkiy-bes,https://youtu.be/df38tUMVmKM,39,Глава 40,0:00:55,0:06:15,55,375,5,667,125,+9,,,,,
,Мелкий бес,melkiy-bes,https://youtu.be/df38tUMVmKM,40,Глава 41,0:06:15,0:16:24,375,984,10,1155,114,-1,,,,,
,Мелкий бес,melkiy-bes,https://youtu.be/df38tUMVmKM,41,Глава 42,0:16:24,0:18:06,984,1086,2,209,123,+7,,,,,
,Мелкий бес,melkiy-bes,https://youtu.be/df38tUMVmKM,42,Глава 43,0:18:06,0:19:16,1086,1156,1,123,105,-9,,,,,
,Мелкий бес,melkiy-bes,https://youtu.be/G_bUV52BEag,43,Глава 44,0:00:05,0:04:48,5,288,5,492,104,-9,,,,,
,Мелкий бес,melkiy-bes,https://youtu.be/G_bUV52BEag,44,Глава 45,0:04:48,0:12:18,288,738,8,800,107,-7,,,,,
FIX,Мелкий бес,melkiy-bes,https://youtu.be/JZU5gT-9CrU,47,Глава 48,0:07:00,0:10:05,420,605,3,411,133,+16,too short for its text - starts too late or ends too early,,,,
,Мелкий бес,melkiy-bes,https://youtu.be/JZU5gT-9CrU,48,Глава 49,0:10:05,0:22:32,605,1352,12,1458,117,+2,,,,,
,Мелкий бес,melkiy-bes,https://youtu.be/S2Fz6dJ-wws,49,Глава 50,0:00:06,0:18:17,6,1097,18,1924,106,-8,,,,,
FIX,Мелкий бес,melkiy-bes,https://youtu.be/S2Fz6dJ-wws,50,Глава 51,0:18:17,0:21:26,1097,1286,3,451,143,+24,too short for its text - starts too late or ends too early,,,,
FIX,Мелкий бес,melkiy-bes,https://youtu.be/iPcr6aHcHok,51,Глава 52,0:00:06,0:02:33,6,153,2,218,89,-23,too long - it has swallowed part of a neighbour,,,,
,Мелкий бес,melkiy-bes,https://youtu.be/iPcr6aHcHok,52,Глава 53,0:02:33,0:06:45,153,405,4,452,108,-7,,,,,
,Мелкий бес,melkiy-bes,https://youtu.be/iPcr6aHcHok,53,Глава 54,0:06:45,0:16:08,405,968,9,1052,112,-3,,,,,
FIX,Мелкий бес,melkiy-bes,https://youtu.be/iPcr6aHcHok,54,Глава 55,0:16:08,0:16:17,968,977,0,41,273,+137,too short for its text - starts too late or ends too early,,,,
,Мелкий бес,melkiy-bes,https://youtu.be/iPcr6aHcHok,55,Глава 56,0:16:17,0:19:56,977,1196,4,405,111,-4,,,,,
,Мелкий бес,melkiy-bes,https://youtu.be/iPcr6aHcHok,56,Глава 57,0:19:56,0:23:48,1196,1428,4,474,123,+6,,,,,
,Мелкий бес,melkiy-bes,https://youtu.be/SpwRmUjaltc,57,Глава 58,0:00:05,0:04:04,5,244,4,437,110,-5,,,,,
,Мелкий бес,melkiy-bes,https://youtu.be/SpwRmUjaltc,58,Глава 59,0:04:04,0:10:10,244,610,6,662,109,-6,,,,,
FIX,Мелкий бес,melkiy-bes,https://youtu.be/SpwRmUjaltc,59,Глава 60,0:10:10,0:20:57,610,1257,11,1037,96,-17,too long - it has swallowed part of a neighbour,,,,
,Мелкий бес,melkiy-bes,https://youtu.be/SpwRmUjaltc,60,Глава 61,0:20:57,0:24:10,1257,1450,3,414,129,+12,,,,,
,Мелкий бес,melkiy-bes,https://youtu.be/LkTZn10yuoQ,61,Глава 62,0:00:06,0:01:37,6,97,2,171,113,-2,,,,,
,Мелкий бес,melkiy-bes,https://youtu.be/LkTZn10yuoQ,62,Глава 63,0:01:37,0:05:43,97,343,4,432,105,-9,,,,,
,Мелкий бес,melkiy-bes,https://youtu.be/LkTZn10yuoQ,63,Глава 64,0:05:43,0:15:05,343,905,9,1013,108,-6,,,,,
,Мелкий бес,melkiy-bes,https://youtu.be/LkTZn10yuoQ,64,Глава 65,0:15:05,0:16:34,905,994,1,164,111,-4,,,,,
,Мелкий бес,melkiy-bes,https://youtu.be/LkTZn10yuoQ,65,Глава 66,0:16:34,0:17:07,994,1027,1,61,111,-4,,,,,
,Мелкий бес,melkiy-bes,https://youtu.be/LkTZn10yuoQ,66,Глава 67,0:17:07,0:18:14,1027,1094,1,130,116,+1,,,,,
,Мелкий бес,melkiy-bes,https://youtu.be/LkTZn10yuoQ,67,Глава 68,0:18:14,0:19:09,1094,1149,1,103,112,-2,,,,,
,Мелкий бес,melkiy-bes,https://youtu.be/LkTZn10yuoQ,68,Глава 69,0:19:09,0:21:08,1149,1268,2,226,114,-1,,,,,
FIX,Мелкий бес,melkiy-bes,https://youtu.be/LkTZn10yuoQ,69,Глава 70,0:21:08,0:23:10,1268,1390,2,158,78,-33,too long - it has swallowed part of a neighbour,,,,
FIX,Мелкий бес,melkiy-bes,https://youtu.be/LkTZn10yuoQ,70,Глава 71,0:23:10,0:25:36,1390,1536,2,326,134,+16,too short for its text - starts too late or ends too early,,,,
,Мелкий бес,melkiy-bes,https://youtu.be/lbfC12IYG_A,71,Глава 72,0:00:24,0:12:06,24,726,12,1339,114,-1,,,,,
FIX,Мелкий бес,melkiy-bes,https://youtu.be/lbfC12IYG_A,72,Глава 73,0:12:06,0:12:23,726,743,0,77,272,+136,too short for its text - starts too late or ends too early,,,,
,Мелкий бес,melkiy-bes,https://youtu.be/lbfC12IYG_A,73,Глава 74,0:12:23,0:13:45,743,825,1,136,100,-14,,,,,
,Мелкий бес,melkiy-bes,https://youtu.be/kcTW4djMqYY,74,Глава 75,0:00:06,0:03:11,6,191,3,346,112,-3,,,,,
,Мелкий бес,melkiy-bes,https://youtu.be/kcTW4djMqYY,75,Глава 76,0:03:11,0:16:31,191,991,13,1576,118,+3,,,,,
FIX,Мелкий бес,melkiy-bes,https://youtu.be/kcTW4djMqYY,76,Глава 77,0:16:31,0:18:01,991,1081,2,223,149,+29,too short for its text - starts too late or ends too early,,,,
FIX,Мелкий бес,melkiy-bes,https://youtu.be/kcTW4djMqYY,77,Глава 78,0:18:01,0:18:33,1081,1113,1,27,51,-56,too long - it has swallowed part of a neighbour,,,,
FIX,Мелкий бес,melkiy-bes,https://youtu.be/kcTW4djMqYY,78,Глава 79,0:18:33,0:20:33,1113,1233,2,275,138,+19,too short for its text - starts too late or ends too early,,,,
,Мелкий бес,melkiy-bes,https://youtu.be/kcTW4djMqYY,79,Глава 80,0:20:33,0:21:21,1233,1281,1,95,119,+3,,,,,
,Мелкий бес,melkiy-bes,https://youtu.be/qJYarqlaYr8,80,Глава 81,0:00:07,0:12:29,7,749,12,1430,116,+0,,,,,
FIX,Мелкий бес,melkiy-bes,https://youtu.be/qJYarqlaYr8,81,Глава 82,0:12:29,0:14:34,749,874,2,144,69,-40,too long - it has swallowed part of a neighbour,,,,
FIX,Мелкий бес,melkiy-bes,https://youtu.be/qJYarqlaYr8,82,Глава 83,0:14:34,0:15:49,874,949,1,213,170,+48,too short for its text - starts too late or ends too early,,,,
,Мелкий бес,melkiy-bes,https://youtu.be/sVzR7dp8Z-s,83,Глава 84,0:00:05,0:14:39,5,879,15,1581,109,-6,,,,,
,Мелкий бес,melkiy-bes,https://youtu.be/sVzR7dp8Z-s,84,Глава 85,0:14:39,0:16:38,879,998,2,221,111,-3,,,,,
,Мелкий бес,melkiy-bes,https://youtu.be/u_3tkfHt0Ac,85,Глава 86,0:00:06,0:11:22,6,682,11,1305,116,+1,,,,,
,Мелкий бес,melkiy-bes,https://youtu.be/u_3tkfHt0Ac,86,Глава 87,0:11:22,0:15:55,682,955,5,584,128,+11,,,,,
,Мелкий бес,melkiy-bes,https://youtu.be/czKzat78Jp8,88,Глава 89,0:00:05,0:05:16,5,316,5,535,103,-10,,,,,
,Мелкий бес,melkiy-bes,https://youtu.be/czKzat78Jp8,89,Глава 90,0:05:16,0:12:02,316,722,7,689,102,-12,,,,,
,Дядюшкин сон,dyadyushkin-son,https://youtu.be/Q3SXgeVah0k,0,Глава 1,0:00:16,0:13:39,16,819,13,1518,113,+0,,,,,
FIX,Дядюшкин сон,dyadyushkin-son,https://youtu.be/Q3SXgeVah0k,1,Глава 2,0:13:39,0:30:49,819,1849,17,1329,77,-32,too long - it has swallowed part of a neighbour,,,,
FIX,Дядюшкин сон,dyadyushkin-son,https://youtu.be/Q3SXgeVah0k,2,Глава 3,0:30:49,0:52:19,1849,3139,22,3154,147,+29,too short for its text - starts too late or ends too early,,,,
,Дядюшкин сон,dyadyushkin-son,https://youtu.be/Q3SXgeVah0k,3,Глава 4,0:52:19,1:23:48,3139,5028,31,3576,114,+0,,,,,
,Дядюшкин сон,dyadyushkin-son,https://youtu.be/Q3SXgeVah0k,4,Глава 5,1:23:48,1:59:40,5028,7180,36,4218,118,+4,,,,,
,Дядюшкин сон,dyadyushkin-son,https://youtu.be/Q3SXgeVah0k,5,Глава 6,1:59:40,2:24:20,7180,8660,25,2834,115,+1,,,,,
,Дядюшкин сон,dyadyushkin-son,https://youtu.be/Q3SXgeVah0k,6,Глава 7,2:24:20,2:45:09,8660,9909,21,2323,112,-2,,,,,
,Дядюшкин сон,dyadyushkin-son,https://youtu.be/Q3SXgeVah0k,7,Глава 8,2:45:09,3:10:40,9909,11440,26,2781,109,-4,,,,,
,Дядюшкин сон,dyadyushkin-son,https://youtu.be/Q3SXgeVah0k,8,Глава 9,3:10:40,3:42:35,11440,13355,32,3751,118,+3,,,,,
FIX,Дядюшкин сон,dyadyushkin-son,https://youtu.be/Q3SXgeVah0k,9,Глава 10,3:42:35,4:10:07,13355,15007,28,2335,85,-25,too long - it has swallowed part of a neighbour,,,,
FIX,Дядюшкин сон,dyadyushkin-son,https://youtu.be/Q3SXgeVah0k,10,Глава 11,4:10:07,4:25:29,15007,15929,15,2543,165,+46,too short for its text - starts too late or ends too early,,,,
,Дядюшкин сон,dyadyushkin-son,https://youtu.be/Q3SXgeVah0k,11,Глава 12,4:25:29,4:45:42,15929,17142,20,2318,115,+1,,,,,
,Дядюшкин сон,dyadyushkin-son,https://youtu.be/Q3SXgeVah0k,12,Глава 13,4:45:42,5:19:36,17142,19176,34,3784,112,-2,,,,,
,Дядюшкин сон,dyadyushkin-son,https://youtu.be/Q3SXgeVah0k,13,Глава 14,5:19:36,5:36:00,19176,20160,16,1921,117,+3,,,,,
,Дядюшкин сон,dyadyushkin-son,https://youtu.be/Q3SXgeVah0k,14,Глава 15,5:36:00,6:13:25,20160,22405,37,4129,110,-3,,,,,
FIX,Чайка,chayka,https://youtu.be/Cf8HIMJG3yQ,0,Действующие лица,0:00:18,0:01:28,18,88,1,73,63,-45,too long - it has swallowed part of a neighbour,,,,
,Чайка,chayka,https://youtu.be/Cf8HIMJG3yQ,1,Действие первое,0:01:28,0:35:44,88,2144,34,3962,116,+2,,,,,
,Чайка,chayka,https://youtu.be/Cf8HIMJG3yQ,2,Действие второе,0:35:44,1:01:29,2144,3689,26,3101,120,+6,,,,,
,Чайка,chayka,https://youtu.be/Cf8HIMJG3yQ,3,Действие третье,1:01:29,1:26:01,3689,5161,25,2731,111,-2,,,,,
,Отрочество,otrochestvo,https://youtu.be/n3Wsnd8h9_s,0,Глава 1,0:00:09,0:16:52,9,1012,17,1881,113,-5,,,,,
,Отрочество,otrochestvo,https://youtu.be/n3Wsnd8h9_s,1,Глава 2,0:16:52,0:28:29,1012,1709,12,1249,108,-9,,,,,
,Отрочество,otrochestvo,https://youtu.be/n3Wsnd8h9_s,2,Глава 3,0:28:29,0:37:23,1709,2243,9,1108,124,+5,,,,,
,Отрочество,otrochestvo,https://youtu.be/n3Wsnd8h9_s,3,Глава 4,0:37:23,0:39:45,2243,2385,2,280,118,+0,,,,,
,Отрочество,otrochestvo,https://youtu.be/n3Wsnd8h9_s,4,Глава 5,0:39:45,0:46:45,2385,2805,7,832,119,+0,,,,,
,Отрочество,otrochestvo,https://youtu.be/n3Wsnd8h9_s,5,Глава 6,0:46:45,0:51:15,2805,3075,4,587,130,+10,,,,,
,Отрочество,otrochestvo,https://youtu.be/n3Wsnd8h9_s,6,Глава 7,0:51:15,0:58:26,3075,3506,7,858,119,+1,,,,,
,Отрочество,otrochestvo,https://youtu.be/n3Wsnd8h9_s,7,Глава 8,0:58:26,1:06:30,3506,3990,8,1073,133,+12,,,,,
,Отрочество,otrochestvo,https://youtu.be/n3Wsnd8h9_s,8,Глава 9,1:06:30,1:15:16,3990,4516,9,1128,129,+9,,,,,
,Отрочество,otrochestvo,https://youtu.be/n3Wsnd8h9_s,9,Глава 10,1:15:16,1:23:02,4516,4982,8,854,110,-7,,,,,
,Отрочество,otrochestvo,https://youtu.be/n3Wsnd8h9_s,10,Глава 11,1:23:02,1:33:13,4982,5593,10,1331,131,+10,,,,,
FIX,Отрочество,otrochestvo,https://youtu.be/n3Wsnd8h9_s,11,Глава 12,1:33:13,1:38:53,5593,5933,6,513,91,-23,too long - it has swallowed part of a neighbour,,,,
FIX,Отрочество,otrochestvo,https://youtu.be/n3Wsnd8h9_s,12,Глава 13,1:38:53,1:42:14,5933,6134,3,540,161,+36,too short for its text - starts too late or ends too early,,,,
,Отрочество,otrochestvo,https://youtu.be/n3Wsnd8h9_s,13,Глава 14,1:42:14,1:48:14,6134,6494,6,767,128,+8,,,,,
,Отрочество,otrochestvo,https://youtu.be/n3Wsnd8h9_s,14,Глава 15,1:48:14,1:58:41,6494,7121,10,1222,117,-1,,,,,
,Отрочество,otrochestvo,https://youtu.be/n3Wsnd8h9_s,15,Глава 16,1:58:41,2:09:22,7121,7762,11,1310,123,+4,,,,,
FIX,Отрочество,otrochestvo,https://youtu.be/n3Wsnd8h9_s,16,Глава 17,2:09:22,2:18:18,7762,8298,9,611,68,-42,too long - it has swallowed part of a neighbour,,,,
FIX,Отрочество,otrochestvo,https://youtu.be/n3Wsnd8h9_s,17,Глава 18,2:18:18,2:27:13,8298,8833,9,1321,148,+25,too short for its text - starts too late or ends too early,,,,
,Отрочество,otrochestvo,https://youtu.be/n3Wsnd8h9_s,18,Глава 19,2:27:13,2:34:25,8833,9265,7,932,129,+9,,,,,
,Отрочество,otrochestvo,https://youtu.be/n3Wsnd8h9_s,19,Глава 20,2:34:25,2:41:20,9265,9680,7,766,111,-6,,,,,
,Отрочество,otrochestvo,https://youtu.be/n3Wsnd8h9_s,20,Глава 21,2:41:20,2:45:39,9680,9939,4,467,108,-9,,,,,
,Отрочество,otrochestvo,https://youtu.be/n3Wsnd8h9_s,21,Глава 22,2:45:39,2:52:16,9939,10336,7,780,118,+0,,,,,
,Отрочество,otrochestvo,https://youtu.be/n3Wsnd8h9_s,22,Глава 23,2:52:16,2:57:42,10336,10662,5,596,110,-7,,,,,
,Отрочество,otrochestvo,https://youtu.be/n3Wsnd8h9_s,23,Глава 24,2:57:42,3:00:05,10662,10805,2,253,106,-10,,,,,
,Отрочество,otrochestvo,https://youtu.be/n3Wsnd8h9_s,24,Глава 25,3:00:05,3:05:06,10805,11106,5,538,107,-9,,,,,
,Отрочество,otrochestvo,https://youtu.be/n3Wsnd8h9_s,25,Глава 26,3:05:06,3:14:25,11106,11665,9,1195,128,+8,,,,,
,Отрочество,otrochestvo,https://youtu.be/n3Wsnd8h9_s,26,Глава 27,3:14:25,3:21:57,11665,12117,8,876,116,-2,,,,,
,Братья Карамазовы,bratya-karamazovy,https://youtu.be/U5blK3O_Ivs,1,ЧАСТЬ ПЕРВАЯ — КНИГА ПЕРВАЯ — I Федор Павлович Карамазов,0:06:31,0:17:39,391,1059,11,1169,105,+6,,,,,
,Братья Карамазовы,bratya-karamazovy,https://youtu.be/U5blK3O_Ivs,2,ЧАСТЬ ПЕРВАЯ — КНИГА ПЕРВАЯ — II Первого сына спровадил,0:17:39,0:27:35,1059,1655,10,1123,113,+14,,,,,
,Братья Карамазовы,bratya-karamazovy,https://youtu.be/U5blK3O_Ivs,3,ЧАСТЬ ПЕРВАЯ — КНИГА ПЕРВАЯ — III Второй брак и вторые дети,0:27:35,0:48:26,1655,2906,21,2276,109,+10,,,,,
,Братья Карамазовы,bratya-karamazovy,https://youtu.be/U5blK3O_Ivs,4,ЧАСТЬ ПЕРВАЯ — КНИГА ПЕРВАЯ — IV Третий сын Алеша,0:48:26,1:16:30,2906,4590,28,3111,111,+12,,,,,
,Братья Карамазовы,bratya-karamazovy,https://youtu.be/U5blK3O_Ivs,5,ЧАСТЬ ПЕРВАЯ — КНИГА ПЕРВАЯ — V Старцы,1:16:30,1:47:13,4590,6433,31,3352,109,+10,,,,,
FIX,Братья Карамазовы,bratya-karamazovy,https://youtu.be/U5blK3O_Ivs,6,ЧАСТЬ ПЕРВАЯ — КНИГА ВТОРАЯ — I Приехали в монастырь,1:47:13,2:01:23,6433,7283,14,1626,115,+15,too short for its text - starts too late or ends too early,,,,
,Братья Карамазовы,bratya-karamazovy,https://youtu.be/U5blK3O_Ivs,7,ЧАСТЬ ПЕРВАЯ — КНИГА ВТОРАЯ — II Старый шут,2:01:23,2:30:19,7283,9019,29,3118,108,+8,,,,,
,Братья Карамазовы,bratya-karamazovy,https://youtu.be/U5blK3O_Ivs,8,ЧАСТЬ ПЕРВАЯ — КНИГА ВТОРАЯ — III Верующие бабы,2:30:19,2:57:21,9019,10641,27,2626,97,-2,,,,,
,Братья Карамазовы,bratya-karamazovy,https://youtu.be/U5blK3O_Ivs,9,ЧАСТЬ ПЕРВАЯ — КНИГА ВТОРАЯ — IV Маловерная дама,2:57:21,3:21:40,10641,12100,24,2698,111,+12,,,,,
,Братья Карамазовы,bratya-karamazovy,https://youtu.be/U5blK3O_Ivs,10,"ЧАСТЬ ПЕРВАЯ — КНИГА ВТОРАЯ — V Буди, буди!",3:21:40,3:52:02,12100,13922,30,3244,107,+7,,,,,
,Братья Карамазовы,bratya-karamazovy,https://youtu.be/U5blK3O_Ivs,11,ЧАСТЬ ПЕРВАЯ — КНИГА ВТОРАЯ — VI Зачем живет такой человек!,3:52:02,4:25:20,13922,15920,33,3552,107,+7,,,,,
,Братья Карамазовы,bratya-karamazovy,https://youtu.be/U5blK3O_Ivs,12,ЧАСТЬ ПЕРВАЯ — КНИГА ВТОРАЯ — VII Семинарист-карьерист,4:25:20,4:54:25,15920,17665,29,2989,103,+3,,,,,
,Братья Карамазовы,bratya-karamazovy,https://youtu.be/U5blK3O_Ivs,13,ЧАСТЬ ПЕРВАЯ — КНИГА ВТОРАЯ — VIII Скандал,4:54:25,5:22:58,17665,19378,29,3025,106,+7,,,,,
,Братья Карамазовы,bratya-karamazovy,https://youtu.be/U5blK3O_Ivs,14,ЧАСТЬ ПЕРВАЯ — КНИГА ТРЕТЬЯ — I В лакейской,5:22:58,5:43:09,19378,20589,20,1986,98,-1,,,,,
FIX,Братья Карамазовы,bratya-karamazovy,https://youtu.be/U5blK3O_Ivs,15,ЧАСТЬ ПЕРВАЯ — КНИГА ТРЕТЬЯ — II Лизавета смердящая,5:43:09,5:53:58,20589,21238,11,1517,140,+41,too short for its text - starts too late or ends too early,,,,
FIX,Братья Карамазовы,bratya-karamazovy,https://youtu.be/U5blK3O_Ivs,16,ЧАСТЬ ПЕРВАЯ — КНИГА ТРЕТЬЯ — III Исповедь горячего сердца. В стихах,5:53:58,6:30:39,21238,23439,37,2918,80,-20,too long - it has swallowed part of a neighbour,,,,
,Братья Карамазовы,bratya-karamazovy,https://youtu.be/U5blK3O_Ivs,17,ЧАСТЬ ПЕРВАЯ — КНИГА ТРЕТЬЯ — IV Исповедь горячего сердца. В анекдотах,6:30:39,7:01:09,23439,25269,30,2801,92,-8,,,,,
,Братья Карамазовы,bratya-karamazovy,https://youtu.be/U5blK3O_Ivs,18,ЧАСТЬ ПЕРВАЯ — КНИГА ТРЕТЬЯ — V Исповедь горячего сердца. «Вверх пятами»,7:01:09,7:32:58,25269,27178,32,2905,91,-8,,,,,
,Братья Карамазовы,bratya-karamazovy,https://youtu.be/U5blK3O_Ivs,19,ЧАСТЬ ПЕРВАЯ — КНИГА ТРЕТЬЯ — VI Смердяков,7:32:58,7:51:43,27178,28303,19,1875,100,+1,,,,,
,Братья Карамазовы,bratya-karamazovy,https://youtu.be/U5blK3O_Ivs,20,ЧАСТЬ ПЕРВАЯ — КНИГА ТРЕТЬЯ — VII Контроверза,7:51:43,8:11:21,28303,29481,20,2008,102,+3,,,,,
,Братья Карамазовы,bratya-karamazovy,https://youtu.be/U5blK3O_Ivs,21,ЧАСТЬ ПЕРВАЯ — КНИГА ТРЕТЬЯ — VIII За коньячком,8:11:21,8:36:45,29481,31005,25,2440,96,-3,,,,,
,Братья Карамазовы,bratya-karamazovy,https://youtu.be/U5blK3O_Ivs,22,ЧАСТЬ ПЕРВАЯ — КНИГА ТРЕТЬЯ — IX Сладострастники,8:36:45,8:55:26,31005,32126,19,1850,99,+0,,,,,
,Братья Карамазовы,bratya-karamazovy,https://youtu.be/U5blK3O_Ivs,23,ЧАСТЬ ПЕРВАЯ — КНИГА ТРЕТЬЯ — X Обе вместе,8:55:26,9:35:50,32126,34550,40,3998,99,+0,,,,,
,Братья Карамазовы,bratya-karamazovy,https://youtu.be/U5blK3O_Ivs,24,ЧАСТЬ ПЕРВАЯ — КНИГА ТРЕТЬЯ — XI Еще одна погибшая репутация,9:35:50,10:05:10,34550,36310,29,2710,92,-7,,,,,
,Братья Карамазовы,bratya-karamazovy,https://youtu.be/4Dqww3ahXeQ,26,ЧАСТЬ ВТОРАЯ — КНИГА ЧЕТВЁРТАЯ — II У отца,0:38:42,0:55:06,2322,3306,16,1682,103,+3,,,,,
,Братья Карамазовы,bratya-karamazovy,https://youtu.be/4Dqww3ahXeQ,27,ЧАСТЬ ВТОРАЯ — КНИГА ЧЕТВЁРТАЯ — III Связался со школьниками,0:55:06,1:10:07,3306,4207,15,1652,110,+11,,,,,
,Братья Карамазовы,bratya-karamazovy,https://youtu.be/4Dqww3ahXeQ,28,ЧАСТЬ ВТОРАЯ — КНИГА ЧЕТВЁРТАЯ — IV У Хохлаковых,1:10:07,1:29:55,4207,5395,20,2212,112,+12,,,,,
,Братья Карамазовы,bratya-karamazovy,https://youtu.be/4Dqww3ahXeQ,29,ЧАСТЬ ВТОРАЯ — КНИГА ЧЕТВЁРТАЯ — V Надрыв в гостиной,1:29:55,2:11:08,5395,7868,41,4225,103,+3,,,,,
,Братья Карамазовы,bratya-karamazovy,https://youtu.be/4Dqww3ahXeQ,30,ЧАСТЬ ВТОРАЯ — КНИГА ЧЕТВЁРТАЯ — VI Надрыв в избе,2:11:08,2:42:44,7868,9764,32,2933,93,-7,,,,,
,Братья Карамазовы,bratya-karamazovy,https://youtu.be/4Dqww3ahXeQ,31,ЧАСТЬ ВТОРАЯ — КНИГА ЧЕТВЁРТАЯ — VII И на чистом воздухе,2:42:44,3:25:15,9764,12315,43,3865,91,-9,,,,,
,Братья Карамазовы,bratya-karamazovy,https://youtu.be/4Dqww3ahXeQ,32,ЧАСТЬ ВТОРАЯ — КНИГА ПЯТАЯ — I Сговор,3:25:15,4:02:10,12315,14530,37,3950,107,+8,,,,,
,Братья Карамазовы,bratya-karamazovy,https://youtu.be/4Dqww3ahXeQ,33,ЧАСТЬ ВТОРАЯ — КНИГА ПЯТАЯ — II Смердяков с гитарой,4:02:10,4:23:55,14530,15835,22,2192,101,+1,,,,,
,Братья Карамазовы,bratya-karamazovy,https://youtu.be/4Dqww3ahXeQ,34,ЧАСТЬ ВТОРАЯ — КНИГА ПЯТАЯ — III Братья знакомятся,4:23:55,4:58:05,15835,17885,34,3414,100,+1,,,,,
,Братья Карамазовы,bratya-karamazovy,https://youtu.be/4Dqww3ahXeQ,35,ЧАСТЬ ВТОРАЯ — КНИГА ПЯТАЯ — IV Бунт,4:58:05,5:45:21,17885,20721,47,4260,90,-9,,,,,
,Братья Карамазовы,bratya-karamazovy,https://youtu.be/4Dqww3ahXeQ,36,ЧАСТЬ ВТОРАЯ — КНИГА ПЯТАЯ — V Великий инквизитор,5:45:21,7:06:48,20721,25608,81,7871,97,-3,,,,,
,Братья Карамазовы,bratya-karamazovy,https://youtu.be/4Dqww3ahXeQ,37,ЧАСТЬ ВТОРАЯ — КНИГА ПЯТАЯ — VI Пока еще очень неясная,7:06:48,7:44:38,25608,27878,38,3990,105,+6,,,,,
,Братья Карамазовы,bratya-karamazovy,https://youtu.be/4Dqww3ahXeQ,38,ЧАСТЬ ВТОРАЯ — КНИГА ПЯТАЯ — VII «С умным человеком и поговорить любопытно»,7:44:38,8:11:32,27878,29492,27,2871,107,+7,,,,,
,Братья Карамазовы,bratya-karamazovy,https://youtu.be/4Dqww3ahXeQ,39,ЧАСТЬ ВТОРАЯ — КНИГА ШЕСТАЯ — I Старец Зосима и его гости,8:11:32,8:27:05,29492,30425,16,1571,101,+2,,,,,
,Братья Карамазовы,bratya-karamazovy,https://youtu.be/4Dqww3ahXeQ,40,"ЧАСТЬ ВТОРАЯ — КНИГА ШЕСТАЯ — II Из жития в бозе преставившегося иеросхимонаха старца Зосимы, составлено с собственных слов его Алексеем Федоровичем Карамазовым",8:27:05,8:41:31,30425,31291,14,1445,100,+1,,,,,
,Братья Карамазовы,bratya-karamazovy,https://youtu.be/4Dqww3ahXeQ,41,ЧАСТЬ ВТОРАЯ — КНИГА ШЕСТАЯ — б) О Священном Писании в жизни отца Зосимы,8:41:31,9:04:44,31291,32684,23,2324,100,+1,,,,,
,Братья Карамазовы,bratya-karamazovy,https://youtu.be/4Dqww3ahXeQ,42,ЧАСТЬ ВТОРАЯ — КНИГА ШЕСТАЯ — в) Воспоминание о юности и молодости старца Зосимы еще в миру. Поединок,9:04:44,9:31:26,32684,34286,27,2672,100,+1,,,,,
,Братья Карамазовы,bratya-karamazovy,https://youtu.be/4Dqww3ahXeQ,43,ЧАСТЬ ВТОРАЯ — КНИГА ШЕСТАЯ — г) Таинственный посетитель,9:31:26,10:19:54,34286,37194,48,4852,100,+1,,,,,
,Братья Карамазовы,bratya-karamazovy,https://youtu.be/4Dqww3ahXeQ,44,ЧАСТЬ ВТОРАЯ — КНИГА ШЕСТАЯ — III Из бесед и поучений старца Зосимы,10:19:54,10:29:01,37194,37741,9,831,91,-8,,,,,
,Братья Карамазовы,bratya-karamazovy,https://youtu.be/4Dqww3ahXeQ,45,ЧАСТЬ ВТОРАЯ — КНИГА ШЕСТАЯ — III Из бесед и поучений старца Зосимы (продолжение),10:29:01,10:45:18,37741,38718,16,1484,91,-8,,,,,
,Братья Карамазовы,bratya-karamazovy,https://youtu.be/4Dqww3ahXeQ,46,"ЧАСТЬ ВТОРАЯ — КНИГА ШЕСТАЯ — ж) О молитве, о любви и о соприкосновении мирам иным",10:45:18,10:57:02,38718,39422,12,1070,91,-8,,,,,
,Братья Карамазовы,bratya-karamazovy,https://youtu.be/4Dqww3ahXeQ,47,ЧАСТЬ ВТОРАЯ — КНИГА ШЕСТАЯ — з) Можно ли быть судиею себе подобных? О вере до конца,10:57:02,11:04:55,39422,39895,8,719,91,-8,,,,,
,Братья Карамазовы,bratya-karamazovy,https://youtu.be/4Dqww3ahXeQ,48,"ЧАСТЬ ВТОРАЯ — КНИГА ШЕСТАЯ — и) О аде и адском огне, рассуждение мистическое",11:04:55,11:15:52,39895,40552,11,999,91,-8,,,,,
,Братья Карамазовы,bratya-karamazovy,https://youtu.be/vaMzsO4dxc4,50,ЧАСТЬ ТРЕТЬЯ — КНИГА СЕДЬМАЯ — II Такая минутка,0:46:58,1:09:09,2818,4149,22,2188,99,-1,,,,,
,Братья Карамазовы,bratya-karamazovy,https://youtu.be/vaMzsO4dxc4,51,ЧАСТЬ ТРЕТЬЯ — КНИГА СЕДЬМАЯ — III Луковка,1:09:09,2:15:13,4149,8113,66,6567,99,+0,,,,,
,Братья Карамазовы,bratya-karamazovy,https://youtu.be/vaMzsO4dxc4,52,ЧАСТЬ ТРЕТЬЯ — КНИГА СЕДЬМАЯ — IV Кана Галилейская,2:15:13,2:33:23,8113,9203,18,1547,85,-14,,,,,
,Братья Карамазовы,bratya-karamazovy,https://youtu.be/vaMzsO4dxc4,53,ЧАСТЬ ТРЕТЬЯ — КНИГА ВОСЬМАЯ — I Кузьма Самсонов,2:33:23,3:14:16,9203,11656,41,4033,99,-1,,,,,
FIX,Братья Карамазовы,bratya-karamazovy,https://youtu.be/vaMzsO4dxc4,54,ЧАСТЬ ТРЕТЬЯ — КНИГА ВОСЬМАЯ — II Лягавый,3:14:16,3:50:43,11656,13843,36,2448,67,-32,too long - it has swallowed part of a neighbour,,,,
,Братья Карамазовы,bratya-karamazovy,https://youtu.be/vaMzsO4dxc4,55,ЧАСТЬ ТРЕТЬЯ — КНИГА ВОСЬМАЯ — III Золотые прииски,3:50:43,4:30:04,13843,16204,39,4123,105,+5,,,,,
,Братья Карамазовы,bratya-karamazovy,https://youtu.be/vaMzsO4dxc4,56,ЧАСТЬ ТРЕТЬЯ — КНИГА ВОСЬМАЯ — IV В темноте,4:30:04,4:50:03,16204,17403,20,1945,97,-2,,,,,
,Братья Карамазовы,bratya-karamazovy,https://youtu.be/vaMzsO4dxc4,57,ЧАСТЬ ТРЕТЬЯ — КНИГА ВОСЬМАЯ — V Внезапное решение,4:50:03,5:45:47,17403,20747,56,5296,95,-4,,,,,
,Братья Карамазовы,bratya-karamazovy,https://youtu.be/vaMzsO4dxc4,58,ЧАСТЬ ТРЕТЬЯ — КНИГА ВОСЬМАЯ — VI Сам еду!,5:45:47,6:13:56,20747,22436,28,2677,95,-4,,,,,
,Братья Карамазовы,bratya-karamazovy,https://youtu.be/vaMzsO4dxc4,59,ЧАСТЬ ТРЕТЬЯ — КНИГА ВОСЬМАЯ — VII Прежний и бесспорный,6:13:56,7:09:41,22436,25781,56,5765,103,+4,,,,,
,Братья Карамазовы,bratya-karamazovy,https://youtu.be/vaMzsO4dxc4,60,ЧАСТЬ ТРЕТЬЯ — КНИГА ВОСЬМАЯ — VIII Бред,7:09:41,8:01:18,25781,28878,52,4568,88,-11,,,,,
,Братья Карамазовы,bratya-karamazovy,https://youtu.be/mBgLa4lcLPU,62,ЧАСТЬ ТРЕТЬЯ — КНИГА ДЕВЯТАЯ — II Тревога,0:21:49,0:44:18,1309,2658,22,2340,104,+5,,,,,
,Братья Карамазовы,bratya-karamazovy,https://youtu.be/mBgLa4lcLPU,63,ЧАСТЬ ТРЕТЬЯ — КНИГА ДЕВЯТАЯ — III Хождение ДУШИ по мытарствам,0:44:18,1:14:59,2658,4499,31,3058,100,+0,,,,,
,Братья Карамазовы,bratya-karamazovy,https://youtu.be/mBgLa4lcLPU,64,ЧАСТЬ ТРЕТЬЯ — КНИГА ДЕВЯТАЯ — IV Мытарство второе,1:14:59,1:40:25,4499,6025,25,2545,100,+1,,,,,
FIX,Братья Карамазовы,bratya-karamazovy,https://youtu.be/mBgLa4lcLPU,65,ЧАСТЬ ТРЕТЬЯ — КНИГА ДЕВЯТАЯ — V Третье мытарство,1:40:25,2:10:26,6025,7826,30,3715,124,+25,too short for its text - starts too late or ends too early,,,,
FIX,Братья Карамазовы,bratya-karamazovy,https://youtu.be/mBgLa4lcLPU,66,ЧАСТЬ ТРЕТЬЯ — КНИГА ДЕВЯТАЯ — VI Прокурор поймал Митю,2:10:26,2:45:01,7826,9901,35,2717,79,-21,too long - it has swallowed part of a neighbour,,,,
,Братья Карамазовы,bratya-karamazovy,https://youtu.be/mBgLa4lcLPU,67,ЧАСТЬ ТРЕТЬЯ — КНИГА ДЕВЯТАЯ — VII Великая тайна Мити. Освистали,2:45:01,3:24:34,9901,12274,40,4055,103,+3,,,,,
,Братья Карамазовы,bratya-karamazovy,https://youtu.be/mBgLa4lcLPU,68,ЧАСТЬ ТРЕТЬЯ — КНИГА ДЕВЯТАЯ — VIII Показание свидетелей. Дитё,3:24:34,3:57:33,12274,14253,33,3288,100,+0,,,,,
,Братья Карамазовы,bratya-karamazovy,https://youtu.be/mBgLa4lcLPU,69,ЧАСТЬ ТРЕТЬЯ — КНИГА ДЕВЯТАЯ — IX Увезли Митю,3:57:33,4:12:09,14253,15129,15,1242,85,-14,,,,,
,Братья Карамазовы,bratya-karamazovy,https://youtu.be/SYfQdm8djmQ,71,ЧАСТЬ ЧЕТВЁРТАЯ — КНИГА ДЕСЯТАЯ — II Детвора,0:18:44,0:37:58,1124,2278,19,1989,103,+4,,,,,
,Братья Карамазовы,bratya-karamazovy,https://youtu.be/SYfQdm8djmQ,72,ЧАСТЬ ЧЕТВЁРТАЯ — КНИГА ДЕСЯТАЯ — III Школьник,0:37:58,1:02:09,2278,3729,24,2463,102,+2,,,,,
,Братья Карамазовы,bratya-karamazovy,https://youtu.be/SYfQdm8djmQ,73,ЧАСТЬ ЧЕТВЁРТАЯ — КНИГА ДЕСЯТАЯ — IV Жучка,1:02:09,1:28:50,3729,5330,27,2652,99,+0,,,,,
,Братья Карамазовы,bratya-karamazovy,https://youtu.be/SYfQdm8djmQ,74,ЧАСТЬ ЧЕТВЁРТАЯ — КНИГА ДЕСЯТАЯ — V У Илюшиной постельки,1:28:50,2:25:55,5330,8755,57,5780,101,+2,,,,,
,Братья Карамазовы,bratya-karamazovy,https://youtu.be/SYfQdm8djmQ,75,ЧАСТЬ ЧЕТВЁРТАЯ — КНИГА ДЕСЯТАЯ — VI Раннее развитие,2:25:55,2:48:57,8755,10137,23,2330,101,+2,,,,,
,Братья Карамазовы,bratya-karamazovy,https://youtu.be/SYfQdm8djmQ,76,ЧАСТЬ ЧЕТВЁРТАЯ — КНИГА ДЕСЯТАЯ — VII Илюша,2:48:57,3:03:48,10137,11028,15,1282,86,-13,,,,,
,Братья Карамазовы,bratya-karamazovy,https://youtu.be/SYfQdm8djmQ,77,ЧАСТЬ ЧЕТВЁРТАЯ — КНИГА ОДИННАДЦАТАЯ — I У Грушеньки,3:03:48,3:38:32,11028,13112,35,3445,99,+0,,,,,
,Братья Карамазовы,bratya-karamazovy,https://youtu.be/SYfQdm8djmQ,78,ЧАСТЬ ЧЕТВЁРТАЯ — КНИГА ОДИННАДЦАТАЯ — II Больная ножка,3:38:32,4:12:26,13112,15146,34,3705,109,+10,,,,,
,Братья Карамазовы,bratya-karamazovy,https://youtu.be/SYfQdm8djmQ,79,ЧАСТЬ ЧЕТВЁРТАЯ — КНИГА ОДИННАДЦАТАЯ — III Бесенок,4:12:26,4:34:17,15146,16457,22,2127,97,-2,,,,,
,Братья Карамазовы,bratya-karamazovy,https://youtu.be/SYfQdm8djmQ,80,ЧАСТЬ ЧЕТВЁРТАЯ — КНИГА ОДИННАДЦАТАЯ — IV Гимн и секрет,4:34:17,5:26:01,16457,19561,52,4702,91,-9,,,,,
,Братья Карамазовы,bratya-karamazovy,https://youtu.be/SYfQdm8djmQ,81,"ЧАСТЬ ЧЕТВЁРТАЯ — КНИГА ОДИННАДЦАТАЯ — V Не ты, не ты!",5:26:01,5:46:18,19561,20778,20,2036,100,+1,,,,,
,Братья Карамазовы,bratya-karamazovy,https://youtu.be/SYfQdm8djmQ,82,ЧАСТЬ ЧЕТВЁРТАЯ — КНИГА ОДИННАДЦАТАЯ — VI Первое свидание со Смердяковым,5:46:18,6:21:28,20778,22888,35,3498,99,+0,,,,,
,Братья Карамазовы,bratya-karamazovy,https://youtu.be/SYfQdm8djmQ,83,ЧАСТЬ ЧЕТВЁРТАЯ — КНИГА ОДИННАДЦАТАЯ — VII Второй визит к Смердякову,6:21:28,6:55:13,22888,24913,34,3290,97,-2,,,,,
,Братья Карамазовы,bratya-karamazovy,https://youtu.be/SYfQdm8djmQ,84,"ЧАСТЬ ЧЕТВЁРТАЯ — КНИГА ОДИННАДЦАТАЯ — VIII Третье, и последнее, свидание со Смердяковым",6:55:13,7:52:17,24913,28337,57,5587,98,-1,,,,,
,Братья Карамазовы,bratya-karamazovy,https://youtu.be/SYfQdm8djmQ,85,ЧАСТЬ ЧЕТВЁРТАЯ — КНИГА ОДИННАДЦАТАЯ — IX Черт. Кошмар Ивана Федоровича,7:52:17,9:02:23,28337,32543,70,6747,96,-3,,,,,
,Братья Карамазовы,bratya-karamazovy,https://youtu.be/SYfQdm8djmQ,86,ЧАСТЬ ЧЕТВЁРТАЯ — КНИГА ОДИННАДЦАТАЯ — X «Это он говорил!»,9:02:23,9:23:33,32543,33813,21,1883,89,-10,,,,,
,Братья Карамазовы,bratya-karamazovy,https://youtu.be/L7E1EY3ZLOY,88,ЧАСТЬ ЧЕТВЁРТАЯ — КНИГА ДВЕНАДЦАТАЯ — II Опасные свидетели,0:23:48,0:57:01,1428,3421,33,3204,96,-3,,,,,
,Братья Карамазовы,bratya-karamazovy,https://youtu.be/L7E1EY3ZLOY,89,ЧАСТЬ ЧЕТВЁРТАЯ — КНИГА ДВЕНАДЦАТАЯ — III Медицинская экспертиза и один фунт орехов,0:57:01,1:16:38,3421,4598,20,1981,101,+2,,,,,
,Братья Карамазовы,bratya-karamazovy,https://youtu.be/L7E1EY3ZLOY,90,ЧАСТЬ ЧЕТВЁРТАЯ — КНИГА ДВЕНАДЦАТАЯ — IV Счастье улыбается Мите,1:16:38,1:50:33,4598,6633,34,3444,102,+2,,,,,
,Братья Карамазовы,bratya-karamazovy,https://youtu.be/L7E1EY3ZLOY,91,ЧАСТЬ ЧЕТВЁРТАЯ — КНИГА ДВЕНАДЦАТАЯ — V Внезапная катастрофа,1:50:33,2:26:21,6633,8781,36,3433,96,-4,,,,,
,Братья Карамазовы,bratya-karamazovy,https://youtu.be/L7E1EY3ZLOY,92,ЧАСТЬ ЧЕТВЁРТАЯ — КНИГА ДВЕНАДЦАТАЯ — VI Речь прокурора. Характеристика,2:26:21,3:04:56,8781,11096,39,3651,95,-5,,,,,
,Братья Карамазовы,bratya-karamazovy,https://youtu.be/L7E1EY3ZLOY,93,ЧАСТЬ ЧЕТВЁРТАЯ — КНИГА ДВЕНАДЦАТАЯ — VII Обзор исторический,3:04:56,3:25:14,11096,12314,20,1923,95,-5,,,,,
,Братья Карамазовы,bratya-karamazovy,https://youtu.be/L7E1EY3ZLOY,94,ЧАСТЬ ЧЕТВЁРТАЯ — КНИГА ДВЕНАДЦАТАЯ — VIII Трактат о Смердякове,3:25:14,4:02:24,12314,14544,37,3654,98,-1,,,,,
,Братья Карамазовы,bratya-karamazovy,https://youtu.be/L7E1EY3ZLOY,95,ЧАСТЬ ЧЕТВЁРТАЯ — КНИГА ДВЕНАДЦАТАЯ — IX Психология на всех парах. Скачущая тройка. Финал речи прокурора,4:02:24,4:43:49,14544,17029,41,3963,96,-4,,,,,
,Братья Карамазовы,bratya-karamazovy,https://youtu.be/L7E1EY3ZLOY,96,ЧАСТЬ ЧЕТВЁРТАЯ — КНИГА ДВЕНАДЦАТАЯ — X Речь защитника. Палка о двух концах,4:43:49,5:00:03,17029,18003,16,1555,96,-4,,,,,
,Братья Карамазовы,bratya-karamazovy,https://youtu.be/L7E1EY3ZLOY,97,ЧАСТЬ ЧЕТВЁРТАЯ — КНИГА ДВЕНАДЦАТАЯ — XI Денег не было. Грабежа не было,5:00:03,5:23:11,18003,19391,23,2381,103,+4,,,,,
,Братья Карамазовы,bratya-karamazovy,https://youtu.be/L7E1EY3ZLOY,98,ЧАСТЬ ЧЕТВЁРТАЯ — КНИГА ДВЕНАДЦАТАЯ — XII Да и убийства не было,5:23:11,5:54:00,19391,21240,31,2903,94,-5,,,,,
,Братья Карамазовы,bratya-karamazovy,https://youtu.be/L7E1EY3ZLOY,99,ЧАСТЬ ЧЕТВЁРТАЯ — КНИГА ДВЕНАДЦАТАЯ — XIII Прелюбодей мысли,5:54:00,6:23:34,21240,23014,30,2782,94,-5,,,,,
,Братья Карамазовы,bratya-karamazovy,https://youtu.be/L7E1EY3ZLOY,100,ЧАСТЬ ЧЕТВЁРТАЯ — КНИГА ДВЕНАДЦАТАЯ — XIV Мужички за себя постояли,6:23:34,6:46:08,23014,24368,23,2030,90,-9,,,,,
,Братья Карамазовы,bratya-karamazovy,https://youtu.be/L7E1EY3ZLOY,101,ЭПИЛОГ — I Проекты спасти Митю,6:46:08,7:05:15,24368,25515,19,1978,103,+4,,,,,
,Братья Карамазовы,bratya-karamazovy,https://youtu.be/L7E1EY3ZLOY,102,ЭПИЛОГ — II На минутку ложь стала правдой,7:05:15,7:33:26,25515,27206,28,2598,92,-7,,,,,
,Братья Карамазовы,bratya-karamazovy,https://youtu.be/L7E1EY3ZLOY,103,ЭПИЛОГ — III Похороны Илюшечки. Речь у камня,7:33:26,8:10:58,27206,29458,38,3434,91,-8,,,,,
,Библия. Синодальный перевод,bibliya-sinodalnyy-perevod,https://youtu.be/C8HHcfTHq38,0,Бытие 1,0:00:07,0:04:12,7,252,4,610,149,+2,,,,,
,Библия. Синодальный перевод,bibliya-sinodalnyy-perevod,https://youtu.be/C8HHcfTHq38,1,Бытие 2,0:04:12,0:07:16,252,436,3,461,150,+3,,,,,
,Библия. Синодальный перевод,bibliya-sinodalnyy-perevod,https://youtu.be/C8HHcfTHq38,2,Бытие 3,0:07:16,0:10:37,436,637,3,533,159,+9,,,,,
,Библия. Синодальный перевод,bibliya-sinodalnyy-perevod,https://youtu.be/C8HHcfTHq38,3,Бытие 4,0:10:37,0:13:59,637,839,3,488,145,-1,,,,,
,Библия. Синодальный перевод,bibliya-sinodalnyy-perevod,https://youtu.be/C8HHcfTHq38,4,Бытие 5,0:13:59,0:16:46,839,1006,3,417,150,+3,,,,,
,Библия. Синодальный перевод,bibliya-sinodalnyy-perevod,https://youtu.be/C8HHcfTHq38,5,Бытие 6,0:16:46,0:19:41,1006,1181,3,447,153,+5,,,,,
,Библия. Синодальный перевод,bibliya-sinodalnyy-perevod,https://youtu.be/C8HHcfTHq38,6,Бытие 7,0:19:41,0:22:29,1181,1349,3,442,158,+8,,,,,
,Библия. Синодальный перевод,bibliya-sinodalnyy-perevod,https://youtu.be/C8HHcfTHq38,7,Бытие 8,0:22:29,0:25:22,1349,1522,3,434,151,+3,,,,,
,Библия. Синодальный перевод,bibliya-sinodalnyy-perevod,https://youtu.be/C8HHcfTHq38,8,Бытие 9,0:25:22,0:28:45,1522,1725,3,509,150,+3,,,,,
FIX,Библия. Синодальный перевод,bibliya-sinodalnyy-perevod,https://youtu.be/C8HHcfTHq38,9,Бытие 10,0:28:45,0:31:35,1725,1895,3,346,122,-16,too long - it has swallowed part of a neighbour,,,,
,Библия. Синодальный перевод,bibliya-sinodalnyy-perevod,https://youtu.be/C8HHcfTHq38,10,Бытие 11,0:31:35,0:34:46,1895,2086,3,462,145,+0,,,,,
,Библия. Синодальный перевод,bibliya-sinodalnyy-perevod,https://youtu.be/C8HHcfTHq38,11,Бытие 12,0:34:46,0:37:31,2086,2251,3,422,153,+5,,,,,
,Библия. Синодальный перевод,bibliya-sinodalnyy-perevod,https://youtu.be/C8HHcfTHq38,12,Бытие 13,0:37:31,0:39:53,2251,2393,2,359,152,+4,,,,,
,Библия. Синодальный перевод,bibliya-sinodalnyy-perevod,https://youtu.be/C8HHcfTHq38,13,Бытие 14,0:39:53,0:43:17,2393,2597,3,460,135,-7,,,,,
,Библия. Синодальный перевод,bibliya-sinodalnyy-perevod,https://youtu.be/C8HHcfTHq38,14,Бытие 15,0:43:17,0:45:46,2597,2746,2,349,141,-4,,,,,
,Библия. Синодальный перевод,bibliya-sinodalnyy-perevod,https://youtu.be/C8HHcfTHq38,15,Бытие 16,0:45:46,0:48:10,2746,2890,2,332,138,-5,,,,,
,Библия. Синодальный перевод,bibliya-sinodalnyy-perevod,https://youtu.be/C8HHcfTHq38,16,Бытие 17,0:48:10,0:51:52,2890,3112,4,554,150,+3,,,,,
,Библия. Синодальный перевод,bibliya-sinodalnyy-perevod,https://youtu.be/C8HHcfTHq38,17,Бытие 18,0:51:52,0:56:18,3112,3378,4,639,144,-1,,,,,
,Библия. Синодальный перевод,bibliya-sinodalnyy-perevod,https://youtu.be/C8HHcfTHq38,18,Бытие 19,0:56:18,1:01:44,3378,3704,5,852,157,+8,,,,,
,Библия. Синодальный перевод,bibliya-sinodalnyy-perevod,https://youtu.be/C8HHcfTHq38,19,Бытие 20,1:01:44,1:04:22,3704,3862,3,407,155,+6,,,,,
,Библия. Синодальный перевод,bibliya-sinodalnyy-perevod,https://youtu.be/C8HHcfTHq38,20,Бытие 21,1:04:22,1:08:23,3862,4103,4,603,150,+3,,,,,
,Библия. Синодальный перевод,bibliya-sinodalnyy-perevod,https://youtu.be/C8HHcfTHq38,21,Бытие 22,1:08:23,1:11:45,4103,4305,3,469,139,-4,,,,,
,Библия. Синодальный перевод,bibliya-sinodalnyy-perevod,https://youtu.be/C8HHcfTHq38,22,Бытие 23,1:11:45,1:14:29,4305,4469,3,381,139,-4,,,,,
,Библия. Синодальный перевод,bibliya-sinodalnyy-perevod,https://youtu.be/C8HHcfTHq38,23,Бытие 24,1:14:29,1:23:42,4469,5022,9,1257,136,-6,,,,,
,Библия. Синодальный перевод,bibliya-sinodalnyy-perevod,https://youtu.be/C8HHcfTHq38,24,Бытие 25,1:23:42,1:27:47,5022,5267,4,540,132,-9,,,,,
,Библия. Синодальный перевод,bibliya-sinodalnyy-perevod,https://youtu.be/C8HHcfTHq38,25,Бытие 26,1:27:47,1:32:34,5267,5554,5,713,149,+2,,,,,
,Библия. Синодальный перевод,bibliya-sinodalnyy-perevod,https://youtu.be/C8HHcfTHq38,26,Бытие 27,1:32:34,1:39:17,5554,5957,7,971,145,-1,,,,,
,Библия. Синодальный перевод,bibliya-sinodalnyy-perevod,https://youtu.be/C8HHcfTHq38,27,Бытие 28,1:39:17,1:42:32,5957,6152,3,485,149,+2,,,,,
,Библия. Синодальный перевод,bibliya-sinodalnyy-perevod,https://youtu.be/C8HHcfTHq38,28,Бытие 29,1:42:32,1:47:00,6152,6420,4,658,147,+1,,,,,
,Библия. Синодальный перевод,bibliya-sinodalnyy-perevod,https://youtu.be/C8HHcfTHq38,29,Бытие 30,1:47:00,1:52:38,6420,6758,6,850,151,+3,,,,,
,Библия. Синодальный перевод,bibliya-sinodalnyy-perevod,https://youtu.be/C8HHcfTHq38,30,Бытие 31,1:52:38,2:00:14,6758,7214,8,1203,158,+9,,,,,
,Библия. Синодальный перевод,bibliya-sinodalnyy-perevod,https://youtu.be/C8HHcfTHq38,31,Бытие 32,2:00:14,2:04:29,7214,7469,4,628,148,+1,,,,,
,Библия. Синодальный перевод,bibliya-sinodalnyy-perevod,https://youtu.be/C8HHcfTHq38,32,Бытие 33,2:04:29,2:07:09,7469,7629,3,392,147,+1,,,,,
,Библия. Синодальный перевод,bibliya-sinodalnyy-perevod,https://youtu.be/C8HHcfTHq38,33,Бытие 34,2:07:09,2:11:25,7629,7885,4,657,154,+6,,,,,
,Библия. Синодальный перевод,bibliya-sinodalnyy-perevod,https://youtu.be/C8HHcfTHq38,34,Бытие 35,2:11:25,2:15:09,7885,8109,4,529,142,-3,,,,,
FIX,Библия. Синодальный перевод,bibliya-sinodalnyy-perevod,https://youtu.be/C8HHcfTHq38,35,Бытие 36,2:15:09,2:20:18,8109,8418,5,619,120,-18,too long - it has swallowed part of a neighbour,,,,
,Библия. Синодальный перевод,bibliya-sinodalnyy-perevod,https://youtu.be/C8HHcfTHq38,36,Бытие 37,2:20:18,2:25:18,8418,8718,5,739,148,+1,,,,,
,Библия. Синодальный перевод,bibliya-sinodalnyy-perevod,https://youtu.be/C8HHcfTHq38,37,Бытие 38,2:25:18,2:29:26,8718,8966,4,618,150,+3,,,,,
,Библия. Синодальный перевод,bibliya-sinodalnyy-perevod,https://youtu.be/C8HHcfTHq38,38,Бытие 39,2:29:26,2:32:41,8966,9161,3,522,161,+10,,,,,
,Библия. Синодальный перевод,bibliya-sinodalnyy-perevod,https://youtu.be/C8HHcfTHq38,39,Бытие 40,2:32:41,2:35:41,9161,9341,3,428,143,-2,,,,,
,Библия. Синодальный перевод,bibliya-sinodalnyy-perevod,https://youtu.be/C8HHcfTHq38,40,Бытие 41,2:35:41,2:43:04,9341,9784,7,1087,147,+1,,,,,
,Библия. Синодальный перевод,bibliya-sinodalnyy-perevod,https://youtu.be/C8HHcfTHq38,41,Бытие 42,2:43:04,2:48:21,9784,10101,5,803,152,+4,,,,,
,Библия. Синодальный перевод,bibliya-sinodalnyy-perevod,https://youtu.be/C8HHcfTHq38,42,Бытие 43,2:48:21,2:53:30,10101,10410,5,787,153,+5,,,,,
,Библия. Синодальный перевод,bibliya-sinodalnyy-perevod,https://youtu.be/C8HHcfTHq38,43,Бытие 44,2:53:30,2:58:05,10410,10685,5,707,154,+6,,,,,
,Библия. Синодальный перевод,bibliya-sinodalnyy-perevod,https://youtu.be/C8HHcfTHq38,44,Бытие 45,2:58:05,3:02:01,10685,10921,4,586,149,+2,,,,,
,Библия. Синодальный перевод,bibliya-sinodalnyy-perevod,https://youtu.be/C8HHcfTHq38,45,Бытие 46,3:02:01,3:06:30,10921,11190,4,593,132,-9,,,,,
,Библия. Синодальный перевод,bibliya-sinodalnyy-perevod,https://youtu.be/C8HHcfTHq38,46,Бытие 47,3:06:30,3:11:35,11190,11495,5,757,149,+2,,,,,
,Библия. Синодальный перевод,bibliya-sinodalnyy-perevod,https://youtu.be/C8HHcfTHq38,47,Бытие 48,3:11:35,3:15:13,11495,11713,4,529,146,+0,,,,,
,Библия. Синодальный перевод,bibliya-sinodalnyy-perevod,https://youtu.be/C8HHcfTHq38,48,Бытие 49,3:15:13,3:19:36,11713,11976,4,576,131,-10,,,,,
,Библия. Синодальный перевод,bibliya-sinodalnyy-perevod,https://youtu.be/C8HHcfTHq38,49,Бытие 50,3:19:36,3:23:51,11976,12231,4,530,125,-14,,,,,
,Библия. Синодальный перевод,bibliya-sinodalnyy-perevod,https://youtu.be/9uBU5W1LIYQ,50,Исход 1,0:00:07,0:02:43,7,163,3,358,138,-6,,,,,
,Библия. Синодальный перевод,bibliya-sinodalnyy-perevod,https://youtu.be/9uBU5W1LIYQ,51,Исход 2,0:02:43,0:06:08,163,368,3,499,146,+0,,,,,
,Библия. Синодальный перевод,bibliya-sinodalnyy-perevod,https://youtu.be/9uBU5W1LIYQ,52,Исход 3,0:06:08,0:09:53,368,593,4,537,143,-2,,,,,
,Библия. Синодальный перевод,bibliya-sinodalnyy-perevod,https://youtu.be/9uBU5W1LIYQ,53,Исход 4,0:09:53,0:14:28,593,868,5,681,149,+2,,,,,
,Библия. Синодальный перевод,bibliya-sinodalnyy-perevod,https://youtu.be/9uBU5W1LIYQ,54,Исход 5,0:14:28,0:17:43,868,1063,3,469,144,-1,,,,,
,Библия. Синодальный перевод,bibliya-sinodalnyy-perevod,https://youtu.be/9uBU5W1LIYQ,55,Исход 6,0:17:43,0:21:35,1063,1295,4,511,132,-9,,,,,
,Библия. Синодальный перевод,bibliya-sinodalnyy-perevod,https://youtu.be/9uBU5W1LIYQ,56,Исход 7,0:21:35,0:25:07,1295,1507,4,529,150,+3,,,,,
,Библия. Синодальный перевод,bibliya-sinodalnyy-perevod,https://youtu.be/9uBU5W1LIYQ,57,Исход 8,0:25:07,0:29:52,1507,1792,5,721,152,+4,,,,,
,Библия. Синодальный перевод,bibliya-sinodalnyy-perevod,https://youtu.be/9uBU5W1LIYQ,58,Исход 9,0:29:52,0:34:39,1792,2079,5,743,155,+7,,,,,
,Библия. Синодальный перевод,bibliya-sinodalnyy-perevod,https://youtu.be/9uBU5W1LIYQ,59,Исход 10,0:34:39,0:39:23,2079,2363,5,699,148,+1,,,,,
,Библия. Синодальный перевод,bibliya-sinodalnyy-perevod,https://youtu.be/9uBU5W1LIYQ,60,Исход 11,0:39:23,0:41:04,2363,2464,2,237,141,-3,,,,,
,Библия. Синодальный перевод,bibliya-sinodalnyy-perevod,https://youtu.be/9uBU5W1LIYQ,61,Исход 12,0:41:04,0:48:23,2464,2903,7,1079,147,+1,,,,,
,Библия. Синодальный перевод,bibliya-sinodalnyy-perevod,https://youtu.be/9uBU5W1LIYQ,62,Исход 13,0:48:23,0:51:41,2903,3101,3,478,145,-1,,,,,
,Библия. Синодальный перевод,bibliya-sinodalnyy-perevod,https://youtu.be/9uBU5W1LIYQ,63,Исход 14,0:51:41,0:56:30,3101,3390,5,700,145,+0,,,,,
,Библия. Синодальный перевод,bibliya-sinodalnyy-perevod,https://youtu.be/9uBU5W1LIYQ,64,Исход 15,0:56:30,1:00:03,3390,3603,4,496,140,-4,,,,,
,Библия. Синодальный перевод,bibliya-sinodalnyy-perevod,https://youtu.be/9uBU5W1LIYQ,65,Исход 16,1:00:03,1:05:08,3603,3908,5,761,150,+3,,,,,
,Библия. Синодальный перевод,bibliya-sinodalnyy-perevod,https://youtu.be/9uBU5W1LIYQ,66,Исход 17,1:05:08,1:07:38,3908,4058,2,358,143,-2,,,,,
,Библия. Синодальный перевод,bibliya-sinodalnyy-perevod,https://youtu.be/9uBU5W1LIYQ,67,Исход 18,1:07:38,1:11:34,4058,4294,4,574,146,+0,,,,,
,Библия. Синодальный перевод,bibliya-sinodalnyy-perevod,https://youtu.be/9uBU5W1LIYQ,68,Исход 19,1:11:34,1:15:07,4294,4507,4,533,150,+3,,,,,
,Библия. Синодальный перевод,bibliya-sinodalnyy-perevod,https://youtu.be/9uBU5W1LIYQ,69,Исход 20,1:15:07,1:18:03,4507,4683,3,452,154,+6,,,,,
,Библия. Синодальный перевод,bibliya-sinodalnyy-perevod,https://youtu.be/9uBU5W1LIYQ,70,Исход 21,1:18:03,1:22:30,4683,4950,4,706,159,+9,,,,,
,Библия. Синодальный перевод,bibliya-sinodalnyy-perevod,https://youtu.be/9uBU5W1LIYQ,71,Исход 22,1:22:30,1:26:31,4950,5191,4,607,151,+4,,,,,
,Библия. Синодальный перевод,bibliya-sinodalnyy-perevod,https://youtu.be/9uBU5W1LIYQ,72,Исход 23,1:26:31,1:30:37,5191,5437,4,615,150,+3,,,,,
,Библия. Синодальный перевод,bibliya-sinodalnyy-perevod,https://youtu.be/9uBU5W1LIYQ,73,Исход 24,1:30:37,1:33:06,5437,5586,2,352,142,-3,,,,,
,Библия. Синодальный перевод,bibliya-sinodalnyy-perevod,https://youtu.be/9uBU5W1LIYQ,74,Исход 25,1:33:06,1:37:45,5586,5865,5,675,145,+0,,,,,
,Библия. Синодальный перевод,bibliya-sinodalnyy-perevod,https://youtu.be/9uBU5W1LIYQ,75,Исход 26,1:37:45,1:42:26,5865,6146,5,669,143,-2,,,,,
,Библия. Синодальный перевод,bibliya-sinodalnyy-perevod,https://youtu.be/9uBU5W1LIYQ,76,Исход 27,1:42:26,1:45:27,6146,6327,3,443,147,+1,,,,,
,Библия. Синодальный перевод,bibliya-sinodalnyy-perevod,https://youtu.be/9uBU5W1LIYQ,77,Исход 28,1:45:27,1:51:36,6327,6696,6,856,139,-5,,,,,
,Библия. Синодальный перевод,bibliya-sinodalnyy-perevod,https://youtu.be/9uBU5W1LIYQ,78,Исход 29,1:51:36,1:57:45,6696,7065,6,924,150,+3,,,,,
,Библия. Синодальный перевод,bibliya-sinodalnyy-perevod,https://youtu.be/9uBU5W1LIYQ,79,Исход 30,1:57:45,2:02:43,7065,7363,5,678,137,-6,,,,,
,Библия. Синодальный перевод,bibliya-sinodalnyy-perevod,https://youtu.be/9uBU5W1LIYQ,80,Исход 31,2:02:43,2:04:58,7363,7498,2,310,138,-6,,,,,
,Библия. Синодальный перевод,bibliya-sinodalnyy-perevod,https://youtu.be/9uBU5W1LIYQ,81,Исход 32,2:04:58,2:10:14,7498,7814,5,777,148,+1,,,,,
,Библия. Синодальный перевод,bibliya-sinodalnyy-perevod,https://youtu.be/9uBU5W1LIYQ,82,Исход 33,2:10:14,2:13:44,7814,8024,4,498,142,-2,,,,,
,Библия. Синодальный перевод,bibliya-sinodalnyy-perevod,https://youtu.be/9uBU5W1LIYQ,83,Исход 34,2:13:44,2:19:02,8024,8342,5,783,148,+1,,,,,
,Библия. Синодальный перевод,bibliya-sinodalnyy-perevod,https://youtu.be/9uBU5W1LIYQ,84,Исход 35,2:19:02,2:23:23,8342,8603,4,583,134,-8,,,,,
,Библия. Синодальный перевод,bibliya-sinodalnyy-perevod,https://youtu.be/9uBU5W1LIYQ,85,Исход 36,2:23:23,2:28:20,8603,8900,5,688,139,-5,,,,,
,Библия. Синодальный перевод,bibliya-sinodalnyy-perevod,https://youtu.be/9uBU5W1LIYQ,86,Исход 37,2:28:20,2:32:02,8900,9122,4,531,144,-2,,,,,
,Библия. Синодальный перевод,bibliya-sinodalnyy-perevod,https://youtu.be/9uBU5W1LIYQ,87,Исход 38,2:32:02,2:36:22,9122,9382,4,611,141,-3,,,,,
,Библия. Синодальный перевод,bibliya-sinodalnyy-perevod,https://youtu.be/9uBU5W1LIYQ,88,Исход 39,2:36:22,2:41:59,9382,9719,6,773,138,-6,,,,,
,Библия. Синодальный перевод,bibliya-sinodalnyy-perevod,https://youtu.be/9uBU5W1LIYQ,89,Исход 40,2:41:59,2:46:28,9719,9988,4,562,125,-14,,,,,
,Библия. Синодальный перевод,bibliya-sinodalnyy-perevod,https://youtu.be/V199Q7T9quw,90,Левит 1,0:00:07,0:02:41,7,161,3,343,134,-8,,,,,
,Библия. Синодальный перевод,bibliya-sinodalnyy-perevod,https://youtu.be/V199Q7T9quw,91,Левит 2,0:02:41,0:05:02,161,302,2,309,131,-10,,,,,
,Библия. Синодальный перевод,bibliya-sinodalnyy-perevod,https://youtu.be/V199Q7T9quw,92,Левит 3,0:05:02,0:07:29,302,449,2,351,143,-2,,,,,
,Библия. Синодальный перевод,bibliya-sinodalnyy-perevod,https://youtu.be/V199Q7T9quw,93,Левит 4,0:07:29,0:12:36,449,756,5,763,149,+2,,,,,
,Библия. Синодальный перевод,bibliya-sinodalnyy-perevod,https://youtu.be/V199Q7T9quw,94,Левит 5,0:12:36,0:15:59,756,959,3,503,149,+2,,,,,
,Библия. Синодальный перевод,bibliya-sinodalnyy-perevod,https://youtu.be/V199Q7T9quw,95,Левит 6,0:15:59,0:20:29,959,1229,4,639,142,-3,,,,,
,Библия. Синодальный перевод,bibliya-sinodalnyy-perevod,https://youtu.be/V199Q7T9quw,96,Левит 7,0:20:29,0:25:35,1229,1535,5,717,141,-4,,,,,
,Библия. Синодальный перевод,bibliya-sinodalnyy-perevod,https://youtu.be/V199Q7T9quw,97,Левит 8,0:25:35,0:30:34,1535,1834,5,755,152,+4,,,,,
,Библия. Синодальный перевод,bibliya-sinodalnyy-perevod,https://youtu.be/V199Q7T9quw,98,Левит 9,0:30:34,0:33:41,1834,2021,3,455,146,+0,,,,,
,Библия. Синодальный перевод,bibliya-sinodalnyy-perevod,https://youtu.be/V199Q7T9quw,99,Левит 10,0:33:41,0:36:55,2021,2215,3,462,143,-2,,,,,
,Библия. Синодальный перевод,bibliya-sinodalnyy-perevod,https://youtu.be/V199Q7T9quw,100,Левит 11,0:36:55,0:42:40,2215,2560,6,848,147,+1,,,,,
,Библия. Синодальный перевод,bibliya-sinodalnyy-perevod,https://youtu.be/V199Q7T9quw,101,Левит 12,0:42:40,0:44:05,2560,2645,1,197,139,-5,,,,,
,Библия. Синодальный перевод,bibliya-sinodalnyy-perevod,https://youtu.be/V199Q7T9quw,102,Левит 13,0:44:05,0:53:09,2645,3189,9,1328,146,+0,,,,,
,Библия. Синодальный перевод,bibliya-sinodalnyy-perevod,https://youtu.be/V199Q7T9quw,103,Левит 14,0:53:09,1:00:50,3189,3650,8,1119,146,+0,,,,,
,Библия. Синодальный перевод,bibliya-sinodalnyy-perevod,https://youtu.be/V199Q7T9quw,104,Левит 15,1:00:50,1:05:57,3650,3957,5,745,146,+0,,,,,
,Библия. Синодальный перевод,bibliya-sinodalnyy-perevod,https://youtu.be/V199Q7T9quw,105,Левит 16,1:05:57,1:11:20,3957,4280,5,795,148,+1,,,,,
,Библия. Синодальный перевод,bibliya-sinodalnyy-perevod,https://youtu.be/V199Q7T9quw,106,Левит 17,1:11:20,1:14:01,4280,4441,3,382,142,-2,,,,,
,Библия. Синодальный перевод,bibliya-sinodalnyy-perevod,https://youtu.be/V199Q7T9quw,107,Левит 18,1:14:01,1:17:33,4441,4653,4,507,143,-2,,,,,
,Библия. Синодальный перевод,bibliya-sinodalnyy-perevod,https://youtu.be/V199Q7T9quw,108,Левит 19,1:17:33,1:22:09,4653,4929,5,659,143,-2,,,,,
,Библия. Синодальный перевод,bibliya-sinodalnyy-perevod,https://youtu.be/V199Q7T9quw,109,Левит 20,1:22:09,1:26:24,4929,5184,4,625,147,+1,,,,,
,Библия. Синодальный перевод,bibliya-sinodalnyy-perevod,https://youtu.be/V199Q7T9quw,110,Левит 21,1:26:24,1:29:42,5184,5382,3,476,144,-1,,,,,
,Библия. Синодальный перевод,bibliya-sinodalnyy-perevod,https://youtu.be/V199Q7T9quw,111,Левит 22,1:29:42,1:34:31,5382,5671,5,686,142,-2,,,,,
,Библия. Синодальный перевод,bibliya-sinodalnyy-perevod,https://youtu.be/V199Q7T9quw,112,Левит 23,1:34:31,1:40:38,5671,6038,6,835,137,-6,,,,,
,Библия. Синодальный перевод,bibliya-sinodalnyy-perevod,https://youtu.be/V199Q7T9quw,113,Левит 24,1:40:38,1:43:24,6038,6204,3,385,139,-5,,,,,
,Библия. Синодальный перевод,bibliya-sinodalnyy-perevod,https://youtu.be/V199Q7T9quw,114,Левит 25,1:43:24,1:50:50,6204,6650,7,1148,154,+6,,,,,
,Библия. Синодальный перевод,bibliya-sinodalnyy-perevod,https://youtu.be/V199Q7T9quw,115,Левит 26,1:50:50,1:56:52,6650,7012,6,957,159,+9,,,,,
,Библия. Синодальный перевод,bibliya-sinodalnyy-perevod,https://youtu.be/V199Q7T9quw,116,Левит 27,1:56:52,2:02:06,7012,7326,5,677,129,-11,,,,,
,Библия. Синодальный перевод,bibliya-sinodalnyy-perevod,https://youtu.be/yusul1mC8_s,117,Числа 1,0:00:06,0:06:04,6,364,6,845,142,-3,,,,,
,Библия. Синодальный перевод,bibliya-sinodalnyy-perevod,https://youtu.be/yusul1mC8_s,118,Числа 2,0:06:04,0:10:01,364,601,4,511,129,-11,,,,,
,Библия. Синодальный перевод,bibliya-sinodalnyy-perevod,https://youtu.be/yusul1mC8_s,119,Числа 3,0:10:01,0:16:06,601,966,6,835,137,-6,,,,,
,Библия. Синодальный перевод,bibliya-sinodalnyy-perevod,https://youtu.be/yusul1mC8_s,120,Числа 4,0:16:06,0:22:38,966,1358,7,947,145,-1,,,,,
,Библия. Синодальный перевод,bibliya-sinodalnyy-perevod,https://youtu.be/yusul1mC8_s,121,Числа 5,0:22:38,0:27:15,1358,1635,5,667,144,-1,,,,,
,Библия. Синодальный перевод,bibliya-sinodalnyy-perevod,https://youtu.be/yusul1mC8_s,122,Числа 6,0:27:15,0:31:15,1635,1875,4,568,142,-3,,,,,
,Библия. Синодальный перевод,bibliya-sinodalnyy-perevod,https://youtu.be/yusul1mC8_s,123,Числа 7,0:31:15,0:42:17,1875,2537,11,1379,125,-14,,,,,
,Библия. Синодальный перевод,bibliya-sinodalnyy-perevod,https://youtu.be/yusul1mC8_s,124,Числа 8,0:42:17,0:45:48,2537,2748,4,495,141,-3,,,,,
,Библия. Синодальный перевод,bibliya-sinodalnyy-perevod,https://youtu.be/yusul1mC8_s,125,Числа 9,0:45:48,0:49:25,2748,2965,4,524,145,-1,,,,,
,Библия. Синодальный перевод,bibliya-sinodalnyy-perevod,https://youtu.be/yusul1mC8_s,126,Числа 10,0:49:25,0:53:36,2965,3216,4,572,137,-6,,,,,
,Библия. Синодальный перевод,bibliya-sinodalnyy-perevod,https://youtu.be/yusul1mC8_s,127,Числа 11,0:53:36,0:58:50,3216,3530,5,800,153,+5,,,,,
,Библия. Синодальный перевод,bibliya-sinodalnyy-perevod,https://youtu.be/yusul1mC8_s,128,Числа 12,0:58:50,1:00:47,3530,3647,2,308,158,+8,,,,,
,Библия. Синодальный перевод,bibliya-sinodalnyy-perevod,https://youtu.be/yusul1mC8_s,129,Числа 13,1:00:54,1:04:49,3654,3889,4,581,148,+2,,,,,
,Библия. Синодальный перевод,bibliya-sinodalnyy-perevod,https://youtu.be/yusul1mC8_s,130,Числа 14,1:04:49,1:10:42,3889,4242,6,879,149,+2,,,,,
,Библия. Синодальный перевод,bibliya-sinodalnyy-perevod,https://youtu.be/yusul1mC8_s,131,Числа 15,1:10:42,1:15:53,4242,4553,5,778,150,+3,,,,,
,Библия. Синодальный перевод,bibliya-sinodalnyy-perevod,https://youtu.be/yusul1mC8_s,132,Числа 16,1:15:53,1:22:50,4553,4970,7,995,143,-2,,,,,
,Библия. Синодальный перевод,bibliya-sinodalnyy-perevod,https://youtu.be/yusul1mC8_s,133,Числа 17,1:22:50,1:24:32,4970,5072,2,234,138,-6,,,,,
,Библия. Синодальный перевод,bibliya-sinodalnyy-perevod,https://youtu.be/yusul1mC8_s,134,Числа 18,1:24:32,1:29:58,5072,5398,5,793,146,+0,,,,,
,Библия. Синодальный перевод,bibliya-sinodalnyy-perevod,https://youtu.be/yusul1mC8_s,135,Числа 19,1:29:58,1:33:26,5398,5606,3,506,146,+0,,,,,
,Библия. Синодальный перевод,bibliya-sinodalnyy-perevod,https://youtu.be/yusul1mC8_s,136,Числа 20,1:33:26,1:37:33,5606,5853,4,635,154,+6,,,,,
,Библия. Синодальный перевод,bibliya-sinodalnyy-perevod,https://youtu.be/yusul1mC8_s,137,Числа 21,1:37:33,1:42:27,5853,6147,5,689,141,-4,,,,,
,Библия. Синодальный перевод,bibliya-sinodalnyy-perevod,https://youtu.be/yusul1mC8_s,138,Числа 22,1:42:27,1:48:34,6147,6514,6,916,150,+3,,,,,
,Библия. Синодальный перевод,bibliya-sinodalnyy-perevod,https://youtu.be/yusul1mC8_s,139,Числа 23,1:48:34,1:52:40,6514,6760,4,605,148,+1,,,,,
,Библия. Синодальный перевод,bibliya-sinodalnyy-perevod,https://youtu.be/yusul1mC8_s,140,Числа 24,1:52:40,1:56:00,6760,6960,3,429,129,-12,,,,,
,Библия. Синодальный перевод,bibliya-sinodalnyy-perevod,https://youtu.be/yusul1mC8_s,141,Числа 25,1:56:00,1:58:18,6960,7098,2,295,128,-12,,,,,
,Библия. Синодальный перевод,bibliya-sinodalnyy-perevod,https://youtu.be/yusul1mC8_s,142,Числа 26,1:58:18,2:05:50,7098,7550,8,941,125,-14,,,,,
,Библия. Синодальный перевод,bibliya-sinodalnyy-perevod,https://youtu.be/yusul1mC8_s,143,Числа 27,2:05:50,2:08:58,7550,7738,3,454,145,-1,,,,,
,Библия. Синодальный перевод,bibliya-sinodalnyy-perevod,https://youtu.be/yusul1mC8_s,144,Числа 28,2:08:58,2:13:14,7738,7994,4,584,137,-6,,,,,
,Библия. Синодальный перевод,bibliya-sinodalnyy-perevod,https://youtu.be/yusul1mC8_s,145,Числа 29,2:13:14,2:18:25,7994,8305,5,718,139,-5,,,,,
,Библия. Синодальный перевод,bibliya-sinodalnyy-perevod,https://youtu.be/yusul1mC8_s,146,Числа 30,2:18:25,2:21:03,8305,8463,3,397,151,+3,,,,,
,Библия. Синодальный перевод,bibliya-sinodalnyy-perevod,https://youtu.be/yusul1mC8_s,147,Числа 31,2:21:03,2:27:13,8463,8833,6,853,138,-5,,,,,
,Библия. Синодальный перевод,bibliya-sinodalnyy-perevod,https://youtu.be/yusul1mC8_s,148,Числа 32,2:27:13,2:32:44,8833,9164,6,794,144,-1,,,,,
,Библия. Синодальный перевод,bibliya-sinodalnyy-perevod,https://youtu.be/yusul1mC8_s,149,Числа 33,2:32:44,2:38:14,9164,9494,6,769,140,-4,,,,,
,Библия. Синодальный перевод,bibliya-sinodalnyy-perevod,https://youtu.be/yusul1mC8_s,150,Числа 34,2:38:14,2:41:14,9494,9674,3,416,139,-5,,,,,
,Библия. Синодальный перевод,bibliya-sinodalnyy-perevod,https://youtu.be/yusul1mC8_s,151,Числа 35,2:41:14,2:46:09,9674,9969,5,718,146,+0,,,,,
FIX,Библия. Синодальный перевод,bibliya-sinodalnyy-perevod,https://youtu.be/yusul1mC8_s,152,Числа 36,2:46:09,2:49:03,9969,10143,3,304,105,-28,too long - it has swallowed part of a neighbour,,,,
,Библия. Синодальный перевод,bibliya-sinodalnyy-perevod,https://youtu.be/n_ci23ZwOGY,153,Второзаконие 1,0:00:08,0:06:21,8,381,6,952,153,+5,,,,,
,Библия. Синодальный перевод,bibliya-sinodalnyy-perevod,https://youtu.be/n_ci23ZwOGY,154,Второзаконие 2,0:06:21,0:11:38,381,698,5,812,154,+5,,,,,
,Библия. Синодальный перевод,bibliya-sinodalnyy-perevod,https://youtu.be/n_ci23ZwOGY,155,Второзаконие 3,0:11:38,0:16:03,698,963,4,658,149,+2,,,,,
,Библия. Синодальный перевод,bibliya-sinodalnyy-perevod,https://youtu.be/n_ci23ZwOGY,156,Второзаконие 4,0:16:03,0:23:55,963,1435,8,1202,153,+5,,,,,
,Библия. Синодальный перевод,bibliya-sinodalnyy-perevod,https://youtu.be/n_ci23ZwOGY,157,Второзаконие 5,0:23:55,0:28:32,1435,1712,5,697,151,+4,,,,,
,Библия. Синодальный перевод,bibliya-sinodalnyy-perevod,https://youtu.be/n_ci23ZwOGY,158,Второзаконие 6,0:28:32,0:32:04,1712,1924,4,479,136,-7,,,,,
,Библия. Синодальный перевод,bibliya-sinodalnyy-perevod,https://youtu.be/n_ci23ZwOGY,159,Второзаконие 7,0:32:04,0:36:22,1924,2182,4,619,144,-1,,,,,
,Библия. Синодальный перевод,bibliya-sinodalnyy-perevod,https://youtu.be/n_ci23ZwOGY,160,Второзаконие 8,0:36:22,0:39:34,2182,2374,3,452,141,-3,,,,,
,Библия. Синодальный перевод,bibliya-sinodalnyy-perevod,https://youtu.be/n_ci23ZwOGY,161,Второзаконие 9,0:39:34,0:44:26,2374,2666,5,688,141,-3,,,,,
,Библия. Синодальный перевод,bibliya-sinodalnyy-perevod,https://youtu.be/n_ci23ZwOGY,162,Второзаконие 10,0:44:26,0:47:40,2666,2860,3,486,150,+3,,,,,
,Библия. Синодальный перевод,bibliya-sinodalnyy-perevod,https://youtu.be/n_ci23ZwOGY,163,Второзаконие 11,0:47:40,0:52:34,2860,3154,5,751,153,+5,,,,,
,Библия. Синодальный перевод,bibliya-sinodalnyy-perevod,https://youtu.be/n_ci23ZwOGY,164,Второзаконие 12,0:52:34,0:58:03,3154,3483,5,762,139,-5,,,,,
FIX,Библия. Синодальный перевод,bibliya-sinodalnyy-perevod,https://youtu.be/n_ci23ZwOGY,165,Второзаконие 13,0:58:03,1:01:14,3483,3674,3,370,116,-20,too long - it has swallowed part of a neighbour,,,,
,Библия. Синодальный перевод,bibliya-sinodalnyy-perevod,https://youtu.be/n_ci23ZwOGY,166,Второзаконие 14,1:01:14,1:04:56,3674,3896,4,548,148,+2,,,,,
,Библия. Синодальный перевод,bibliya-sinodalnyy-perevod,https://youtu.be/n_ci23ZwOGY,167,Второзаконие 15,1:04:56,1:08:40,3896,4120,4,507,136,-7,,,,,
,Библия. Синодальный перевод,bibliya-sinodalnyy-perevod,https://youtu.be/n_ci23ZwOGY,168,Второзаконие 16,1:08:40,1:12:15,4120,4335,4,541,151,+4,,,,,
,Библия. Синодальный перевод,bibliya-sinodalnyy-perevod,https://youtu.be/n_ci23ZwOGY,169,Второзаконие 17,1:12:15,1:15:45,4335,4545,4,463,132,-9,,,,,
,Библия. Синодальный перевод,bibliya-sinodalnyy-perevod,https://youtu.be/n_ci23ZwOGY,170,Второзаконие 18,1:15:45,1:18:45,4545,4725,3,431,144,-1,,,,,
,Библия. Синодальный перевод,bibliya-sinodalnyy-perevod,https://youtu.be/n_ci23ZwOGY,171,Второзаконие 19,1:18:45,1:22:03,4725,4923,3,505,153,+5,,,,,
,Библия. Синодальный перевод,bibliya-sinodalnyy-perevod,https://youtu.be/n_ci23ZwOGY,172,Второзаконие 20,1:22:03,1:25:11,4923,5111,3,488,156,+7,,,,,
,Библия. Синодальный перевод,bibliya-sinodalnyy-perevod,https://youtu.be/n_ci23ZwOGY,173,Второзаконие 21,1:25:11,1:28:37,5111,5317,3,498,145,-1,,,,,
,Библия. Синодальный перевод,bibliya-sinodalnyy-perevod,https://youtu.be/n_ci23ZwOGY,174,Второзаконие 22,1:28:37,1:33:11,5317,5591,5,636,139,-4,,,,,
,Библия. Синодальный перевод,bibliya-sinodalnyy-perevod,https://youtu.be/n_ci23ZwOGY,175,Второзаконие 23,1:33:11,1:36:35,5591,5795,3,520,153,+5,,,,,
,Библия. Синодальный перевод,bibliya-sinodalnyy-perevod,https://youtu.be/n_ci23ZwOGY,176,Второзаконие 24,1:36:35,1:40:02,5795,6002,3,538,156,+7,,,,,
FIX,Библия. Синодальный перевод,bibliya-sinodalnyy-perevod,https://youtu.be/n_ci23ZwOGY,177,Второзаконие 25,1:40:02,1:42:38,6002,6158,3,316,122,-17,too long - it has swallowed part of a neighbour,,,,
,Библия. Синодальный перевод,bibliya-sinodalnyy-perevod,https://youtu.be/n_ci23ZwOGY,178,Второзаконие 26,1:42:38,1:46:00,6158,6360,3,509,151,+4,,,,,
,Библия. Синодальный перевод,bibliya-sinodalnyy-perevod,https://youtu.be/n_ci23ZwOGY,179,Второзаконие 27,1:46:00,1:49:11,6360,6551,3,439,138,-5,,,,,
,Библия. Синодальный перевод,bibliya-sinodalnyy-perevod,https://youtu.be/n_ci23ZwOGY,180,Второзаконие 28,1:49:11,1:59:36,6551,7176,10,1518,146,+0,,,,,
,Библия. Синодальный перевод,bibliya-sinodalnyy-perevod,https://youtu.be/n_ci23ZwOGY,181,Второзаконие 29,1:59:36,2:04:07,7176,7447,5,644,143,-2,,,,,
,Библия. Синодальный перевод,bibliya-sinodalnyy-perevod,https://youtu.be/n_ci23ZwOGY,182,Второзаконие 30,2:04:07,2:07:38,7447,7658,4,472,134,-8,,,,,
,Библия. Синодальный перевод,bibliya-sinodalnyy-perevod,https://youtu.be/n_ci23ZwOGY,183,Второзаконие 31,2:07:38,2:12:40,7658,7960,5,713,142,-3,,,,,
,Библия. Синодальный перевод,bibliya-sinodalnyy-perevod,https://youtu.be/n_ci23ZwOGY,184,Второзаконие 32,2:12:40,2:19:21,7960,8361,7,972,145,+0,,,,,
,Библия. Синодальный перевод,bibliya-sinodalnyy-perevod,https://youtu.be/n_ci23ZwOGY,185,Второзаконие 33,2:19:21,2:23:27,8361,8607,4,523,128,-13,,,,,
FIX,Библия. Синодальный перевод,bibliya-sinodalnyy-perevod,https://youtu.be/n_ci23ZwOGY,186,Второзаконие 34,2:23:27,2:25:50,8607,8750,2,217,91,-38,too long - it has swallowed part of a neighbour,,,,
,Библия. Синодальный перевод,bibliya-sinodalnyy-perevod,https://youtu.be/S56_B0WfEHU,187,Матфея 1,0:00:09,0:03:03,9,183,3,362,125,-14,,,,,
,Библия. Синодальный перевод,bibliya-sinodalnyy-perevod,https://youtu.be/S56_B0WfEHU,188,Матфея 2,0:03:03,0:06:12,183,372,3,434,138,-6,,,,,
,Библия. Синодальный перевод,bibliya-sinodalnyy-perevod,https://youtu.be/S56_B0WfEHU,189,Матфея 3,0:06:12,0:08:20,372,500,2,277,130,-11,,,,,
,Библия. Синодальный перевод,bibliya-sinodalnyy-perevod,https://youtu.be/S56_B0WfEHU,190,Матфея 4,0:08:20,0:11:20,500,680,3,411,137,-6,,,,,
,Библия. Синодальный перевод,bibliya-sinodalnyy-perevod,https://youtu.be/S56_B0WfEHU,191,Матфея 5,0:11:20,0:16:49,680,1009,5,781,142,-2,,,,,
,Библия. Синодальный перевод,bibliya-sinodalnyy-perevod,https://youtu.be/S56_B0WfEHU,192,Матфея 6,0:16:49,0:21:08,1009,1268,4,658,152,+5,,,,,
,Библия. Синодальный перевод,bibliya-sinodalnyy-perevod,https://youtu.be/S56_B0WfEHU,193,Матфея 7,0:21:08,0:24:31,1268,1471,3,451,133,-9,,,,,
,Библия. Синодальный перевод,bibliya-sinodalnyy-perevod,https://youtu.be/S56_B0WfEHU,194,Матфея 8,0:24:31,0:28:31,1471,1711,4,585,146,+0,,,,,
,Библия. Синодальный перевод,bibliya-sinodalnyy-perevod,https://youtu.be/S56_B0WfEHU,195,Матфея 9,0:28:31,0:33:02,1711,1982,5,657,145,+0,,,,,
,Библия. Синодальный перевод,bibliya-sinodalnyy-perevod,https://youtu.be/S56_B0WfEHU,196,Матфея 10,0:33:02,0:37:46,1982,2266,5,713,151,+3,,,,,
,Библия. Синодальный перевод,bibliya-sinodalnyy-perevod,https://youtu.be/S56_B0WfEHU,197,Матфея 11,0:37:46,0:41:32,2266,2492,4,500,133,-9,,,,,
,Библия. Синодальный перевод,bibliya-sinodalnyy-perevod,https://youtu.be/S56_B0WfEHU,198,Матфея 12,0:41:32,0:47:18,2492,2838,6,870,151,+3,,,,,
,Библия. Синодальный перевод,bibliya-sinodalnyy-perevod,https://youtu.be/S56_B0WfEHU,199,Матфея 13,0:47:18,0:54:09,2838,3249,7,1008,147,+1,,,,,
,Библия. Синодальный перевод,bibliya-sinodalnyy-perevod,https://youtu.be/S56_B0WfEHU,200,Матфея 14,0:54:09,0:57:51,3249,3471,4,536,145,-1,,,,,
,Библия. Синодальный перевод,bibliya-sinodalnyy-perevod,https://youtu.be/S56_B0WfEHU,201,Матфея 15,0:57:51,1:02:03,3471,3723,4,594,141,-3,,,,,
,Библия. Синодальный перевод,bibliya-sinodalnyy-perevod,https://youtu.be/S56_B0WfEHU,202,Матфея 16,1:02:03,1:05:37,3723,3937,4,512,144,-2,,,,,
,Библия. Синодальный перевод,bibliya-sinodalnyy-perevod,https://youtu.be/S56_B0WfEHU,203,Матфея 17,1:05:37,1:09:08,3937,4148,4,466,133,-9,,,,,
,Библия. Синодальный перевод,bibliya-sinodalnyy-perevod,https://youtu.be/S56_B0WfEHU,204,Матфея 18,1:09:08,1:13:36,4148,4416,4,674,151,+3,,,,,
,Библия. Синодальный перевод,bibliya-sinodalnyy-perevod,https://youtu.be/S56_B0WfEHU,205,Матфея 19,1:13:36,1:17:27,4416,4647,4,549,143,-2,,,,,
,Библия. Синодальный перевод,bibliya-sinodalnyy-perevod,https://youtu.be/S56_B0WfEHU,206,Матфея 20,1:17:27,1:21:24,4647,4884,4,587,149,+2,,,,,
,Библия. Синодальный перевод,bibliya-sinodalnyy-perevod,https://youtu.be/S56_B0WfEHU,207,Матфея 21,1:21:24,1:27:23,4884,5243,6,854,143,-2,,,,,
,Библия. Синодальный перевод,bibliya-sinodalnyy-perevod,https://youtu.be/S56_B0WfEHU,208,Матфея 22,1:27:23,1:31:48,5243,5508,4,631,143,-2,,,,,
,Библия. Синодальный перевод,bibliya-sinodalnyy-perevod,https://youtu.be/S56_B0WfEHU,209,Матфея 23,1:31:48,1:36:27,5508,5787,5,634,136,-6,,,,,
,Библия. Синодальный перевод,bibliya-sinodalnyy-perevod,https://youtu.be/S56_B0WfEHU,210,Матфея 24,1:36:27,1:41:38,5787,6098,5,755,146,+0,,,,,
,Библия. Синодальный перевод,bibliya-sinodalnyy-perevod,https://youtu.be/S56_B0WfEHU,211,Матфея 25,1:41:39,1:46:58,6099,6418,5,791,149,+2,,,,,
,Библия. Синодальный перевод,bibliya-sinodalnyy-perevod,https://youtu.be/S56_B0WfEHU,212,Матфея 26,1:46:58,1:55:23,6418,6923,8,1234,147,+1,,,,,
,Библия. Синодальный перевод,bibliya-sinodalnyy-perevod,https://youtu.be/S56_B0WfEHU,213,Матфея 27,1:55:23,2:02:26,6923,7346,7,970,138,-6,,,,,
,Библия. Синодальный перевод,bibliya-sinodalnyy-perevod,https://youtu.be/S56_B0WfEHU,214,Матфея 28,2:02:26,2:04:47,7346,7487,2,331,141,-3,,,,,
,Библия. Синодальный перевод,bibliya-sinodalnyy-perevod,https://youtu.be/yC3QCWB5cgo,215,Марка 1,0:00:10,0:04:59,10,299,5,703,146,+0,,,,,
,Библия. Синодальный перевод,bibliya-sinodalnyy-perevod,https://youtu.be/yC3QCWB5cgo,216,Марка 2,0:04:59,0:08:32,299,512,4,521,147,+1,,,,,
,Библия. Синодальный перевод,bibliya-sinodalnyy-perevod,https://youtu.be/yC3QCWB5cgo,217,Марка 3,0:08:32,0:12:07,512,727,4,513,143,-2,,,,,
,Библия. Синодальный перевод,bibliya-sinodalnyy-perevod,https://youtu.be/yC3QCWB5cgo,218,Марка 4,0:12:07,0:16:39,727,999,5,676,149,+2,,,,,
,Библия. Синодальный перевод,bibliya-sinodalnyy-perevod,https://youtu.be/yC3QCWB5cgo,219,Марка 5,0:16:39,0:21:19,999,1279,5,693,148,+2,,,,,
,Библия. Синодальный перевод,bibliya-sinodalnyy-perevod,https://youtu.be/yC3QCWB5cgo,220,Марка 6,0:21:19,0:27:53,1279,1673,7,986,150,+3,,,,,
,Библия. Синодальный перевод,bibliya-sinodalnyy-perevod,https://youtu.be/yC3QCWB5cgo,221,Марка 7,0:27:53,0:32:06,1673,1926,4,577,137,-6,,,,,
,Библия. Синодальный перевод,bibliya-sinodalnyy-perevod,https://youtu.be/yC3QCWB5cgo,222,Марка 8,0:32:06,0:36:27,1926,2187,4,639,147,+1,,,,,
,Библия. Синодальный перевод,bibliya-sinodalnyy-perevod,https://youtu.be/yC3QCWB5cgo,223,Марка 9,0:36:27,0:42:29,2187,2549,6,895,148,+2,,,,,
,Библия. Синодальный перевод,bibliya-sinodalnyy-perevod,https://youtu.be/yC3QCWB5cgo,224,Марка 10,0:42:29,0:48:43,2549,2923,6,918,147,+1,,,,,
,Библия. Синодальный перевод,bibliya-sinodalnyy-perevod,https://youtu.be/yC3QCWB5cgo,225,Марка 11,0:48:43,0:52:47,2923,3167,4,579,142,-2,,,,,
,Библия. Синодальный перевод,bibliya-sinodalnyy-perevod,https://youtu.be/yC3QCWB5cgo,226,Марка 12,0:52:47,0:58:25,3167,3505,6,785,139,-4,,,,,
,Библия. Синодальный перевод,bibliya-sinodalnyy-perevod,https://youtu.be/yC3QCWB5cgo,227,Марка 13,0:58:25,1:02:30,3505,3750,4,615,151,+3,,,,,
,Библия. Синодальный перевод,bibliya-sinodalnyy-perevod,https://youtu.be/yC3QCWB5cgo,228,Марка 14,1:02:30,1:10:41,3750,4241,8,1191,146,+0,,,,,
,Библия. Синодальный перевод,bibliya-sinodalnyy-perevod,https://youtu.be/yC3QCWB5cgo,229,Марка 15,1:10:41,1:15:31,4241,4531,5,680,141,-4,,,,,
FIX,Библия. Синодальный перевод,bibliya-sinodalnyy-perevod,https://youtu.be/yC3QCWB5cgo,230,Марка 16,1:15:31,1:18:24,4531,4704,3,321,111,-24,too long - it has swallowed part of a neighbour,,,,
,Библия. Синодальный перевод,bibliya-sinodalnyy-perevod,https://youtu.be/b9q-JZnFR4U,231,Луки 1,0:00:10,0:07:58,10,478,8,1139,146,+0,,,,,
,Библия. Синодальный перевод,bibliya-sinodalnyy-perevod,https://youtu.be/b9q-JZnFR4U,232,Луки 2,0:07:58,0:13:26,478,806,5,802,147,+1,,,,,
,Библия. Синодальный перевод,bibliya-sinodalnyy-perevod,https://youtu.be/b9q-JZnFR4U,233,Луки 3,0:13:26,0:17:26,806,1046,4,499,125,-14,,,,,
,Библия. Синодальный перевод,bibliya-sinodalnyy-perevod,https://youtu.be/b9q-JZnFR4U,234,Луки 4,0:17:26,0:22:30,1046,1350,5,745,147,+1,,,,,
,Библия. Синодальный перевод,bibliya-sinodalnyy-perevod,https://youtu.be/b9q-JZnFR4U,235,Луки 5,0:22:30,0:27:25,1350,1645,5,724,147,+1,,,,,
,Библия. Синодальный перевод,bibliya-sinodalnyy-perevod,https://youtu.be/b9q-JZnFR4U,236,Луки 6,0:27:25,0:33:54,1645,2034,6,920,142,-3,,,,,
,Библия. Синодальный перевод,bibliya-sinodalnyy-perevod,https://youtu.be/b9q-JZnFR4U,237,Луки 7,0:33:54,0:40:08,2034,2408,6,912,146,+0,,,,,
,Библия. Синодальный перевод,bibliya-sinodalnyy-perevod,https://youtu.be/b9q-JZnFR4U,238,Луки 8,0:40:08,0:47:30,2408,2850,7,1082,147,+1,,,,,
,Библия. Синодальный перевод,bibliya-sinodalnyy-perevod,https://youtu.be/b9q-JZnFR4U,239,Луки 9,0:47:30,0:55:16,2850,3316,8,1148,148,+1,,,,,
,Библия. Синодальный перевод,bibliya-sinodalnyy-perevod,https://youtu.be/b9q-JZnFR4U,240,Луки 10,0:55:16,1:00:31,3316,3631,5,766,146,+0,,,,,
,Библия. Синодальный перевод,bibliya-sinodalnyy-perevod,https://youtu.be/b9q-JZnFR4U,241,Луки 11,1:00:31,1:07:22,3631,4042,7,1010,147,+1,,,,,
,Библия. Синодальный перевод,bibliya-sinodalnyy-perevod,https://youtu.be/b9q-JZnFR4U,242,Луки 12,1:07:22,1:14:22,4042,4462,7,1049,150,+3,,,,,
,Библия. Синодальный перевод,bibliya-sinodalnyy-perevod,https://youtu.be/b9q-JZnFR4U,243,Луки 13,1:14:22,1:18:48,4462,4728,4,648,146,+0,,,,,
,Библия. Синодальный перевод,bibliya-sinodalnyy-perevod,https://youtu.be/b9q-JZnFR4U,244,Луки 14,1:18:48,1:22:56,4728,4976,4,615,149,+2,,,,,
,Библия. Синодальный перевод,bibliya-sinodalnyy-perevod,https://youtu.be/b9q-JZnFR4U,245,Луки 15,1:22:56,1:26:39,4976,5199,4,552,149,+2,,,,,
,Библия. Синодальный перевод,bibliya-sinodalnyy-perevod,https://youtu.be/b9q-JZnFR4U,246,Луки 16,1:26:39,1:30:42,5199,5442,4,575,142,-3,,,,,
,Библия. Синодальный перевод,bibliya-sinodalnyy-perevod,https://youtu.be/b9q-JZnFR4U,247,Луки 17,1:30:42,1:34:40,5442,5680,4,583,147,+1,,,,,
,Библия. Синодальный перевод,bibliya-sinodalnyy-perevod,https://youtu.be/b9q-JZnFR4U,248,Луки 18,1:34:40,1:39:22,5680,5962,5,680,145,-1,,,,,
,Библия. Синодальный перевод,bibliya-sinodalnyy-perevod,https://youtu.be/b9q-JZnFR4U,249,Луки 19,1:39:22,1:44:33,5962,6273,5,760,147,+1,,,,,
,Библия. Синодальный перевод,bibliya-sinodalnyy-perevod,https://youtu.be/b9q-JZnFR4U,250,Луки 20,1:44:33,1:49:28,6273,6568,5,709,144,-1,,,,,
,Библия. Синодальный перевод,bibliya-sinodalnyy-perevod,https://youtu.be/b9q-JZnFR4U,251,Луки 21,1:49:28,1:53:28,6568,6808,4,587,147,+1,,,,,
,Библия. Синодальный перевод,bibliya-sinodalnyy-perevod,https://youtu.be/b9q-JZnFR4U,252,Луки 22,1:53:28,2:00:46,6808,7246,7,1096,150,+3,,,,,
,Библия. Синодальный перевод,bibliya-sinodalnyy-perevod,https://youtu.be/b9q-JZnFR4U,253,Луки 23,2:00:46,2:06:42,7246,7602,6,859,145,-1,,,,,
,Библия. Синодальный перевод,bibliya-sinodalnyy-perevod,https://youtu.be/b9q-JZnFR4U,254,Луки 24,2:06:42,2:12:41,7602,7961,6,843,141,-3,,,,,
,Библия. Синодальный перевод,bibliya-sinodalnyy-perevod,https://youtu.be/g5vlG96pflA,255,Иоанна 1,0:00:10,0:05:38,10,338,5,812,149,+2,,,,,
,Библия. Синодальный перевод,bibliya-sinodalnyy-perevod,https://youtu.be/g5vlG96pflA,256,Иоанна 2,0:05:38,0:08:22,338,502,3,402,147,+1,,,,,
,Библия. Синодальный перевод,bibliya-sinodalnyy-perevod,https://youtu.be/g5vlG96pflA,257,Иоанна 3,0:08:22,0:12:31,502,751,4,637,153,+5,,,,,
,Библия. Синодальный перевод,bibliya-sinodalnyy-perevod,https://youtu.be/g5vlG96pflA,258,Иоанна 4,0:12:31,0:18:32,751,1112,6,904,150,+3,,,,,
,Библия. Синодальный перевод,bibliya-sinodalnyy-perevod,https://youtu.be/g5vlG96pflA,259,Иоанна 5,0:18:32,0:23:52,1112,1432,5,806,151,+4,,,,,
,Библия. Синодальный перевод,bibliya-sinodalnyy-perevod,https://youtu.be/g5vlG96pflA,260,Иоанна 6,0:23:52,0:31:34,1432,1894,8,1180,153,+5,,,,,
,Библия. Синодальный перевод,bibliya-sinodalnyy-perevod,https://youtu.be/g5vlG96pflA,261,Иоанна 7,0:31:34,0:37:01,1894,2221,5,855,157,+8,,,,,
,Библия. Синодальный перевод,bibliya-sinodalnyy-perevod,https://youtu.be/g5vlG96pflA,262,Иоанна 8,0:37:01,0:44:06,2221,2646,7,1062,150,+3,,,,,
,Библия. Синодальный перевод,bibliya-sinodalnyy-perevod,https://youtu.be/g5vlG96pflA,263,Иоанна 9,0:44:06,0:48:39,2646,2919,5,692,152,+4,,,,,
,Библия. Синодальный перевод,bibliya-sinodalnyy-perevod,https://youtu.be/g5vlG96pflA,264,Иоанна 10,0:48:39,0:53:03,2919,3183,4,681,155,+6,,,,,
,Библия. Синодальный перевод,bibliya-sinodalnyy-perevod,https://youtu.be/g5vlG96pflA,265,Иоанна 11,0:53:03,0:59:03,3183,3543,6,899,150,+3,,,,,
,Библия. Синодальный перевод,bibliya-sinodalnyy-perevod,https://youtu.be/g5vlG96pflA,266,Иоанна 12,0:59:03,1:04:41,3543,3881,6,836,148,+2,,,,,
,Библия. Синодальный перевод,bibliya-sinodalnyy-perevod,https://youtu.be/g5vlG96pflA,267,Иоанна 13,1:04:41,1:09:05,3881,4145,4,655,149,+2,,,,,
,Библия. Синодальный перевод,bibliya-sinodalnyy-perevod,https://youtu.be/g5vlG96pflA,268,Иоанна 14,1:09:05,1:12:42,4145,4362,4,594,164,+13,,,,,
,Библия. Синодальный перевод,bibliya-sinodalnyy-perevod,https://youtu.be/g5vlG96pflA,269,Иоанна 15,1:12:42,1:15:54,4362,4554,3,500,156,+7,,,,,
,Библия. Синодальный перевод,bibliya-sinodalnyy-perevod,https://youtu.be/g5vlG96pflA,270,Иоанна 16,1:15:54,1:19:41,4554,4781,4,597,158,+8,,,,,
FIX,Библия. Синодальный перевод,bibliya-sinodalnyy-perevod,https://youtu.be/g5vlG96pflA,271,Иоанна 17,1:19:41,1:22:44,4781,4964,3,518,170,+16,too short for its text - starts too late or ends too early,,,,
,Библия. Синодальный перевод,bibliya-sinodalnyy-perevod,https://youtu.be/g5vlG96pflA,272,Иоанна 18,1:22:44,1:27:46,4964,5266,5,731,145,+0,,,,,
,Библия. Синодальный перевод,bibliya-sinodalnyy-perevod,https://youtu.be/g5vlG96pflA,273,Иоанна 19,1:27:46,1:33:08,5266,5588,5,772,144,-1,,,,,
,Библия. Синодальный перевод,bibliya-sinodalnyy-perevod,https://youtu.be/g5vlG96pflA,274,Иоанна 20,1:33:08,1:37:03,5588,5823,4,584,149,+2,,,,,
FIX,Библия. Синодальный перевод,bibliya-sinodalnyy-perevod,https://youtu.be/g5vlG96pflA,275,Иоанна 21,1:37:03,1:41:29,5823,6089,4,549,124,-15,too long - it has swallowed part of a neighbour,,,,
,Яма,yama,https://youtu.be/JnsE7Acq8lo,0,Глава 1,0:00:32,0:11:05,32,665,11,955,91,-13,,,,,
,Яма,yama,https://youtu.be/YhfjI8LWF3Y,1,Глава 2,0:01:11,0:17:38,71,1058,16,1701,103,-1,,,,,
,Яма,yama,https://youtu.be/sp07o_FwU78,2,Глава 3,0:00:05,0:22:51,5,1371,23,2294,101,-3,,,,,
,Яма,yama,https://youtu.be/ciOJ6bo8YkU,3,Глава 4,0:00:05,0:12:14,5,734,12,1229,101,-3,,,,,
,Яма,yama,https://youtu.be/ugk5n9zFSSQ,4,Глава 5,0:00:05,0:22:20,5,1340,22,2315,104,+0,,,,,
,Яма,yama,https://youtu.be/BZ_d3s3ZJ1Y,5,Глава 6,0:00:04,0:19:40,4,1180,20,2111,108,+3,,,,,
,Яма,yama,https://youtu.be/UVZcpMyANZA,6,Глава 7,0:00:04,0:13:50,4,830,14,1404,102,-2,,,,,
,Яма,yama,https://youtu.be/eLnsm8AGV24,7,Глава 8,0:01:09,0:27:47,69,1667,27,2968,111,+7,,,,,
,Яма,yama,https://youtu.be/osq68mZPY1c,8,Глава 9,0:00:05,0:47:23,5,2843,47,4930,104,+0,,,,,
,Яма,yama,https://youtu.be/Q1DbP6sBkdk,9,Глава 10,0:00:04,0:18:46,4,1126,19,2034,109,+4,,,,,
CHECK,Яма,yama,https://youtu.be/PrmuLxzEyOA,10,Глава 11,0:00:04,0:00:48,4,48,1,60,82,-21,too long - it has swallowed part of a neighbour,,,,
,Яма,yama,https://youtu.be/PrmuLxzEyOA,11,Глава 12,0:00:48,0:44:23,48,2663,44,4238,97,-7,,,,,
,Яма,yama,https://youtu.be/2P7GcYTV8N0,12,Глава 13,0:00:04,0:22:20,4,1340,22,2351,106,+1,,,,,
,Яма,yama,https://youtu.be/WG-qrWjnoUk,13,Глава 14,0:01:08,0:15:07,68,907,14,1297,93,-11,,,,,
,Яма,yama,https://youtu.be/1VIqbOmCD8Y,14,Глава 15,0:00:06,0:32:30,6,1950,32,3344,103,-1,,,,,
CHECK,Яма,yama,https://youtu.be/HOlVMJc59DI,15,Глава 16,0:04:13,0:16:51,253,1011,13,1694,134,+29,too short for its text - starts too late or ends too early,,,,
,Яма,yama,https://youtu.be/D-38Jzvj3Z8,16,Глава 17,0:00:04,0:09:32,4,572,9,1013,107,+3,,,,,
,Яма,yama,https://youtu.be/rEaE9g-ToZA,17,Глава 18,0:00:04,0:04:04,4,244,4,396,99,-5,,,,,
,Яма,yama,https://youtu.be/LwA63030bYA,18,Глава 19,0:00:04,0:20:16,4,1216,20,2003,99,-5,,,,,
,Яма,yama,https://youtu.be/-el0TmBSG4o,19,Глава 20,0:00:04,0:26:40,4,1600,27,2808,106,+1,,,,,
,Яма,yama,https://youtu.be/pOe9G3OjDQ0,20,Глава 21,0:00:04,0:18:09,4,1089,18,1839,102,-2,,,,,
,Яма,yama,https://youtu.be/uxdIZznyiH0,21,Глава 22,0:00:04,0:09:10,4,550,9,894,98,-6,,,,,
,Яма,yama,https://youtu.be/LmnnHO1lYac,22,Глава 23,0:00:04,0:17:14,4,1034,17,1787,104,+0,,,,,
,Яма,yama,https://youtu.be/zpZJ_Qk-AXw,23,Глава 24,0:00:05,0:23:04,5,1384,23,2192,95,-8,,,,,
,Яма,yama,https://youtu.be/VdnFbhLPclI,24,Глава 25,0:00:04,0:10:51,4,651,11,1074,100,-4,,,,,
,Яма,yama,https://youtu.be/AuD8t8nEczM,25,Глава 26,0:00:51,0:27:13,51,1633,26,2850,108,+4,,,,,
,Яма,yama,https://youtu.be/r0ql1PbQEok,26,Глава 27,0:00:03,0:30:55,3,1855,31,3446,112,+7,,,,,
,Яма,yama,https://youtu.be/v8vRmqcxGM4,27,Глава 28,0:00:02,0:38:25,2,2305,38,4190,109,+5,,,,,
,Яма,yama,https://youtu.be/tWs7gUuc5Kg,28,Глава 29,0:01:04,0:35:05,64,2105,34,3562,105,+1,,,,,
,Яма,yama,https://youtu.be/8Y96K7i4voQ,29,Глава 30,0:00:04,0:29:40,4,1780,30,3153,107,+2,,,,,
,Яма,yama,https://youtu.be/W9ZdXL-jnKs,30,Глава 31,0:00:23,0:15:12,23,912,15,1634,110,+6,,,,,
,Яма,yama,https://youtu.be/sTnCjkR3rHk,31,Глава 32,0:00:04,0:20:28,4,1228,20,2059,101,-3,,,,,
,Яма,yama,https://youtu.be/Ef85XUcMGGw,32,Глава 33,0:00:04,0:51:27,4,3087,51,5521,107,+3,,,,,
,Яма,yama,https://youtu.be/k00_vLgUBUw,33,Глава 34,0:00:04,0:36:53,4,2213,37,4061,110,+6,,,,,
,Яма,yama,https://youtu.be/ibtGQ8hM6mk,34,Глава 35,0:00:04,0:23:57,4,1437,24,2517,105,+1,,,,,
,Яма,yama,https://youtu.be/uKEs4E9USK0,35,Глава 36,0:00:02,0:29:49,2,1789,30,3131,105,+1,,,,,
,Яма,yama,https://youtu.be/1XdJT7M97HM,36,Глава 37,0:00:28,0:27:19,28,1639,27,2819,105,+1,,,,,
,Яма,yama,https://youtu.be/rf3VYJnc-4Y,37,Глава 38,0:00:03,0:27:06,3,1626,27,2522,93,-10,,,,,
,Яма,yama,https://youtu.be/mwtymqwKgPY,38,Глава 39,0:00:03,0:24:49,3,1489,25,2302,93,-11,,,,,
CHECK,Красный смех,krasnyy-smekh,https://youtu.be/Io5The4PKHE,0,Глава 1,0:00:32,0:14:06,32,846,14,1179,87,-22,too long - it has swallowed part of a neighbour,,,,
CHECK,Красный смех,krasnyy-smekh,https://youtu.be/Io5The4PKHE,1,Глава 2,0:14:06,0:21:16,846,1276,7,1009,141,+27,too short for its text - starts too late or ends too early,,,,
,Красный смех,krasnyy-smekh,https://youtu.be/Io5The4PKHE,2,Глава 3,0:21:16,0:21:33,1276,1293,0,28,99,-11,,,,,
,Красный смех,krasnyy-smekh,https://youtu.be/Io5The4PKHE,3,Глава 4,0:21:33,0:37:59,1293,2279,16,1773,108,-3,,,,,
,Красный смех,krasnyy-smekh,https://youtu.be/Io5The4PKHE,4,Глава 5,0:37:59,0:57:35,2279,3455,20,2225,114,+2,,,,,
,Красный смех,krasnyy-smekh,https://youtu.be/Io5The4PKHE,5,Глава 6,0:57:35,1:12:58,3455,4378,15,1680,109,-1,,,,,
CHECK,Красный смех,krasnyy-smekh,https://youtu.be/Io5The4PKHE,6,Глава 7,1:12:58,1:13:55,4378,4435,1,42,44,-60,too long - it has swallowed part of a neighbour,,,,
,Красный смех,krasnyy-smekh,https://youtu.be/Io5The4PKHE,7,Глава 8,1:13:55,1:20:57,4435,4857,7,893,127,+15,,,,,
,Красный смех,krasnyy-smekh,https://youtu.be/Io5The4PKHE,8,Глава 9,1:20:57,1:34:56,4857,5696,14,1545,110,+0,,,,,
,Красный смех,krasnyy-smekh,https://youtu.be/Io5The4PKHE,9,Глава 10,1:34:56,1:43:52,5696,6232,9,1003,112,+1,,,,,
,Красный смех,krasnyy-smekh,https://youtu.be/Io5The4PKHE,10,Глава 11,1:43:52,1:47:11,6232,6431,3,410,124,+12,,,,,
,Красный смех,krasnyy-smekh,https://youtu.be/Io5The4PKHE,11,Глава 12,1:47:11,1:52:45,6431,6765,6,526,94,-15,,,,,
,Красный смех,krasnyy-smekh,https://youtu.be/Io5The4PKHE,12,Глава 13,1:52:45,1:55:37,6765,6937,3,356,124,+12,,,,,
,Красный смех,krasnyy-smekh,https://youtu.be/Io5The4PKHE,13,Отрывок четырнадцатый,1:55:37,2:02:10,6937,7330,7,728,111,+0,,,,,
,Красный смех,krasnyy-smekh,https://youtu.be/Io5The4PKHE,14,Глава 14,2:02:10,2:09:49,7330,7789,8,765,100,-10,,,,,
,Красный смех,krasnyy-smekh,https://youtu.be/Io5The4PKHE,15,Глава 15,2:09:49,2:21:19,7789,8479,12,1267,110,-1,,,,,
CHECK,Красный смех,krasnyy-smekh,https://youtu.be/Io5The4PKHE,16,Глава 16,2:21:19,2:21:29,8479,8489,0,8,48,-57,too long - it has swallowed part of a neighbour,,,,
,Красный смех,krasnyy-smekh,https://youtu.be/Io5The4PKHE,17,Глава 17,2:21:29,2:31:15,8489,9075,10,1074,110,-1,,,,,
,Красный смех,krasnyy-smekh,https://youtu.be/Io5The4PKHE,18,Глава 18,2:31:15,2:47:34,9075,10054,16,1844,113,+2,,,,,
,Юность,yunost,https://youtu.be/BOIXjt-_2UI,0,Глава 1,0:00:14,0:03:34,14,214,3,360,108,-6,,,,,
,Юность,yunost,https://youtu.be/BOIXjt-_2UI,1,Глава 2,0:03:34,0:12:22,214,742,9,882,100,-13,,,,,
,Юность,yunost,https://youtu.be/BOIXjt-_2UI,2,Глава 3,0:12:22,0:21:08,742,1268,9,1046,119,+4,,,,,
,Юность,yunost,https://youtu.be/BOIXjt-_2UI,3,Глава 4,0:21:08,0:32:08,1268,1928,11,1229,112,-3,,,,,
,Юность,yunost,https://youtu.be/BOIXjt-_2UI,4,Глава 5,0:32:08,0:36:23,1928,2183,4,512,120,+5,,,,,
,Юность,yunost,https://youtu.be/BOIXjt-_2UI,5,Глава 6,0:36:23,0:40:42,2183,2442,4,472,109,-5,,,,,
,Юность,yunost,https://youtu.be/BOIXjt-_2UI,6,Глава 7,0:40:42,0:48:21,2442,2901,8,823,108,-6,,,,,
,Юность,yunost,https://youtu.be/BOIXjt-_2UI,7,Глава 8,0:48:21,0:54:36,2901,3276,6,732,117,+2,,,,,
CHECK,Юность,yunost,https://youtu.be/BOIXjt-_2UI,8,Глава 9,0:54:36,1:02:54,3276,3774,8,696,84,-27,too long - it has swallowed part of a neighbour,,,,
CHECK,Юность,yunost,https://youtu.be/BOIXjt-_2UI,9,Глава 10,1:02:54,1:12:38,3774,4358,10,1349,139,+21,too short for its text - starts too late or ends too early,,,,
,Юность,yunost,https://youtu.be/BOIXjt-_2UI,10,Глава 11,1:12:38,1:20:07,4358,4807,7,843,113,-2,,,,,
,Юность,yunost,https://youtu.be/BOIXjt-_2UI,11,Глава 12,1:20:07,1:29:56,4807,5396,10,1029,105,-9,,,,,
,Юность,yunost,https://youtu.be/BOIXjt-_2UI,12,Глава 13,1:29:56,1:42:15,5396,6135,12,1371,111,-3,,,,,
,Юность,yunost,https://youtu.be/BOIXjt-_2UI,13,Глава 14,1:42:15,1:51:55,6135,6715,10,1089,113,-2,,,,,
,Юность,yunost,https://youtu.be/BOIXjt-_2UI,14,Глава 15,1:51:55,2:00:33,6715,7233,9,1070,124,+8,,,,,
,Юность,yunost,https://youtu.be/BOIXjt-_2UI,15,Глава 16,2:00:33,2:12:41,7233,7961,12,1379,114,-1,,,,,
,Юность,yunost,https://youtu.be/BOIXjt-_2UI,16,Глава 17,2:12:41,2:21:09,7961,8469,8,1034,122,+6,,,,,
,Юность,yunost,https://youtu.be/BOIXjt-_2UI,17,Глава 18,2:21:09,2:32:32,8469,9152,11,1414,124,+8,,,,,
,Юность,yunost,https://youtu.be/BOIXjt-_2UI,18,Глава 19,2:32:32,2:39:52,9152,9592,7,841,115,+0,,,,,
,Юность,yunost,https://youtu.be/BOIXjt-_2UI,19,Глава 20,2:39:52,2:48:46,9592,10126,9,1106,124,+8,,,,,
,Юность,yunost,https://youtu.be/BOIXjt-_2UI,20,Глава 21,2:48:46,2:55:20,10126,10520,7,842,128,+12,,,,,
,Юность,yunost,https://youtu.be/BOIXjt-_2UI,21,Глава 22,2:55:20,3:07:34,10520,11254,12,1432,117,+2,,,,,
,Юность,yunost,https://youtu.be/BOIXjt-_2UI,22,Глава 23,3:07:34,3:20:35,11254,12035,13,1492,115,+0,,,,,
,Юность,yunost,https://youtu.be/BOIXjt-_2UI,23,Глава 24,3:20:35,3:34:18,12035,12858,14,1357,99,-14,,,,,
CHECK,Юность,yunost,https://youtu.be/BOIXjt-_2UI,24,Глава 25,3:34:18,3:47:48,12858,13668,14,1215,90,-22,too long - it has swallowed part of a neighbour,,,,
,Юность,yunost,https://youtu.be/BOIXjt-_2UI,25,Глава 26,3:47:48,3:57:24,13668,14244,10,1219,127,+11,,,,,
CHECK,Юность,yunost,https://youtu.be/BOIXjt-_2UI,26,Глава 27,3:57:24,4:07:49,14244,14869,10,1419,136,+19,too short for its text - starts too late or ends too early,,,,
,Юность,yunost,https://youtu.be/BOIXjt-_2UI,27,Глава 28,4:07:49,4:19:18,14869,15558,11,1277,111,-3,,,,,
,Юность,yunost,https://youtu.be/BOIXjt-_2UI,28,Глава 29,4:19:18,4:31:10,15558,16270,12,1273,107,-7,,,,,
,Юность,yunost,https://youtu.be/BOIXjt-_2UI,29,Глава 30,4:31:10,4:41:59,16270,16919,11,1114,103,-10,,,,,
,Юность,yunost,https://youtu.be/BOIXjt-_2UI,30,Глава 31,4:41:59,4:50:22,16919,17422,8,967,115,+0,,,,,
,Юность,yunost,https://youtu.be/BOIXjt-_2UI,31,Глава 32,4:50:22,5:07:13,17422,18433,17,1710,101,-12,,,,,
,Юность,yunost,https://youtu.be/BOIXjt-_2UI,32,Глава 33,5:07:13,5:18:40,18433,19120,11,1214,106,-8,,,,,
,Юность,yunost,https://youtu.be/BOIXjt-_2UI,33,Глава 34,5:18:40,5:27:35,19120,19655,9,970,109,-5,,,,,
,Юность,yunost,https://youtu.be/BOIXjt-_2UI,34,Глава 35,5:27:35,5:39:27,19655,20367,12,1390,117,+2,,,,,
,Юность,yunost,https://youtu.be/BOIXjt-_2UI,35,Глава 36,5:39:27,5:51:14,20367,21074,12,1354,115,+0,,,,,
,Юность,yunost,https://youtu.be/BOIXjt-_2UI,36,Глава 37,5:51:14,5:56:57,21074,21417,6,700,122,+7,,,,,
,Юность,yunost,https://youtu.be/BOIXjt-_2UI,37,Глава 38,5:56:57,6:03:20,21417,21800,6,777,122,+6,,,,,
,Юность,yunost,https://youtu.be/BOIXjt-_2UI,38,Глава 39,6:03:20,6:13:44,21800,22424,10,1237,119,+4,,,,,
,Юность,yunost,https://youtu.be/BOIXjt-_2UI,39,Глава 40,6:13:44,6:22:31,22424,22951,9,1089,124,+8,,,,,
,Юность,yunost,https://youtu.be/BOIXjt-_2UI,40,Глава 41,6:22:31,6:33:18,22951,23598,11,1277,118,+3,,,,,
,Юность,yunost,https://youtu.be/BOIXjt-_2UI,41,Глава 42,6:33:18,6:47:24,23598,24444,14,1541,109,-5,,,,,
,Юность,yunost,https://youtu.be/BOIXjt-_2UI,42,Глава 43,6:47:24,7:03:38,24444,25418,16,1919,118,+3,,,,,
,Юность,yunost,https://youtu.be/BOIXjt-_2UI,43,Глава 44,7:03:38,7:16:39,25418,26199,13,1558,120,+4,,,,,
,Юность,yunost,https://youtu.be/BOIXjt-_2UI,44,Глава 45,7:16:39,7:24:49,26199,26689,8,998,122,+6,,,,,
,Тарас Бульба,taras-bulba,https://youtu.be/CJMvJ8av-fk,0,Глава 1,0:00:51,0:30:12,51,1812,29,3486,119,+5,,,,,
CHECK,Тарас Бульба,taras-bulba,https://youtu.be/CJMvJ8av-fk,1,Глава 2,0:30:12,1:04:10,1812,3850,34,3117,92,-19,too long - it has swallowed part of a neighbour,,,,
CHECK,Тарас Бульба,taras-bulba,https://youtu.be/CJMvJ8av-fk,2,Глава 3,1:04:10,1:21:43,3850,4903,18,2495,142,+26,too short for its text - starts too late or ends too early,,,,
,Тарас Бульба,taras-bulba,https://youtu.be/CJMvJ8av-fk,3,Глава 4,1:21:43,1:45:11,4903,6311,23,2697,115,+2,,,,,
,Тарас Бульба,taras-bulba,https://youtu.be/CJMvJ8av-fk,4,Глава 5,1:45:11,2:15:23,6311,8123,30,3408,113,+0,,,,,
,Тарас Бульба,taras-bulba,https://youtu.be/CJMvJ8av-fk,5,Глава 6,2:15:23,2:51:58,8123,10318,37,3761,103,-9,,,,,
,Тарас Бульба,taras-bulba,https://youtu.be/CJMvJ8av-fk,6,Глава 7,2:51:58,3:30:05,10318,12605,38,4273,112,-1,,,,,
,Тарас Бульба,taras-bulba,https://youtu.be/CJMvJ8av-fk,7,Глава 8,3:30:05,3:55:17,12605,14117,25,2855,113,+0,,,,,
,Тарас Бульба,taras-bulba,https://youtu.be/CJMvJ8av-fk,8,Глава 9,3:55:17,4:34:32,14117,16472,39,4081,104,-8,,,,,
,Тарас Бульба,taras-bulba,https://youtu.be/CJMvJ8av-fk,9,Глава 10,4:34:32,4:52:57,16472,17577,18,1899,103,-9,,,,,
,Тарас Бульба,taras-bulba,https://youtu.be/CJMvJ8av-fk,10,Глава 11,4:52:57,5:24:08,17577,19448,31,3555,114,+1,,,,,
,Тарас Бульба,taras-bulba,https://youtu.be/CJMvJ8av-fk,11,Глава 12,5:24:08,5:40:08,19448,20408,16,1993,125,+10,,,,,
,На дне (спектакль),na-dne-spektakl,https://youtu.be/uO_GRxCPbu0,1,Глава 2,0:00:00,0:48:23,0,2903,48,4920,102,+3,,,,,
,На дне (спектакль),na-dne-spektakl,https://youtu.be/uO_GRxCPbu0,2,Глава 3,0:48:23,1:32:52,2903,5572,44,4003,90,-9,,,,,
CHECK,На дне (спектакль),na-dne-spektakl,https://youtu.be/uO_GRxCPbu0,3,Глава 4,1:32:52,2:13:31,5572,8011,41,5008,123,+25,too short for its text - starts too late or ends too early,,,,
,На дне (спектакль),na-dne-spektakl,https://youtu.be/uO_GRxCPbu0,4,Глава 5,2:13:31,2:46:45,8011,10005,33,3161,95,-3,,,,,
,Накануне,nakanune,https://youtu.be/ttJEPOe0ndw,0,Глава 1,0:00:11,0:21:16,11,1276,21,2563,122,+3,,,,,
,Накануне,nakanune,https://youtu.be/ttJEPOe0ndw,1,Глава 2,0:21:16,0:26:30,1276,1590,5,620,118,+0,,,,,
,Накануне,nakanune,https://youtu.be/ttJEPOe0ndw,2,Глава 3,0:26:30,0:34:20,1590,2060,8,914,117,-2,,,,,
,Накануне,nakanune,https://youtu.be/ttJEPOe0ndw,3,Глава 4,0:34:20,0:45:22,2060,2722,11,1330,121,+2,,,,,
,Накануне,nakanune,https://youtu.be/ttJEPOe0ndw,4,Глава 5,0:45:22,0:58:07,2722,3487,13,1467,115,-3,,,,,
,Накануне,nakanune,https://youtu.be/ttJEPOe0ndw,5,Глава 6,0:58:07,1:08:38,3487,4118,11,1242,118,+0,,,,,
,Накануне,nakanune,https://youtu.be/ttJEPOe0ndw,6,Глава 7,1:08:38,1:17:07,4118,4627,8,1044,123,+4,,,,,
,Накануне,nakanune,https://youtu.be/ttJEPOe0ndw,7,Глава 8,1:17:07,1:31:00,4627,5460,14,1500,108,-9,,,,,
,Накануне,nakanune,https://youtu.be/ttJEPOe0ndw,8,Глава 9,1:31:00,1:41:48,5460,6108,11,1137,105,-11,,,,,
CHECK,Накануне,nakanune,https://youtu.be/ttJEPOe0ndw,9,Глава 10,1:41:48,1:56:12,6108,6972,14,1286,89,-25,too long - it has swallowed part of a neighbour,,,,
,Накануне,nakanune,https://youtu.be/ttJEPOe0ndw,10,Глава 11,1:56:12,2:06:57,6972,7617,11,1209,112,-5,,,,,
CHECK,Накануне,nakanune,https://youtu.be/ttJEPOe0ndw,11,Глава 12,2:06:57,2:19:12,7617,8352,12,1181,96,-19,too long - it has swallowed part of a neighbour,,,,
,Накануне,nakanune,https://youtu.be/ttJEPOe0ndw,12,Глава 13,2:19:12,2:26:12,8352,8772,7,711,102,-14,,,,,
CHECK,Накануне,nakanune,https://youtu.be/ttJEPOe0ndw,13,Глава 14,2:26:12,2:38:57,8772,9537,13,1182,93,-22,too long - it has swallowed part of a neighbour,,,,
,Накануне,nakanune,https://youtu.be/ttJEPOe0ndw,14,Глава 15,2:38:57,3:07:55,9537,11275,29,3184,110,-7,,,,,
,Накануне,nakanune,https://youtu.be/ttJEPOe0ndw,15,Глава 16,3:07:55,3:21:52,11275,12112,14,1804,129,+9,,,,,
,Накануне,nakanune,https://youtu.be/ttJEPOe0ndw,16,Глава 17,3:21:52,3:35:26,12112,12926,14,1561,115,-3,,,,,
,Накануне,nakanune,https://youtu.be/ttJEPOe0ndw,17,Глава 18,3:35:26,3:49:11,12926,13751,14,1470,107,-10,,,,,
CHECK,Накануне,nakanune,https://youtu.be/ttJEPOe0ndw,18,Глава 19,3:49:11,3:56:15,13751,14175,7,970,137,+16,too short for its text - starts too late or ends too early,,,,
,Накануне,nakanune,https://youtu.be/ttJEPOe0ndw,19,Глава 20,3:56:15,4:03:24,14175,14604,7,819,115,-3,,,,,
,Накануне,nakanune,https://youtu.be/ttJEPOe0ndw,20,Глава 21,4:03:24,4:07:05,14604,14825,4,446,121,+2,,,,,
,Накануне,nakanune,https://youtu.be/ttJEPOe0ndw,21,Глава 22,4:07:05,4:21:07,14825,15667,14,1700,121,+2,,,,,
,Накануне,nakanune,https://youtu.be/ttJEPOe0ndw,22,Глава 23,4:21:07,4:33:39,15667,16419,13,1577,126,+6,,,,,
,Накануне,nakanune,https://youtu.be/ttJEPOe0ndw,23,Глава 24,4:33:39,4:40:56,16419,16856,7,846,116,-2,,,,,
,Накануне,nakanune,https://youtu.be/ttJEPOe0ndw,24,Глава 25,4:40:56,4:53:02,16856,17582,12,1513,125,+6,,,,,
,Накануне,nakanune,https://youtu.be/ttJEPOe0ndw,25,Глава 26,4:53:02,4:57:22,17582,17842,4,513,118,+0,,,,,
,Накануне,nakanune,https://youtu.be/ttJEPOe0ndw,26,Глава 27,4:57:22,5:01:11,17842,18071,4,454,119,+0,,,,,
,Накануне,nakanune,https://youtu.be/ttJEPOe0ndw,27,Глава 28,5:01:11,5:12:47,18071,18767,12,1488,128,+8,,,,,
,Накануне,nakanune,https://youtu.be/ttJEPOe0ndw,28,Глава 29,5:12:47,5:22:03,18767,19323,9,1258,136,+15,,,,,
,Накануне,nakanune,https://youtu.be/ttJEPOe0ndw,29,Глава 30,5:22:03,5:37:21,19323,20241,15,1877,123,+4,,,,,
,Накануне,nakanune,https://youtu.be/ttJEPOe0ndw,30,Глава 31,5:37:21,5:42:51,20241,20571,6,654,119,+0,,,,,
,Накануне,nakanune,https://youtu.be/ttJEPOe0ndw,31,Глава 32,5:42:51,5:51:59,20571,21119,9,1044,114,-4,,,,,
,Накануне,nakanune,https://youtu.be/ttJEPOe0ndw,32,Глава 33,5:51:59,6:14:23,21119,22463,22,2739,122,+3,,,,,
,Накануне,nakanune,https://youtu.be/ttJEPOe0ndw,33,Глава 34,6:14:23,6:25:57,22463,23157,12,1408,122,+3,,,,,
,Накануне,nakanune,https://youtu.be/ttJEPOe0ndw,34,Глава 35,6:25:57,6:36:26,23157,23786,10,1252,119,+1,,,,,
,Новь,nov,https://youtu.be/Sdxmls9hcL0,0,Глава 1,0:00:38,0:15:33,38,933,15,1758,118,+0,,,,,
,Новь,nov,https://youtu.be/Sdxmls9hcL0,1,Глава 2,0:15:33,0:32:36,933,1956,17,1806,106,-10,,,,,
,Новь,nov,https://youtu.be/Sdxmls9hcL0,2,Глава 3,0:32:36,0:48:15,1956,2895,16,2039,130,+11,,,,,
,Новь,nov,https://youtu.be/Sdxmls9hcL0,3,Глава 4,0:48:15,1:05:05,2895,3905,17,1959,116,-1,,,,,
,Новь,nov,https://youtu.be/Sdxmls9hcL0,4,Глава 5,1:05:05,1:20:30,3905,4830,15,1592,103,-12,,,,,
,Новь,nov,https://youtu.be/Sdxmls9hcL0,5,Глава 6,1:20:30,1:34:11,4830,5651,14,1688,123,+5,,,,,
,Новь,nov,https://youtu.be/Sdxmls9hcL0,6,Глава 7,1:34:11,1:53:03,5651,6783,19,2016,107,-9,,,,,
,Новь,nov,https://youtu.be/Sdxmls9hcL0,7,Глава 8,1:53:03,3:37:33,6783,13053,104,11677,112,-5,,,,,
CHECK,Новь,nov,https://youtu.be/Sdxmls9hcL0,8,Глава 9,3:37:33,3:57:27,13053,14247,20,2913,146,+24,too short for its text - starts too late or ends too early,,,,
,Новь,nov,https://youtu.be/Sdxmls9hcL0,9,Глава 10,3:57:27,4:13:15,14247,15195,16,1861,118,+0,,,,,
,Новь,nov,https://youtu.be/Sdxmls9hcL0,10,Глава 11,4:13:15,4:29:28,15195,16168,16,1676,103,-12,,,,,
CHECK,Новь,nov,https://youtu.be/Sdxmls9hcL0,11,Глава 12,4:29:28,4:44:48,16168,17088,15,1489,97,-18,too long - it has swallowed part of a neighbour,,,,
CHECK,Новь,nov,https://youtu.be/Sdxmls9hcL0,12,Глава 13,4:44:48,5:28:17,17088,19697,43,6068,140,+18,too short for its text - starts too late or ends too early,,,,
,Новь,nov,https://youtu.be/Sdxmls9hcL0,13,Глава 14,5:28:17,6:07:56,19697,22076,40,4778,121,+2,,,,,
,Новь,nov,https://youtu.be/Sdxmls9hcL0,14,Глава 15,6:07:56,6:30:57,22076,23457,23,2990,130,+10,,,,,
,Новь,nov,https://youtu.be/Sdxmls9hcL0,15,Глава 16,6:30:57,7:03:04,23457,25384,32,4077,127,+8,,,,,
,Новь,nov,https://youtu.be/Sdxmls9hcL0,16,Глава 17,7:03:04,7:27:22,25384,26842,24,2582,106,-10,,,,,
,Новь,nov,https://youtu.be/Sdxmls9hcL0,17,Глава 18,7:27:22,7:44:12,26842,27852,17,2108,125,+6,,,,,
,Новь,nov,https://youtu.be/Sdxmls9hcL0,18,Глава 19,7:44:12,8:01:32,27852,28892,17,1993,115,-2,,,,,
,Новь,nov,https://youtu.be/Sdxmls9hcL0,19,Глава 20,8:01:32,8:23:49,28892,30229,22,2679,120,+2,,,,,
,Новь,nov,https://youtu.be/Sdxmls9hcL0,20,Глава 21,8:23:49,8:47:35,30229,31655,24,2901,122,+4,,,,,
,Новь,nov,https://youtu.be/Sdxmls9hcL0,21,Глава 22,8:47:35,9:01:32,31655,32492,14,1618,116,-2,,,,,
,Новь,nov,https://youtu.be/Sdxmls9hcL0,22,Глава 23,9:01:32,9:14:55,32492,33295,13,1679,125,+6,,,,,
,Новь,nov,https://youtu.be/Sdxmls9hcL0,23,Глава 24,9:14:55,9:31:44,33295,34304,17,1990,118,+0,,,,,
,Новь,nov,https://youtu.be/Sdxmls9hcL0,24,Глава 25,9:31:44,9:58:24,34304,35904,27,2860,107,-9,,,,,
,Новь,nov,https://youtu.be/Sdxmls9hcL0,25,Глава 26,9:58:24,10:26:05,35904,37565,28,3311,120,+1,,,,,
,Новь,nov,https://youtu.be/Sdxmls9hcL0,26,Глава 27,10:26:05,10:40:30,37565,38430,14,1633,113,-4,,,,,
CHECK,Новь,nov,https://youtu.be/Sdxmls9hcL0,27,Глава 28,10:40:30,11:02:10,38430,39730,22,1968,91,-23,too long - it has swallowed part of a neighbour,,,,
CHECK,Новь,nov,https://youtu.be/Sdxmls9hcL0,28,Глава 29,11:02:10,11:22:45,39730,40965,21,2822,137,+16,too short for its text - starts too late or ends too early,,,,
,Мать,mat,https://youtu.be/yhzpV9H4dPM,0,Часть первая — I,0:00:13,0:07:46,13,466,8,830,110,-14,,,,,
,Мать,mat,https://youtu.be/yhzpV9H4dPM,1,Часть первая — II,0:07:46,0:13:46,466,826,6,713,119,-7,,,,,
,Мать,mat,https://youtu.be/yhzpV9H4dPM,2,Часть первая — III,0:13:46,0:23:03,826,1383,9,1208,130,+2,,,,,
,Мать,mat,https://youtu.be/yhzpV9H4dPM,3,Часть первая — IV,0:23:03,0:33:07,1383,1987,10,1334,133,+4,,,,,
,Мать,mat,https://youtu.be/yhzpV9H4dPM,4,Часть первая — V,0:33:07,0:44:28,1987,2668,11,1438,127,-1,,,,,
,Мать,mat,https://youtu.be/yhzpV9H4dPM,5,Часть первая — VI,0:44:28,0:57:21,2668,3441,13,1526,118,-7,,,,,
,Мать,mat,https://youtu.be/yhzpV9H4dPM,6,Часть первая — VII,0:57:21,1:11:58,3441,4318,15,1852,127,-1,,,,,
,Мать,mat,https://youtu.be/yhzpV9H4dPM,7,Часть первая — VIII,1:11:58,1:20:31,4318,4831,9,1039,122,-5,,,,,
,Мать,mat,https://youtu.be/yhzpV9H4dPM,8,Часть первая — IX,1:20:31,1:28:19,4831,5299,8,967,124,-3,,,,,
,Мать,mat,https://youtu.be/yhzpV9H4dPM,9,Часть первая — X,1:28:19,1:41:36,5299,6096,13,1563,118,-8,,,,,
,Мать,mat,https://youtu.be/yhzpV9H4dPM,10,Часть первая — XI,1:41:36,1:56:49,6096,7009,15,1859,122,-4,,,,,
,Мать,mat,https://youtu.be/yhzpV9H4dPM,11,Часть первая — XII,1:56:49,2:10:41,7009,7841,14,1757,127,-1,,,,,
,Мать,mat,https://youtu.be/yhzpV9H4dPM,12,Часть первая — XIII,2:10:41,2:19:51,7841,8391,9,1015,111,-13,,,,,
CHECK,Мать,mat,https://youtu.be/yhzpV9H4dPM,13,Часть первая — XIV,2:19:51,2:29:03,8391,8943,9,1415,154,+21,too short for its text - starts too late or ends too early,,,,
,Мать,mat,https://youtu.be/yhzpV9H4dPM,14,Часть первая — XV,2:29:03,2:48:07,8943,10087,19,2673,140,+10,,,,,
,Мать,mat,https://youtu.be/yhzpV9H4dPM,15,Часть первая — XVI,2:48:07,2:59:04,10087,10744,11,1468,134,+5,,,,,
,Мать,mat,https://youtu.be/yhzpV9H4dPM,16,Часть первая — XVII,2:59:04,3:05:35,10744,11135,7,890,137,+7,,,,,
,Мать,mat,https://youtu.be/yhzpV9H4dPM,17,Часть первая — XVIII,3:05:35,3:18:27,11135,11907,13,1603,125,-2,,,,,
,Мать,mat,https://youtu.be/yhzpV9H4dPM,18,Часть первая — XIX,3:18:27,3:27:37,11907,12457,9,1121,122,-4,,,,,
,Мать,mat,https://youtu.be/yhzpV9H4dPM,19,Часть первая — XX,3:27:37,3:41:36,12457,13296,14,1644,118,-8,,,,,
,Мать,mat,https://youtu.be/yhzpV9H4dPM,20,Часть первая — XXI,3:41:36,3:49:43,13296,13783,8,1130,139,+9,,,,,
,Мать,mat,https://youtu.be/yhzpV9H4dPM,21,Часть первая — XXII,3:49:43,3:56:04,13783,14164,6,885,139,+9,,,,,
,Мать,mat,https://youtu.be/yhzpV9H4dPM,22,Часть первая — XXIII,3:56:04,4:14:17,14164,15257,18,2415,133,+4,,,,,
,Мать,mat,https://youtu.be/yhzpV9H4dPM,23,Часть первая — XXIV,4:14:17,4:30:03,15257,16203,16,2145,136,+7,,,,,
,Мать,mat,https://youtu.be/yhzpV9H4dPM,24,Часть первая — XXV,4:30:03,4:51:09,16203,17469,21,3047,144,+13,,,,,
,Мать,mat,https://youtu.be/yhzpV9H4dPM,25,Часть первая — XXVI,4:51:09,5:01:02,17469,18062,10,1311,133,+4,,,,,
,Мать,mat,https://youtu.be/yhzpV9H4dPM,26,Часть первая — XXVII,5:01:02,5:18:50,18062,19130,18,2268,127,+0,,,,,
,Мать,mat,https://youtu.be/yhzpV9H4dPM,27,Часть первая — XXVIII,5:18:50,5:26:13,19130,19573,7,941,127,+0,,,,,
,Мать,mat,https://youtu.be/yhzpV9H4dPM,28,Часть первая — XXIX,5:26:13,5:34:47,19573,20087,9,1040,121,-5,,,,,
,Мать,mat,https://youtu.be/yhzpV9H4dPM,29,Часть вторая — I,5:34:47,5:50:54,20087,21054,16,1996,124,-3,,,,,
,Мать,mat,https://youtu.be/yhzpV9H4dPM,30,Часть вторая — II,5:50:54,6:04:13,21054,21853,13,1796,135,+6,,,,,
,Мать,mat,https://youtu.be/yhzpV9H4dPM,31,Часть вторая — III,6:04:13,6:16:10,21853,22570,12,1583,132,+4,,,,,
,Мать,mat,https://youtu.be/yhzpV9H4dPM,32,Часть вторая — IV,6:16:10,6:23:25,22570,23005,7,969,134,+5,,,,,
,Мать,mat,https://youtu.be/yhzpV9H4dPM,33,Часть вторая — V,6:23:25,6:40:22,23005,24022,17,2198,130,+2,,,,,
,Мать,mat,https://youtu.be/yhzpV9H4dPM,34,Часть вторая — VI,6:40:22,7:02:08,24022,25328,22,2722,125,-2,,,,,
,Мать,mat,https://youtu.be/yhzpV9H4dPM,35,Часть вторая — VII,7:02:08,7:13:54,25328,26034,12,1451,123,-3,,,,,
,Мать,mat,https://youtu.be/yhzpV9H4dPM,36,Часть вторая — VIII,7:13:54,7:20:22,26034,26422,6,793,123,-4,,,,,
,Мать,mat,https://youtu.be/yhzpV9H4dPM,37,Часть вторая — IX,7:20:22,7:34:46,26422,27286,14,1898,132,+3,,,,,
,Мать,mat,https://youtu.be/yhzpV9H4dPM,38,Часть вторая — X,7:34:46,7:47:14,27286,28034,12,1438,115,-9,,,,,
,Мать,mat,https://youtu.be/yhzpV9H4dPM,39,Часть вторая — XI,7:47:14,7:55:57,28034,28557,9,1126,129,+1,,,,,
,Мать,mat,https://youtu.be/yhzpV9H4dPM,40,Часть вторая — XII,7:55:57,8:10:21,28557,29421,14,1767,123,-4,,,,,
,Мать,mat,https://youtu.be/yhzpV9H4dPM,41,Часть вторая — XIII,8:10:21,8:19:26,29421,29966,9,1188,131,+3,,,,,
,Мать,mat,https://youtu.be/yhzpV9H4dPM,42,Часть вторая — XIV,8:19:26,8:30:11,29966,30611,11,1390,129,+1,,,,,
,Мать,mat,https://youtu.be/yhzpV9H4dPM,43,Часть вторая — XV,8:30:11,8:42:13,30611,31333,12,1550,129,+1,,,,,
,Мать,mat,https://youtu.be/yhzpV9H4dPM,44,Часть вторая — XVI,8:42:13,9:00:18,31333,32418,18,2169,120,-6,,,,,
,Мать,mat,https://youtu.be/yhzpV9H4dPM,45,Часть вторая — XVII,9:00:18,9:18:06,32418,33486,18,2222,125,-2,,,,,
,Мать,mat,https://youtu.be/yhzpV9H4dPM,46,Часть вторая — XVIII,9:18:06,9:33:53,33486,34433,16,1997,127,-1,,,,,
,Мать,mat,https://youtu.be/yhzpV9H4dPM,47,Часть вторая — XIX,9:33:53,9:47:17,34433,35237,13,1775,132,+4,,,,,
,Мать,mat,https://youtu.be/yhzpV9H4dPM,48,Часть вторая — XX,9:47:17,9:56:33,35237,35793,9,1238,134,+5,,,,,
,Мать,mat,https://youtu.be/yhzpV9H4dPM,49,Часть вторая — XXI,9:56:33,10:03:17,35793,36197,7,851,126,-1,,,,,
,Мать,mat,https://youtu.be/yhzpV9H4dPM,50,Часть вторая — XXII,10:03:17,10:15:05,36197,36905,12,1502,127,+0,,,,,
,Мать,mat,https://youtu.be/yhzpV9H4dPM,51,Часть вторая — XXIII,10:15:05,10:24:33,36905,37473,9,1355,143,+12,,,,,
,Мать,mat,https://youtu.be/yhzpV9H4dPM,52,Часть вторая — XXIV,10:24:33,10:45:38,37473,38738,21,2773,132,+3,,,,,
,Мать,mat,https://youtu.be/yhzpV9H4dPM,53,Часть вторая — XXV,10:45:38,10:59:41,38738,39581,14,1783,127,+0,,,,,
,Мать,mat,https://youtu.be/yhzpV9H4dPM,54,Часть вторая — XXVI,10:59:41,11:14:45,39581,40485,15,1880,125,-2,,,,,
,Мать,mat,https://youtu.be/yhzpV9H4dPM,55,Часть вторая — XXVII,11:14:45,11:26:12,40485,41172,11,1568,137,+7,,,,,
,Мать,mat,https://youtu.be/yhzpV9H4dPM,56,Часть вторая — XXVIII,11:26:12,11:47:15,41172,42435,21,2781,132,+4,,,,,
,Мать,mat,https://youtu.be/yhzpV9H4dPM,57,Часть вторая — XXIX,11:47:15,11:59:48,42435,43188,13,1766,141,+10,,,,,
,Белые ночи,belye-nochi,https://youtu.be/hwSBw4BZJeo,1,Ночь вторая,0:28:58,1:05:16,1738,3916,36,4602,127,-3,,,,,
,Белые ночи,belye-nochi,https://youtu.be/hwSBw4BZJeo,2,История Настеньки,1:05:16,1:28:27,3916,5307,23,3190,138,+5,,,,,
,Белые ночи,belye-nochi,https://youtu.be/hwSBw4BZJeo,3,Ночь третья,1:28:27,1:45:08,5307,6308,17,2211,133,+1,,,,,
,Белые ночи,belye-nochi,https://youtu.be/hwSBw4BZJeo,4,Ночь четвёртая,1:45:08,2:09:02,6308,7742,24,3124,131,+0,,,,,
CHECK,Белые ночи,belye-nochi,https://youtu.be/hwSBw4BZJeo,5,Утро,2:09:02,2:16:03,7742,8163,7,740,105,-19,too long - it has swallowed part of a neighbour,,,,
,Вишнёвый сад (спектакль),vishnevyy-sad-spektakl,https://youtu.be/eCFnvdfRzDY,0,Глава 1,0:00:00,0:47:53,0,2873,48,4249,89,+11,,,,,
CHECK,Вишнёвый сад (спектакль),vishnevyy-sad-spektakl,https://youtu.be/eCFnvdfRzDY,1,Глава 2,0:47:53,1:34:37,2873,5677,47,3061,65,-18,too long - it has swallowed part of a neighbour,,,,
,Вишнёвый сад (спектакль),vishnevyy-sad-spektakl,https://youtu.be/eCFnvdfRzDY,2,Глава 3,1:34:37,2:14:25,5677,8065,40,3216,81,+1,,,,,
,Вишнёвый сад (спектакль),vishnevyy-sad-spektakl,https://youtu.be/eCFnvdfRzDY,3,Глава 4,2:14:25,2:46:53,8065,10013,32,2567,79,-1,,,,,
CHECK,Крейцерова соната,kreytserova-sonata,https://youtu.be/7TY6XFtFSOQ,0,Глава 1,0:00:32,0:01:24,32,84,1,80,92,-17,too long - it has swallowed part of a neighbour,,,,
,Крейцерова соната,kreytserova-sonata,https://youtu.be/7TY6XFtFSOQ,1,Глава 2,0:01:24,0:14:49,84,889,13,1609,120,+8,,,,,
,Крейцерова соната,kreytserova-sonata,https://youtu.be/7TY6XFtFSOQ,2,Глава 3,0:14:49,0:26:24,889,1584,12,1315,114,+3,,,,,
,Крейцерова соната,kreytserova-sonata,https://youtu.be/7TY6XFtFSOQ,3,Глава 4,0:26:24,0:30:18,1584,1818,4,431,111,+0,,,,,
,Крейцерова соната,kreytserova-sonata,https://youtu.be/7TY6XFtFSOQ,4,Глава 5,0:30:18,0:37:43,1818,2263,7,783,106,-5,,,,,
,Крейцерова соната,kreytserova-sonata,https://youtu.be/7TY6XFtFSOQ,5,Глава 6,0:37:43,0:45:35,2263,2735,8,867,110,+0,,,,,
,Крейцерова соната,kreytserova-sonata,https://youtu.be/7TY6XFtFSOQ,6,Глава 7,0:45:35,0:49:41,2735,2981,4,415,101,-9,,,,,
,Крейцерова соната,kreytserova-sonata,https://youtu.be/7TY6XFtFSOQ,7,Глава 8,0:49:41,0:52:48,2981,3168,3,325,104,-6,,,,,
,Крейцерова соната,kreytserova-sonata,https://youtu.be/7TY6XFtFSOQ,8,Глава 9,0:52:48,0:56:20,3168,3380,4,366,104,-6,,,,,
,Крейцерова соната,kreytserova-sonata,https://youtu.be/7TY6XFtFSOQ,9,Глава 10,0:56:20,1:01:40,3380,3700,5,545,102,-8,,,,,
,Крейцерова соната,kreytserova-sonata,https://youtu.be/7TY6XFtFSOQ,10,Глава 11,1:01:40,1:05:47,3700,3947,4,424,103,-7,,,,,
,Крейцерова соната,kreytserova-sonata,https://youtu.be/7TY6XFtFSOQ,11,Глава 12,1:05:47,1:16:09,3947,4569,10,1163,112,+1,,,,,
,Крейцерова соната,kreytserova-sonata,https://youtu.be/7TY6XFtFSOQ,12,Глава 13,1:16:09,1:24:38,4569,5078,8,924,109,-2,,,,,
,Крейцерова соната,kreytserova-sonata,https://youtu.be/7TY6XFtFSOQ,13,Глава 14,1:24:38,1:32:56,5078,5576,8,929,112,+1,,,,,
,Крейцерова соната,kreytserova-sonata,https://youtu.be/7TY6XFtFSOQ,14,Глава 15,1:32:56,1:40:47,5576,6047,8,888,113,+2,,,,,
,Крейцерова соната,kreytserova-sonata,https://youtu.be/7TY6XFtFSOQ,15,Глава 16,1:40:47,1:46:39,6047,6399,6,695,118,+7,,,,,
,Крейцерова соната,kreytserova-sonata,https://youtu.be/7TY6XFtFSOQ,16,Глава 17,1:46:39,1:57:25,6399,7045,11,1276,119,+7,,,,,
,Крейцерова соната,kreytserova-sonata,https://youtu.be/7TY6XFtFSOQ,17,Глава 18,1:57:25,2:03:36,7045,7416,6,698,113,+2,,,,,
,Крейцерова соната,kreytserova-sonata,https://youtu.be/7TY6XFtFSOQ,18,Глава 19,2:03:36,2:08:37,7416,7717,5,497,99,-10,,,,,
,Крейцерова соната,kreytserova-sonata,https://youtu.be/7TY6XFtFSOQ,19,Глава 20,2:08:37,2:17:00,7717,8220,8,959,114,+3,,,,,
,Крейцерова соната,kreytserova-sonata,https://youtu.be/7TY6XFtFSOQ,20,Глава 21,2:17:00,2:25:42,8220,8742,9,1042,120,+8,,,,,
,Крейцерова соната,kreytserova-sonata,https://youtu.be/7TY6XFtFSOQ,21,Глава 22,2:25:42,2:41:33,8742,9693,16,1843,116,+5,,,,,
,Крейцерова соната,kreytserova-sonata,https://youtu.be/7TY6XFtFSOQ,22,Глава 23,2:41:33,2:49:34,9693,10174,8,916,114,+3,,,,,
,Крейцерова соната,kreytserova-sonata,https://youtu.be/7TY6XFtFSOQ,23,Глава 24,2:49:34,3:00:07,10174,10807,11,1102,104,-6,,,,,
,Крейцерова соната,kreytserova-sonata,https://youtu.be/7TY6XFtFSOQ,24,Глава 25,3:00:07,3:06:45,10807,11205,7,734,111,+0,,,,,
,Крейцерова соната,kreytserova-sonata,https://youtu.be/7TY6XFtFSOQ,25,Глава 26,3:06:45,3:19:09,11205,11949,12,1408,114,+3,,,,,
,Крейцерова соната,kreytserova-sonata,https://youtu.be/7TY6XFtFSOQ,26,Глава 27,3:19:09,3:30:03,11949,12603,11,1175,108,-3,,,,,
,Крейцерова соната,kreytserova-sonata,https://youtu.be/7TY6XFtFSOQ,27,Глава 28,3:30:03,3:45:25,12603,13525,15,1733,113,+2,,,,,
,Крейцерова соната,kreytserova-sonata,https://youtu.be/7TY6XFtFSOQ,28,Глава 29,3:45:25,3:52:16,13525,13936,7,721,105,-5,,,,,
CHECK,Мёртвые души,myortvye-dushi,https://youtu.be/yx-95Wr-P5U,0,Глава 1,0:05:42,0:34:44,342,2084,29,3798,131,+16,too short for its text - starts too late or ends too early,,,,
,Мёртвые души,myortvye-dushi,https://youtu.be/yx-95Wr-P5U,1,Глава 2,0:34:44,1:30:31,2084,5431,56,6348,114,+1,,,,,
,Мёртвые души,myortvye-dushi,https://youtu.be/yx-95Wr-P5U,2,Глава 3,1:30:31,2:24:51,5431,8691,54,6640,122,+8,,,,,
,Мёртвые души,myortvye-dushi,https://youtu.be/yx-95Wr-P5U,3,Глава 4,2:24:51,3:37:12,8691,13032,72,8643,119,+6,,,,,
,Мёртвые души,myortvye-dushi,https://youtu.be/yx-95Wr-P5U,4,Глава 5,3:37:12,4:36:46,13032,16606,60,6632,111,-1,,,,,
,Мёртвые души,myortvye-dushi,https://youtu.be/yx-95Wr-P5U,5,Глава 6,4:36:46,5:43:17,16606,20597,67,7321,110,-3,,,,,
,Мёртвые души,myortvye-dushi,https://youtu.be/yx-95Wr-P5U,6,Глава 7,5:43:17,6:42:55,20597,24175,60,6740,113,+0,,,,,
,Мёртвые души,myortvye-dushi,https://youtu.be/yx-95Wr-P5U,7,Глава 8,6:42:55,7:56:31,24175,28591,74,7878,107,-5,,,,,
,Мёртвые души,myortvye-dushi,https://youtu.be/yx-95Wr-P5U,8,Глава 9,7:56:31,8:58:57,28591,32337,62,6116,98,-13,,,,,
,Мёртвые души,myortvye-dushi,https://youtu.be/yx-95Wr-P5U,9,Глава 10,8:58:57,9:50:30,32337,35430,52,6400,124,+10,,,,,
,Мёртвые души,myortvye-dushi,https://youtu.be/yx-95Wr-P5U,10,Глава 11,9:50:30,11:33:40,35430,41620,103,10862,105,-7,,,,,
,Дым,dym,https://youtu.be/ypv0CvWL3Kk,0,Глава 1,0:01:38,0:09:45,98,585,8,913,112,+1,,,,,
,Дым,dym,https://youtu.be/ypv0CvWL3Kk,1,Глава 2,0:09:45,0:18:08,585,1088,8,953,114,+2,,,,,
CHECK,Дым,dym,https://youtu.be/ypv0CvWL3Kk,2,Глава 3,0:18:08,0:32:39,1088,1959,15,1358,94,-16,too long - it has swallowed part of a neighbour,,,,
,Дым,dym,https://youtu.be/ypv0CvWL3Kk,3,Глава 4,0:32:39,0:56:57,1959,3417,24,2525,104,-6,,,,,
,Дым,dym,https://youtu.be/ypv0CvWL3Kk,4,Глава 5,0:56:57,1:26:00,3417,5160,29,3234,111,+0,,,,,
,Дым,dym,https://youtu.be/ypv0CvWL3Kk,5,Глава 6,1:26:00,1:32:30,5160,5550,6,742,114,+3,,,,,
,Дым,dym,https://youtu.be/ypv0CvWL3Kk,6,Глава 7,1:32:30,1:54:52,5550,6892,22,2404,107,-3,,,,,
,Дым,dym,https://youtu.be/ypv0CvWL3Kk,7,Глава 8,1:54:52,3:02:34,6892,10954,68,7167,106,-5,,,,,
,Дым,dym,https://youtu.be/ypv0CvWL3Kk,8,Глава 9,3:02:34,4:35:26,10954,16526,93,10104,109,-2,,,,,
,Дым,dym,https://youtu.be/ypv0CvWL3Kk,9,Глава 10,4:35:26,6:29:48,16526,23388,114,13490,118,+6,,,,,
,Дым,dym,https://youtu.be/ypv0CvWL3Kk,10,Глава 11,6:29:48,6:47:19,23388,24439,18,2116,121,+9,,,,,
,Дым,dym,https://youtu.be/ypv0CvWL3Kk,11,Глава 12,6:47:19,7:42:30,24439,27750,55,6106,111,+0,,,,,
,Мужики,muzhiki,https://youtu.be/8q0TTfdCnlU,0,Глава 1,0:00:57,0:11:46,57,706,11,1342,124,+0,,,,,
,Мужики,muzhiki,https://youtu.be/8q0TTfdCnlU,1,Глава 2,0:11:46,0:15:56,706,956,4,499,120,-3,,,,,
,Мужики,muzhiki,https://youtu.be/8q0TTfdCnlU,2,Глава 3,0:15:56,0:24:18,956,1458,8,1004,120,-3,,,,,
,Мужики,muzhiki,https://youtu.be/8q0TTfdCnlU,3,Глава 4,0:24:18,0:32:57,1458,1977,9,1070,124,+0,,,,,
,Мужики,muzhiki,https://youtu.be/8q0TTfdCnlU,4,Глава 5,0:32:57,0:42:58,1977,2578,10,1229,123,-1,,,,,
,Мужики,muzhiki,https://youtu.be/8q0TTfdCnlU,5,Глава 6,0:42:58,0:51:31,2578,3091,9,1188,139,+12,,,,,
,Мужики,muzhiki,https://youtu.be/8q0TTfdCnlU,6,Глава 7,0:51:31,1:00:40,3091,3640,9,1187,130,+5,,,,,
,Мужики,muzhiki,https://youtu.be/8q0TTfdCnlU,7,Глава 8,1:00:40,1:09:32,3640,4172,9,1124,127,+2,,,,,
CHECK,Мужики,muzhiki,https://youtu.be/8q0TTfdCnlU,8,Глава 9,1:09:32,1:17:53,4172,4673,8,873,105,-15,too long - it has swallowed part of a neighbour,,,,
